File,label,score
DE_2024_6db3875f80ef222bd1ae7b98c10633b5.html.gz,HUMAN,0.1957908540978317
DE_2024_bb87a04af63538a5dfe58c1b82f165cc.html.gz,HUMAN,0.2517817436835668
DE_2024_e96aafb01f925ad1b7f7c5a84493676f.html.gz,HUMAN,0.3942148490009953
DE_2024_fbde1a7a19376fd8091df057cf9f5127.html.gz,HUMAN,0.4984374429279274
DE_2024_fdd71c99cf35065049be079abec071eb.html.gz,HUMAN,0.3479396042712561
