File,label,score
ID_2024_44ee7381ddc3061aa0dbe2bda3aff260.html.gz,HUMAN,0.21910594334210745
ID_2024_1b70613c4c5405e58c0a6ec4f3c80c45.html.gz,HUMAN,0.1875010314516694
ID_2024_03ab73ffa1493f89eb9d4a4f4dc4fca5.html.gz,HUMAN,0.46659239943110076
ID_2024_714a21265d7b66401a83b25c85489422.html.gz,HUMAN,0.2771166523592661
ID_2024_6a5ba5f84f3d5db66fa39d3ae0d390cb.html.gz,HUMAN,0.2803308420424108
ID_2024_7c107b0be8a117654139e17b4e7623c3.html.gz,HUMAN,0.19113152983489085
ID_2024_df70aa488a1f039664d47118e01441c2.html.gz,HUMAN,0.2073962120048014
ID_2024_eb5cd266e02f51ab3663d615f0f09f6c.html.gz,HUMAN,0.18792747085906022
