File,label,score
NJ_2024_f2bb8943ac9ecbabbe29cc0ecce492eb.html.gz,HUMAN,0.1974454970509473
NJ_2024_747bcec29a8761c1cb2b0a92b898d2f0.html.gz,HUMAN,0.19230038924281245
NJ_2024_58719f2587e59e714e988a3a23113ef0.html.gz,HUMAN,0.18755554941600652
