File,label,score
PA_2024_88d4e30a504117688074c08e666b4f6d.html.gz,AI,0.9999999999827796
PA_2024_84c851cb993115f9630821fefbf2b673.html.gz,HUMAN,0.31413895820330895
PA_2024_fd59700a5ed8a54e74f10a8cb4a42c61.html.gz,HUMAN,0.1910744926042272
