File,label,score
VA_2024_8fb2462d1223b4072322e71367a25fc8.html.gz,HUMAN,0.23642514178737953
VA_2024_ed99c6c159e879f7230e387f05c64066.html.gz,HUMAN,0.2581337737039985
