File,label,score
WI_2024_35ad82e7eeb4346f3cd72cdc3e3e6c38.html.gz,HUMAN,0.18966081011964203
WI_2024_ca33e60a9817792caba32a42df40cd49.html.gz,AI,0.9476900162046665
