File,label,score
VT_2024_4212c9f23f9d9a36bc7843c2a5c63f65.html.gz,HUMAN,0.22161266769388033
VT_2024_317d4c613ede7b1c16d4931f0d30a372.html.gz,AI,0.5576983558285006
