File,label,score
NY_2024_1785213f889c5a8f55f8fdf37bf7be49.html.gz,HUMAN,0.29375351810045647
NY_2024_9887241f28596b5c7e43e713eb3d5134.html.gz,HUMAN,0.19894595222127553
NY_2024_864cc824b725dca7920cc409c59d564e.html.gz,HUMAN,0.23244477927609586
NY_2024_fc07dd4f4c7b10f6163f624d93a4644d.html.gz,HUMAN,0.19894595222127553
