File,label,score
DC_2024_123e4dcb933098e257fed026bce73467.html.gz,HUMAN,0.1982353243455415
DC_2024_1b968174c81dd4bfb4fa74d23b4fd1e0.html.gz,HUMAN,0.18963882635191875
DC_2024_21d80f4cde382b13df58c22b14f67eaf.html.gz,HUMAN,0.1997419318455286
DC_2024_24df528921a43c7b95864bf8bac5c475.html.gz,HUMAN,0.18753386437014988
DC_2024_453cf764cf2368359ceabb85787d2324.html.gz,AI,0.5607874808295585
DC_2024_a473dcd2c31bea42e4cd79fdf4e896b7.html.gz,HUMAN,0.42288164490011265
DC_2024_c1de80a76a2acb881dd568723cc5ffe3.html.gz,HUMAN,0.18869189881417592
DC_2024_dac347265a527fd00c314cc3ede4a247.html.gz,HUMAN,0.1930750016438885
