File,label,score
NH_2024_1321a791d49514a6bd2f2165843ee1b0.html.gz,HUMAN,0.2225693164465492
NH_2024_9b7179121cb4c74e4f91c22c5bd1c558.html.gz,HUMAN,0.25307764941760813
NH_2024_5d9bfdd96ad869196367fd879a7be573.html.gz,AI,0.8105139125426387
NH_2024_bd6693848de1599163d66b1e7f149320.html.gz,AI,0.5575321485698715
