File,label,score
OH_2024_0343cca61b2c9b9675736a7cbb74dc19.html.gz,HUMAN,0.2758475401113619
OH_2024_81a6f490eb12ac2d3893cad38b54b037.html.gz,HUMAN,0.18801547594621046
