File,label,score
MD_2024_35a9c517099f627b840d2727e2490b66.html.gz,HUMAN,0.3654618621027608
MD_2024_28cdb5fdfb3acee5858ce46c23b6cd79.html.gz,HUMAN,0.22522970745353346
MD_2024_1768e81e8e54abe72a62ea7bb69bd452.html.gz,AI,0.9852432221243101
MD_2024_6f1827650e042c86319f49f5bde85608.html.gz,HUMAN,0.4266761889238439
MD_2024_405eab06d91c733aaa5a89b4f8c32340.html.gz,HUMAN,0.46249438961757994
MD_2024_60d58d84e7d50c7754a6026faa61a31c.html.gz,HUMAN,0.20860521699367576
MD_2024_d66e9444021ba95a81720a080bb8c774.html.gz,HUMAN,0.1878108203899895
