File,label,score
CT_2024_1b9fac5d7c812258dcbf3e92d819fb32.html.gz,HUMAN,0.24973677085856036
CT_2024_8e8a6958587bdcddeacb7de7281c77a5.html.gz,HUMAN,0.233568709891118
CT_2024_b0882e081d21ec2b479995b4cf0f7d61.html.gz,HUMAN,0.22690610892603885
CT_2024_ed1063300257e7d6697507b27fa0fe7a.html.gz,HUMAN,0.23221488189053172
CT_2024_e564fab15c44ae1d3a482bcef66d3751.html.gz,HUMAN,0.20582286808798853
