File,label,score
ND_2024_91447885b3eaaf4fbdfc8af6b1b11db4.html.gz,HUMAN,0.2619713308859485
ND_2024_53c5c5c8596076810cc3fe30a31f1727.html.gz,HUMAN,0.18855548284713555
ND_2024_9e97f25a9bede0cc72610ced9d90a133.html.gz,HUMAN,0.2958205807508698
ND_2024_d4b368cbded30cb3a3503418c6c784e9.html.gz,HUMAN,0.1942757296885564
ND_2024_ddf04bc95dd093326beb72acfbdf7274.html.gz,HUMAN,0.19553036937224905
