File,label,score
FL_2024_af19125c1add310f54564f9af35d3a43.html.gz,HUMAN,0.19415802172255422
FL_2024_6f8764dd79e94ec615e3f32f526023d7.html.gz,HUMAN,0.19500447104486013
