File,label,score
TN_2024_6408b73099bc7878ff7ab5be58e1c19d.html.gz,HUMAN,0.23668252598270104
TN_2024_8414f353739750dd41536c4d637ae972.html.gz,HUMAN,0.29346713356243925
TN_2024_b18b53027d7d38ddd231393329e4f676.html.gz,AI,0.5338498739031521
TN_2024_d801b212f7a74c60a5db85bde6320f7b.html.gz,HUMAN,0.1900895179178284
