File,label,score
RI_2024_84cbe03e9588855cf85c8687ab508034.html.gz,HUMAN,0.3830046163373546
RI_2024_d3043e6a3a35990b6fb20afdb79b44c1.html.gz,AI,0.7005113632635612
