File,label,score
OR_2024_17e3e13163f9ecd5273e2e88e52466e8.html.gz,HUMAN,0.199876746205551
OR_2024_54d116ac726ec7cb0acecce9a9090f0f.html.gz,HUMAN,0.198894136128376
