File,label,score
ME_2024_74cc70f3d556cbb69d01c1082d761885.html.gz,HUMAN,0.22943034958164482
ME_2024_15121b0d0bf2a6f974a3da569001efaf.html.gz,HUMAN,0.3643993390580678
ME_2024_6ab0ee5dd829c8eb4df2691529025145.html.gz,HUMAN,0.4926860563551228
ME_2024_bb32465d933e4503069a66a1a40e96c1.html.gz,HUMAN,0.19032218151687375
ME_2024_c999f5215f37164d9782a8e7cab9c42c.html.gz,HUMAN,0.20970492031575366
