File,label,score
CA_2024_3ac93c3d5b487c6486347f759f9b2044.html.gz,AI,0.6679393707853355
CA_2024_a63f0057470a08bf6abc1bc79dc82d96.html.gz,AI,0.7817192329819345
