File,label,score
AL_2021_bb7520764a3ec629c2ab86883e44a862.html.gz,HUMAN,0.2528547380050893
AL_2021_0738ff5c02cdb5239bb42aa54ecd64b8.html.gz,HUMAN,0.20243926724649208
