File,label,score
KS_2021_63ab68d991b96962ec5796e9bac9bd81.html.gz,HUMAN,0.18758030670691114
KS_2021_ba2497638d179d529b5e6d48b4422b6a.html.gz,HUMAN,0.188510696811447
KS_2021_76e4a562ddd174bac9a588f3d832150e.html.gz,HUMAN,0.19212283835908173
