File,label,score
NJ_2021_a02df2ea2a651c594882faf18e041550.html.gz,HUMAN,0.2946504287728383
NJ_2021_fe6ad616ce9b4017f4c7cda0ed4e121c.html.gz,HUMAN,0.21850266184747935
NJ_2021_ac03c646859ea597230c46e9ec216335.html.gz,HUMAN,0.21327885684390635
