File,label,score
CO_2021_31683c1a7824b1274a90e69de35d4e68.html.gz,HUMAN,0.41508682124577956
CO_2021_2a90e4a19f6361c47fc4066d8695fa38.html.gz,HUMAN,0.1953620623513704
CO_2021_015a9f17badfb22d9a19812e48badb29.html.gz,HUMAN,0.4597636232536946
CO_2021_364700fe9be0f5c150362bfd0f26ede9.html.gz,HUMAN,0.1964642610961439
CO_2021_16063b37b1197b2468f0390a309cd86a.html.gz,HUMAN,0.19364152422743142
CO_2021_6e9048863bc5041f3c13a0fcf3f36501.html.gz,HUMAN,0.2411840280064224
CO_2021_73fea38ac6f87d0fbadbfb6fa5899d89.html.gz,HUMAN,0.18805509442845353
CO_2021_7f79e4878dd91d95222921cd3fcd205f.html.gz,HUMAN,0.1922346061609086
CO_2021_ff6753f700dc8b7e14870d10872fe818.html.gz,HUMAN,0.1883303948940657
