File,label,score
MA_2021_23a0bd405180a17b2c14897a8e1746de.html.gz,HUMAN,0.18881800173016203
MA_2021_0213ceb5dff3e7f37fda71dfe2a313d0.html.gz,HUMAN,0.3813166178395368
MA_2021_70ae4d251eef6dc7c6892176cbd06647.html.gz,HUMAN,0.19279362690364701
MA_2021_5433ccb8c765676be448b7777e379f8c.html.gz,HUMAN,0.18788305258356922
