File,label,score
AZ_2021_809994374b3857599815730b810be094.html.gz,HUMAN,0.30608401027398874
AZ_2021_5f0ccb66b6decc6e264f379c41651fa8.html.gz,HUMAN,0.3321552313984913
AZ_2021_35912ecdca052a4e18e6baa9181dd2fe.html.gz,AI,0.7850967508397177
AZ_2021_7e6ca0a324f682c8f2f3c4b120dced83.html.gz,HUMAN,0.19694980186721142
