File,label,score
MO_2021_721388bc40804d83ca1c720235cabfaa.html.gz,HUMAN,0.1879938896882474
MO_2021_9876d16a16aedd6f334c9892f4bc3079.html.gz,HUMAN,0.18848068348629554
MO_2021_74ab6cbc0697816a1afb028b7b34c9b3.html.gz,HUMAN,0.24107535001232852
MO_2021_9584f90a77a302a781718ebb21c2aa9a.html.gz,HUMAN,0.1958596902853184
MO_2021_2b3c7aa4517e32db26cdabcd20549079.html.gz,HUMAN,0.4014374765912843
MO_2021_a7fad26fcbab34508d97b0f43f1c9620.html.gz,AI,0.5629418529453434
MO_2021_9f11128fcb579a7fa079b5a71a7cb751.html.gz,HUMAN,0.20884587749229114
MO_2021_f9b4ea67768fee2565d9c2f87b9e8da6.html.gz,HUMAN,0.19836107490352353
