File,label,score
ID_2021_efa09c9320e4fb9b54927235aef0c584.html.gz,HUMAN,0.20932157642206545
ID_2021_d88184544833480aafb39868b8f09312.html.gz,HUMAN,0.199849720317692
ID_2021_39a625c0ea921d35c560335c71c87fc5.html.gz,HUMAN,0.4912246119933255
ID_2021_1aa47e84a9dbe57ea12629e3655a6bb2.html.gz,HUMAN,0.2363811006208381
