File,label,score
NM_2021_cfd5fa22638aa1ebf97f73e7e90673e3.html.gz,HUMAN,0.18810116833158494
NM_2021_8da1d4044a038281e3b804f5464a02e7.html.gz,HUMAN,0.18875837404337523
NM_2021_a3ac01b871d75bbe22fb10812c90de4d.html.gz,HUMAN,0.2873838988684936
