File,label,score
IN_2021_379aac28f1fd998e84ac0c8ac9507818.html.gz,HUMAN,0.19382767962495479
IN_2021_b98ccdf952698446ac29753e9f78604d.html.gz,HUMAN,0.29619459976937
IN_2021_02413042c58218bf8e3854e83ff753f6.html.gz,HUMAN,0.22433026536560177
IN_2021_9fa9b233bcd3e67898165ff18ae4b3ac.html.gz,HUMAN,0.4152412450064697
