File,label,score
MD_2021_1e32cf59134d91da53f22508e6d98c76.html.gz,HUMAN,0.19163488008989238
MD_2021_3bcc5463988f3e97b65d09eba8e64ba6.html.gz,HUMAN,0.2958072180674205
