File,label,score
HI_2021_c27b54c4bd20641246ee2338525e1764.html.gz,HUMAN,0.19400273783265767
HI_2021_76b88687466cec11d76cf990069e4a1d.html.gz,AI,0.6332743898581912
