File,label,score
OK_2021_98c6e8945bca3915bf8bf746c4f4c8a4.html.gz,HUMAN,0.1965525428762775
OK_2021_c3cf73f146e724cdad117fda0a847681.html.gz,HUMAN,0.1933430777102606
OK_2021_9b8ab48ac6cd4bf68ea7d50fb9d06ceb.html.gz,HUMAN,0.1905274550047809
OK_2021_2633f1a6eae4c97a27e2034a4c6f3d82.html.gz,HUMAN,0.18955201665386903
OK_2021_ad70b827bfd6d889d7c0c0c0be782e14.html.gz,HUMAN,0.19022226945509446
