File,label,score
MI_2021_24b7df6b895cd3cebaffa123ce2b3000.html.gz,HUMAN,0.2036888013923442
MI_2021_385f3f32579ff498963a40a837d99eff.html.gz,HUMAN,0.19253429030236613
MI_2021_e809a46324565f4866d783dbcb981334.html.gz,HUMAN,0.18766750139197294
MI_2021_f0ce008888974561fb1cc59804722ce8.html.gz,HUMAN,0.32118030772579603
MI_2021_35b642df9faf4b7fe5a3ed9adcce92ff.html.gz,HUMAN,0.37854241956695966
