File,label,score
TX_2021_7d35020e851eedb9caa70e6e2e821919.html.gz,HUMAN,0.48196131639418965
TX_2021_7b45077224c36d6821cada77f68c669d.html.gz,AI,0.5927807467060238
TX_2021_b6e4e7c0f3ff83333d4f182642fe551b.html.gz,HUMAN,0.39507109100872895
TX_2021_1876cc70390b3bc657e4af331c161c6b.html.gz,HUMAN,0.18790774461574306
TX_2021_8a66f75250a6829c2e0e75960504d02e.html.gz,HUMAN,0.1932702889470245
