File,label,score
VA_2021_3a56b32399d0e8ae50488cce2d6fa92e.html.gz,HUMAN,0.27722373377363757
VA_2021_f89202d91a0ae55c2b4e703540f59a0f.html.gz,HUMAN,0.21550817459378943
VA_2021_1b7ff3dd2a028663b980b181661f8579.html.gz,HUMAN,0.19697001658388819
VA_2021_9a257208e0825c104b84b61028d90b6b.html.gz,HUMAN,0.473529102799624
