File,label,score
NV_2021_71f53c49b37eac6bec0d411897c0ff62.html.gz,HUMAN,0.18793177895817953
NV_2021_4d7a1831b3e37de7f45b9c6ca0fbee3b.html.gz,HUMAN,0.2073486055700838
NV_2021_4e9fbcbfbea01bdef5def6cec5cd24b9.html.gz,HUMAN,0.48838515391037424
NV_2021_9511c6f74fb3bd903729edceb3cef71a.html.gz,HUMAN,0.1884648224874414
NV_2021_83f3a6cc31688a62bec2fe028bb54a8d.html.gz,HUMAN,0.23621905160695086
NV_2021_9e4c205c6d0908389533792f66a0433b.html.gz,HUMAN,0.21793819800273567
NV_2021_a8aa7a88a265f163f942ef4d73f2c16b.html.gz,HUMAN,0.19136222376569256
