File,label,score
NH_2021_9ba8ecebd5bd4fc03943397f2afee53d.html.gz,HUMAN,0.2873838988684936
NH_2021_f62a36960d1366e3379bd57da0deacec.html.gz,HUMAN,0.3953839363826657
