File,label,score
AR_2021_314e143879ae14f16d577a2eff991451.html.gz,HUMAN,0.19163488008989238
AR_2021_e1d9b6b23c87630250d1223201ce496c.html.gz,HUMAN,0.24118014433722915
AR_2021_204e82af5693a1ce90e15de12cc94ab5.html.gz,HUMAN,0.18805509442845353
