File,label,score
SC_2021_79b5cc745e96faa6913c9ff9765f2108.html.gz,HUMAN,0.204516732479991
SC_2021_8f8398020eb72b965a7577eb7d6d571c.html.gz,HUMAN,0.19220188869844707
SC_2021_e7b9f0a8780aee11ba9f91f5fd193aee.html.gz,AI,0.6052145984148571
SC_2021_36d846b46a77dcc56490cecb436acab0.html.gz,HUMAN,0.2341372991393801
SC_2021_209faa7603eb895fdd165ac44318f628.html.gz,HUMAN,0.34052874577808057
