File,label,score
IA_2021_014d52984eca429a1d6494a0429e7567.html.gz,HUMAN,0.18784605524765366
IA_2021_6a18592313fe906a4cfc606197542c2f.html.gz,HUMAN,0.27339927125703456
IA_2021_db2c8d70fa18dd94b918e47c09dcc7c2.html.gz,AI,0.9020008080661002
IA_2021_bfb5063137feb8d4730f044a998cc2e0.html.gz,HUMAN,0.18881800173016203
IA_2021_7b71e8628f0bf1b4939ef4476e6afcff.html.gz,HUMAN,0.25831801759371875
