File,label,score
LA_2021_6ffed5173cdb883bcd3eb0cddabb5d67.html.gz,HUMAN,0.2575269410944216
LA_2021_bb19a52c6f5e2dd5c967f6eb29d87831.html.gz,HUMAN,0.2312199202303839
LA_2021_92ef5bd0030b4932b28d7af7263f8b9e.html.gz,HUMAN,0.24688190031500215
LA_2021_41a5c8f072b107182b2d21bf13110536.html.gz,HUMAN,0.19559806995992624
LA_2021_1f4e460ef8136114d2110cd2ceb2220f.html.gz,HUMAN,0.24131228522351117
LA_2021_d2c1fe6040c174aee33b042fc2e60bfb.html.gz,HUMAN,0.20785871536055836
LA_2021_f77ebf4f6e9edad5594166a9f012134a.html.gz,HUMAN,0.18756416784594201
LA_2021_d967bcb051c188fe0b5605da9f3eadf3.html.gz,HUMAN,0.3447370347660154
