File,label,score
MI_2021_29a665fdd47e5e583b032cc34b8deb1b.html.gz,HUMAN,0.1879892963749532
MI_2021_34f3f0475217e6a9938f219d1cf6aedc.html.gz,HUMAN,0.20619729510859033
MI_2021_88d7d6c50135b0c3abdcb66da09dcaa9.html.gz,HUMAN,0.1971383119423703
MI_2021_56e703db75d3f921587d1eefe7adda75.html.gz,HUMAN,0.18945795497698328
MI_2021_5f267a0ba1e906f6af42d8db83b58c86.html.gz,HUMAN,0.46590333530331085
MI_2021_cddad4ea3cf143b8be9cda1349c6df1b.html.gz,AI,0.5259447053211412
MI_2021_fe3a46918b309c05a7c7d6db9e6569c9.html.gz,HUMAN,0.19581578513023426
