File,label,score
ME_2021_ee7194d8489ca43d2e985a037659fd18.html.gz,HUMAN,0.2752031460172542
ME_2021_0fec715ee12711cb0a37afc0c0106c67.html.gz,HUMAN,0.2210407849904769
ME_2021_055534941435976785b86c41e74668aa.html.gz,AI,0.7795335821404372
