File,label,score
KY_2021_12b9a9da758885b7fd1c69a4de23ddbe.html.gz,HUMAN,0.396997886330105
KY_2021_7897dc5dadca9dd53b11da34fb78768c.html.gz,HUMAN,0.3774319653784908
KY_2021_05e2233a4f2ac0c218317c1825246ef6.html.gz,HUMAN,0.22675717313999053
KY_2021_3fe2c1140441bbe372f49a44abd90d3a.html.gz,HUMAN,0.18953207130518568
KY_2021_92a0c275f960bf86809fa78757cb5e19.html.gz,HUMAN,0.24420067517735278
KY_2021_939799832c2ebbbe3c54c09966854e40.html.gz,HUMAN,0.19786271712344386
KY_2021_a118c512ac045fb18c06f2a094725eb2.html.gz,HUMAN,0.29747326637058435
KY_2021_b90e69a8527620bf5d087202e7d3ca40.html.gz,HUMAN,0.21343521985091377
KY_2021_dfaf9439046f7deff8e3745094e01bfb.html.gz,HUMAN,0.2586319237856742
