File,label,score
SD_2021_6f47e38a503f3d591b41fbb3e6200232.html.gz,HUMAN,0.2351720958078435
SD_2021_ac0203c3dd13a460a232f0b367d6a5c2.html.gz,HUMAN,0.19531661050325116
