File,label,score
CA_2021_392838e9c1296b37621a6358139df1e7.html.gz,HUMAN,0.19637016723692327
CA_2021_e404aa24627cbbde0932cfc1f0623c04.html.gz,HUMAN,0.21922584538183276
CA_2021_7cb2c39e193a58c251941db3b179afe4.html.gz,HUMAN,0.19029703336123346
