File,label,score
VA_2021_2afcf0794a6da5847adc706e91b47d18.html.gz,HUMAN,0.1982353243455415
VA_2021_37766a99f4862dc08fd426b5e5de9138.html.gz,HUMAN,0.18787428466731387
VA_2021_2324e8eeb196f39c2e6744e52b7f61b9.html.gz,HUMAN,0.21983716054817207
