File,label,score
AK_2021_675d005998b8f724814e5977c3bcd528.html.gz,HUMAN,0.20992859496146019
AK_2021_d12d3015590722a82503d6de04ab8df8.html.gz,HUMAN,0.18792181319597087
AK_2021_fa87ede2fbb259b9df7483d28b1f4f52.html.gz,HUMAN,0.47775495930393075
AK_2021_ac9bc3ce227d134cc8693b260e42d169.html.gz,HUMAN,0.3079396967862011
