File,label,score
OR_2021_044bd521ec30dcaf297ba895ef861c02.html.gz,HUMAN,0.1967632482093821
OR_2021_452f131ce05dd9261ed0d2fa70deaf03.html.gz,HUMAN,0.19336387442248
OR_2021_7a7dc474d84a22267547aed55143d95a.html.gz,HUMAN,0.21074565056157193
OR_2021_56232462b37ab65078f3f08b760936e0.html.gz,AI,0.5079222383305287
OR_2021_5a27a407d1ec6e0abfa05c847848dfc4.html.gz,HUMAN,0.2904433211951525
OR_2021_fe227cec019ca9288128c4275aec06d8.html.gz,HUMAN,0.2535002754501107
OR_2021_db3105ee95b1f8568034900df2ea4004.html.gz,HUMAN,0.19498370594797243
OR_2021_7f9e574de415250ca21f7761e00487f0.html.gz,HUMAN,0.2631956827343879
