File,label,score
MS_2021_9db7f95bc251eff77f23c203ee46cf98.html.gz,HUMAN,0.2113216586165558
MS_2021_16371f55354b03dfd610512b044db8e7.html.gz,HUMAN,0.3154275801463249
MS_2021_6ec58c8b1c96821c511df2806e23103d.html.gz,HUMAN,0.19210443210236774
MS_2021_65968ff2b3e85a75510a6661a9add420.html.gz,HUMAN,0.2950484346577286
MS_2021_542f47c1d73d802f612f31732ab01a94.html.gz,HUMAN,0.18754709541842096
MS_2021_ba538c82f3d1c5ccda692650f02bb92a.html.gz,AI,0.8580616662778313
