File,label,score
WA_2021_37bcc05e532cdadc8cffa7141a254287.html.gz,HUMAN,0.37852321189213084
WA_2021_6525073396aaecc4477d9f7f0c4e379f.html.gz,AI,0.5812379275220135
WA_2021_b48cf5d6afeba0e2de9b5eda168b157e.html.gz,HUMAN,0.265182907171939
WA_2021_60359bc8e693f8065d539f1b7bfb5a39.html.gz,HUMAN,0.18768749110543811
WA_2021_10c0de93ce388b6759aca2fec1d90efe.html.gz,HUMAN,0.22603422009394028
WA_2021_c5f87793cb3863c1763eff53652a6e51.html.gz,HUMAN,0.19678325234386587
WA_2021_d3278ec0a30b21519928311854ba1782.html.gz,AI,0.7686544228426642
WA_2021_ebe3dbd68f908853ab189e7b272d658f.html.gz,HUMAN,0.36046840849001166
