File,label,score
AL_2021_5dcdd6ca4529404d3c1d8a48eecdfb09.html.gz,HUMAN,0.2028309090307797
AL_2021_6533eb592350359a59b698c61dd28cbb.html.gz,AI,0.9978716636078373
AL_2021_5414082e613662d069bf6866b820b2d3.html.gz,HUMAN,0.41244968072054483
AL_2021_6458e1c96617675cf803eeef7752216d.html.gz,HUMAN,0.18766750139197294
AL_2021_76189af6b23562c4735d9ddbe23b5583.html.gz,HUMAN,0.43050479829944704
AL_2021_aa77749fc5f6a9642317d3492db6a5c0.html.gz,HUMAN,0.2950002939875739
AL_2021_c83cbd4b3b86874a1f98ef1367f09a4e.html.gz,HUMAN,0.18752690731945545
AL_2021_c3685dadaa9ff57b2ec5afca81122b31.html.gz,HUMAN,0.18887019791081258
AL_2021_d72fe7fc7914cd58647ae997f4315cab.html.gz,AI,0.9258200501881868
