File,label,score
MO_2021_758a343be979aa72b3c05c7cdd404ef3.html.gz,HUMAN,0.18798326209754226
MO_2021_9a7f0c82286e60f5f4fb8f737a7f8a74.html.gz,HUMAN,0.3304125509745225
MO_2021_ad7189c7c6ba331bf240ae4fd08f2489.html.gz,HUMAN,0.2899759434534415
MO_2021_d4e15adeb41130853e057ec9d9286f3f.html.gz,HUMAN,0.21697578513900825
MO_2021_548eed961f7339b264678505ca641f13.html.gz,HUMAN,0.3923235236986323
MO_2021_e5bba7a47469a753ee94537bc513202c.html.gz,HUMAN,0.19984598961935
MO_2021_ee3ef78c74b3a0fd90685b5f9e3a9be8.html.gz,HUMAN,0.4026307152678118
