File,label,score
NE_2021_93c3f364353107c9f64de1cb60fd89c7.html.gz,HUMAN,0.1881180798095844
NE_2021_92a62f5e6c85cae5c150dcbc4956ae76.html.gz,HUMAN,0.19936863522085868
