File,label,score
DC_2021_b3ae0193de692808b4fcfdee39ba322b.html.gz,HUMAN,0.20246506261725805
DC_2021_4c80e8608fdaeab1409e89d27c04fb09.html.gz,HUMAN,0.18762470531886538
