File,label,score
MN_2021_800b2f91586287b2d5721c21149054ca.html.gz,HUMAN,0.18747576719040462
MN_2021_15e0a8371f2310c7a0059a2b3c60a12a.html.gz,HUMAN,0.25231249808602674
MN_2021_4f6771f9db50046e3d31aa20d0cd7917.html.gz,HUMAN,0.19856388985543408
MN_2021_11f386a10a5c7a2c73ec307f44d6b613.html.gz,HUMAN,0.32066683054646616
MN_2021_4ad063143f313886f7f95143618cbbec.html.gz,HUMAN,0.198433400199916
