File,label,score
MT_2024_c93675f2fe40725942f54fd838834f64.html.gz,HUMAN,0.20141196668556197
MT_2024_89772b6c820516b1cb7e2c3eced37aa8.html.gz,AI,0.5057229004945298
MT_2024_0c5c7e0488e38831835e2db8337d84f2.html.gz,HUMAN,0.1930547390962626
