File,label,score
TX_2024_62cb927523d1f888bfe21b2500feb87e.html.gz,HUMAN,0.21083582422229766
TX_2024_3982f203678d05f91ee620228979975f.html.gz,AI,0.5393183315583143
TX_2024_a7fdd9d2dc6da124900fd6d18d83764a.html.gz,HUMAN,0.2558289837507171
TX_2024_c4e2d9cc01c945178ac4969903a26edc.html.gz,AI,0.9999999495070481
