File,label,score
KY_2024_f6207ad7e6bb1065f35c5cf2e0676e75.html.gz,HUMAN,0.3719207328059837
KY_2024_daa8b2dba0c6c15050aa978cfb6d40aa.html.gz,AI,0.5212446613047377
