File,label,score
CA_2024_1ba47d49dd9472297fae77dadfde13ff.html.gz,HUMAN,0.22393458635562702
CA_2024_21509520c8af678fe7bd4fb9ff1b0566.html.gz,AI,0.5990769354833834
CA_2024_75118dc696529bf7587ae3738ee8bf49.html.gz,HUMAN,0.291604750347308
CA_2024_7a579aef471377a9e90242293ddbbbc7.html.gz,HUMAN,0.27963183403728964
CA_2024_e1a7b2a2d6bf6b9aafce91349a07d7fb.html.gz,HUMAN,0.1956197058001049
CA_2024_ccdd9c160eb796186c2d9ee0f7719a0f.html.gz,HUMAN,0.2496211086498988
