File,label,score
NY_2024_b88df9316da502b6323e6dca3a731ff2.html.gz,HUMAN,0.21576890641988264
NY_2024_57e22d7cc3d4ffc795f1e31c7ef10565.html.gz,HUMAN,0.21442468434109496
NY_2024_86869930122eee0ffa8a3b8c14f0e2bc.html.gz,HUMAN,0.36561334754737596
NY_2024_cbcc8dfe0a345beaff2fcaff70495c2d.html.gz,HUMAN,0.29426661416120153
NY_2024_ed4bf2bb13bbf0a90b83f124839c0954.html.gz,HUMAN,0.29350165143139745
