File,label,score
CO_2024_391a4e172f7ea0506e542b1bb6bc042e.html.gz,HUMAN,0.1968097034248326
CO_2024_3215573d0a59aecde51cd01fe55c5fab.html.gz,HUMAN,0.18907017696144268
CO_2024_62787d806eb382af50fbc45bf882b7f4.html.gz,HUMAN,0.1967632482093821
CO_2024_fd4500fad95f17dbeb368975f701526a.html.gz,HUMAN,0.18783708133124857
CO_2024_713fb7bbf4a815d886be434333197008.html.gz,HUMAN,0.35195936782562764
