File,label,score
FL_2024_66312c810d84b387638694630a06ea3c.html.gz,HUMAN,0.19095986182006192
FL_2024_99c6ce55a32a937654641a4f5842a6e4.html.gz,HUMAN,0.4847975913402614
FL_2024_1169f853c1f970b7c97c4937c4bcaa72.html.gz,HUMAN,0.28003668277696775
FL_2024_decad22371afc57f04aa14ff4f2f1329.html.gz,HUMAN,0.21883421881740733
