File,label,score
PA_2024_3ec5f77e6a34a6d8f50082ad1e4c8fcb.html.gz,AI,0.9378708015780551
PA_2024_bcc54cf0551a7442f778156e27697b6f.html.gz,AI,0.9977856906920596
