File,label,score
NC_2024_3de3f431a1903a47d197de6cdc95f1ac.html.gz,AI,0.5035298195265412
NC_2024_51d8311da5a03217d8d1365919e753e2.html.gz,HUMAN,0.2291897548424628
