File,label,score
NY_2024_6019f051fbcb3edce780d94f50d241e3.html.gz,HUMAN,0.27183422171179183
NY_2024_139074dbb426bae34f2f5272c3d92566.html.gz,HUMAN,0.2011684151044318
NY_2024_57e22d7cc3d4ffc795f1e31c7ef10565.html.gz,HUMAN,0.3039932502762542
NY_2024_70b225ab6feeb6598e405fc682ea7e86.html.gz,HUMAN,0.4672823078225604
