File,label,score
DE_2024_91f755ed4ed740701be317ae05108b95.html.gz,HUMAN,0.2895099363794763
DE_2024_4c549e55a7a8dfe003d4ac12f117c04c.html.gz,HUMAN,0.21295109842015253
DE_2024_633682f366fb99c23737ad643b43d078.html.gz,HUMAN,0.27117687126038326
DE_2024_b805e083be1b93c43cbe032ed943ce15.html.gz,HUMAN,0.3061724384136348
DE_2024_ca406b542bab8668ad7613c6f5776625.html.gz,HUMAN,0.2895099363794763
DE_2024_ba8a7f736e4633a255a9f92c273a4f64.html.gz,AI,0.6322586983733898
DE_2024_fa81005a67dd2e751fb34243a7d5cc0f.html.gz,HUMAN,0.21295109842015253
