File,label,score
WA_2024_9fe344b0cce984d772f591f530467823.html.gz,HUMAN,0.23575170573927365
WA_2024_056987bb8d1d21fbb2b037234316829a.html.gz,AI,0.6180238960049347
