File,label,score
OK_2024_0207adc8f3e2e0779965bf0e7a0fa515.html.gz,AI,0.6804301311113775
OK_2024_902bd8b0252b33f387bc9aa7eae698cc.html.gz,HUMAN,0.19833586276223342
OK_2024_08b6b493c69aa6a9f96df4cba738e2d5.html.gz,HUMAN,0.21362371940839145
OK_2024_9e8d997ee7a3849aa34410ae701fba3e.html.gz,HUMAN,0.3601890785911403
