File,label,score
MO_2024_108a2d95f1e7a54c8e7dc49eebe91f86.html.gz,HUMAN,0.21714450697560453
MO_2024_5d6ed15b1961d0ad8c8eb842002cb395.html.gz,HUMAN,0.21714450697560453
MO_2024_46b112c98fe1048f88090cd0339d6074.html.gz,HUMAN,0.22452904316304925
