File,label,score
WV_2024_3e8dc926c3b7cc02cd36ff7017092730.html.gz,HUMAN,0.1897178041619092
WV_2024_f857caa3e24c826e7e5c3574cc73e583.html.gz,HUMAN,0.29697204726377774
