File,label,score
ID_2024_d68e6aaa577974d36fc6e300851b862a.html.gz,AI,0.7086909566351853
ID_2024_3205747342d5b481c2d6f5c4785fe832.html.gz,AI,0.7086909566351853
