File,label,score
VA_2024_798364c1d1c3ec80718f3ac3e0cf81ac.html.gz,HUMAN,0.32786536821980233
VA_2024_1dba3239792ae03d44816810da911235.html.gz,HUMAN,0.23368209308192847
