File,label,score
LA_2024_7bab4348ed2b96cf1405ea72f489e8e6.html.gz,HUMAN,0.18754512296036296
LA_2024_51d0493dfe2bf99221a7e98a25dcee38.html.gz,HUMAN,0.19002788398735418
LA_2024_cba68bb3869256023af9a9c78f703293.html.gz,HUMAN,0.2767745415332666
