File,label,score
TX_2024_47b34b4e88fc4a79962b4e03ef26b3a9.html.gz,HUMAN,0.18879227986926075
TX_2024_250bff2a5dbd0981aab108a286f5cc77.html.gz,HUMAN,0.38007580451179535
TX_2024_234ced7cefe76006ceadf6fc083f88b3.html.gz,HUMAN,0.19181831437607955
TX_2024_91dc1f00d5b887567655972d0c15fbf1.html.gz,HUMAN,0.22593809002751702
