File,label,score
PA_2024_6aaf95f99df3ff66b51aca5d9421fb57.html.gz,AI,0.5982892302023607
PA_2024_12ec83352ec8e24fded4a882fa4aeaa9.html.gz,HUMAN,0.47005033933128637
PA_2024_28acb24c7157097c04b855d3f62713c2.html.gz,HUMAN,0.26338812703684567
PA_2024_d6cf49c0a6e079cfe4b6d737e86314aa.html.gz,AI,0.9996279131223744
PA_2024_7a9c0df7b94a93f833a24ec304de4410.html.gz,AI,0.6322586983733898
PA_2024_cccf9c08b648f8c33c1e5ef3b334e53c.html.gz,AI,0.9554227325973409
PA_2024_e9c06cea92add5634f7a52e658cabb07.html.gz,HUMAN,0.4306429182077186
