File,label,score
IN_2024_4afee92aab6a5941a3044585fc5fb1f7.html.gz,HUMAN,0.43000225977302825
IN_2024_3470c476707d337f6c004f323e767722.html.gz,HUMAN,0.22154808483713934
IN_2024_bab3b8fb805af0610fb358d414cf42be.html.gz,HUMAN,0.21838434133965437
