File,label,score
WI_2024_6058749009e2cf328002b93e1e424ffe.html.gz,HUMAN,0.19984598961935
WI_2024_e464941b96f0037f6218159447a5ab62.html.gz,HUMAN,0.3103235742024154
