File,label,score
WV_2024_35d342552af992260d35943c399f8699.html.gz,HUMAN,0.25840928302740995
WV_2024_9e9ccbf7ab1f2e1f3cb0e636861694f1.html.gz,HUMAN,0.2970829432807518
WV_2024_2b189e35902777d7ea97ed607e8b4977.html.gz,HUMAN,0.19107253110075623
