File,label,score
GA_2024_91942a52bb52183b91894d0186ef453f.html.gz,AI,0.728251299894714
GA_2024_380395aa3769815229d74783599f949d.html.gz,HUMAN,0.37083428261655127
GA_2024_10ee14a78b6b62c3c892a7e53520d004.html.gz,AI,0.6456907232609912
GA_2024_ac8390877bb0a261e4379cffb3896933.html.gz,AI,0.9999870068747406
GA_2024_cd79392e411852fab1f6e5d38e4df298.html.gz,HUMAN,0.2838769514919925
GA_2024_d1796da1b89a28732cb895daefe5895f.html.gz,AI,0.9999992469652266
