File,label,score
IL_2024_08ecfeb4c5bef7d66acaa77f05477c3c.html.gz,HUMAN,0.25002977085355677
IL_2024_8ae02fdb975cc02dcd2e68d555e3301d.html.gz,HUMAN,0.25002977085355677
IL_2024_0f5be1e9c138342f02ad8d9a6e1287ba.html.gz,HUMAN,0.2511276718335164
IL_2024_a9fca39becd92812ccfd4e7e9b4ba5c9.html.gz,AI,0.8282793283280804
