File,label,score
AZ_2024_d77453d7cdde4696dcb0c27d8be58283.html.gz,HUMAN,0.3274082792138316
AZ_2024_8cfbc2f077b0ea5ca2dc7c9108e27ac5.html.gz,HUMAN,0.21496628833573636
