File,label,score
CA_2024_087c5bf6679ae13181f17991e2658589.html.gz,HUMAN,0.20831719232321266
CA_2024_09a8675c4325c5212d4e4392357b021c.html.gz,HUMAN,0.18907017696144268
CA_2024_0edc26900a659f60460d2fde13de2924.html.gz,HUMAN,0.1976391276674702
CA_2024_a4e7e2f39595034e3d7f2fe477bee92c.html.gz,HUMAN,0.2989313709692055
