File,label,score
MO_2024_46b112c98fe1048f88090cd0339d6074.html.gz,HUMAN,0.18759013277507336
MO_2024_484c03375681855c97fa2183020a5905.html.gz,HUMAN,0.2075412540418408
MO_2024_172614462451e4341be0db3928e0472f.html.gz,HUMAN,0.4847975913402614
MO_2024_4db5fe8d7f1a1d76108316c679b63c53.html.gz,HUMAN,0.21714450697560453
MO_2024_fff8622ef249d2740d84b90aff8d51b6.html.gz,HUMAN,0.20369311781401447
MO_2024_ae5cad3fb5a746ecf4800230a85ced35.html.gz,HUMAN,0.21721624217785
