File,label,score
ND_2021_cc6dee03279db7b834454a409f66d547.html.gz,HUMAN,0.4372860130917759
ND_2021_7521e5a3872032628c7f3d6d12968a96.html.gz,HUMAN,0.31759407981478666
