File,label,score
CT_2021_24647e01866eef079091be70fdefa653.html.gz,HUMAN,0.19384934814395371
CT_2021_8aef8c0d48ec47c22fffc8483cda6382.html.gz,AI,0.9840384939409
