File,label,score
MN_2021_db861dd83b11d56ca8e14586f6b52a3b.html.gz,HUMAN,0.22104604133042904
MN_2021_e1eeb860d67140ffdb6bf926cfb97be6.html.gz,AI,0.8455739565195675
MN_2021_06627b9fcaacd0ed5ebdfa55c37e20b2.html.gz,HUMAN,0.22104604133042904
