File,label,score
NM_2021_56668f42c22bfbb21ac3d5aaada08833.html.gz,HUMAN,0.19101596763775827
NM_2021_325806443435c10edd2455d6c255eeaa.html.gz,HUMAN,0.2327243885207365
NM_2021_974801c67986911661ed4f98978dec8a.html.gz,HUMAN,0.1939040033480121
