File,label,score
GA_2021_fad09f02ccfa373c4396757fd78f966a.html.gz,HUMAN,0.2532456613656679
GA_2021_f7eaa4a73dc897248430c70b0c478454.html.gz,HUMAN,0.24688190031500215
GA_2021_b2c5c672a80c453a61ba1e40a2132370.html.gz,HUMAN,0.3137260451205911
