File,label,score
NV_2021_bcf8f26cd6f446b169b9dfa0df336721.html.gz,HUMAN,0.312858765906348
NV_2021_83f3a6cc31688a62bec2fe028bb54a8d.html.gz,HUMAN,0.23621905160695086
NV_2021_9f29322b6ea57dc4b22a6313186e1b88.html.gz,HUMAN,0.19371408007957386
NV_2021_13c455d87db4be9e9ac11f39eb7dd2f7.html.gz,HUMAN,0.3782644321689767
NV_2021_a0fac24577684f4cf49f56fb2a90d902.html.gz,HUMAN,0.19029703336123346
NV_2021_bf2f325c7962a4c88b477577722d88c0.html.gz,HUMAN,0.19060630861353098
