File,label,score
VA_2021_46b35cdc7b360f6c135198bb6d0b7878.html.gz,HUMAN,0.1910461457422081
VA_2021_7d3654777ed6507dabdb1d4db958bf8c.html.gz,HUMAN,0.18764238719593865
VA_2021_23ff20b3534f0e5416ee99172536b9e1.html.gz,HUMAN,0.28567200124018666
VA_2021_1639e0c3d5580868eb1e4714e80ea4fb.html.gz,HUMAN,0.28932391687020376
VA_2021_28a1b679e545f7d292b81b7f37d0b9be.html.gz,HUMAN,0.20181411838786004
VA_2021_9fe3195e161a154f573e89d3e914f2c4.html.gz,HUMAN,0.2829278518613582
VA_2021_ea1ceeab4d34d12dd21b3384dc69b739.html.gz,HUMAN,0.18942661212123496
VA_2021_f11035ff6dab8daa481d1636d41c5744.html.gz,HUMAN,0.2726098184083505
VA_2021_f2aa871a41834ec7d0d57914e2584023.html.gz,HUMAN,0.19337964833598278
