File,label,score
ID_2021_bae592c176cffb93cfecc3e3261f2812.html.gz,HUMAN,0.40218279032131354
ID_2021_0d36aab29021e227236b87dfa23675a8.html.gz,HUMAN,0.20595685663280833
ID_2021_15ad32bbc6bff5a88788e75ff581164d.html.gz,HUMAN,0.22970465548254965
ID_2021_6da80c4d2aee92d3392ebfcfcdd39e32.html.gz,HUMAN,0.2651438202155352
ID_2021_79fc5cc5100de79f27d13ce89cd070ff.html.gz,HUMAN,0.19312612002310559
