File,label,score
SC_2021_e2ad1b17a7097aec54e2b2c2703798c0.html.gz,HUMAN,0.19058172984750996
SC_2021_94627c5d04448829adefb2249b5a6d72.html.gz,HUMAN,0.2678501735624311
SC_2021_86a9a678394ec900f9613e0a71c434c7.html.gz,HUMAN,0.18762798338257983
SC_2021_04b42766fa2aa68f644cf2fa84522dcc.html.gz,HUMAN,0.18747557998818729
SC_2021_6f4550686b8f558c4a2d096d6f200bcd.html.gz,HUMAN,0.20918786179873194
