File,label,score
OK_2021_1354adc4e1a4d5c8804a803ef144764c.html.gz,HUMAN,0.32066683054646616
OK_2021_15e28f8a4685a7f983b09968c42216ba.html.gz,HUMAN,0.23035276256121165
OK_2021_323d7afcb5171262cdf23f44eff8a4ab.html.gz,AI,0.5103372428296077
OK_2021_44f6c239f23f148b87ac616821afb837.html.gz,HUMAN,0.26170418320408195
OK_2021_2a68f6433c8f5ecf59fa3df2446fdff0.html.gz,HUMAN,0.27641196561409076
OK_2021_f0b31686379e45d152e9bb26054d2176.html.gz,HUMAN,0.19213904165224494
OK_2021_b96298a9610238946a403dd92e40d549.html.gz,HUMAN,0.2112444011888686
OK_2021_ccbeb9276970c144df6ac6dbf24d5e12.html.gz,HUMAN,0.26200840123643854
OK_2021_fb6d5719daa3d366f532d4f5b76f1775.html.gz,HUMAN,0.1893955218992858
