File,label,score
DE_2021_17c184c5c74caa1c7ee28d6f6a08fc7f.html.gz,HUMAN,0.31413895820330895
DE_2021_fd86e908c3d0ee1774f1be72c3b91337.html.gz,HUMAN,0.19243334926460712
DE_2021_cd82a895425c2e9e357ab5fbf1ca847a.html.gz,HUMAN,0.20948249366968708
