File,label,score
MA_2021_16c3f3eeb4002a938c73e56af655efd9.html.gz,HUMAN,0.18840660228865158
MA_2021_9aa0fe38bc934b538470742539a02255.html.gz,HUMAN,0.2232670773739802
MA_2021_02f50948e1e397c94bb5fdbc5ffa84ce.html.gz,HUMAN,0.18875837404337523
MA_2021_2259e95c82d1cbf3a35cadb14f9449d6.html.gz,HUMAN,0.2873838988684936
MA_2021_d7f6d7a72c31895e4b0faf982ede678a.html.gz,HUMAN,0.2765280463872816
MA_2021_f46fd956d176b27db81b2692887f53e7.html.gz,HUMAN,0.21269652402515152
MA_2021_deedb30ddd9e9786ffe998bf458d5e7d.html.gz,HUMAN,0.18835015665384275
