File,label,score
MS_2021_0b6422bf40b987025be79c4dba800f6c.html.gz,HUMAN,0.2327796985563583
MS_2021_6d6be54e3cb9d4712d0a0ecc9d1b2527.html.gz,HUMAN,0.23035276256121165
MS_2021_def00202980ef99bb65f4ba4b7d3eb05.html.gz,HUMAN,0.19425331970159931
