File,label,score
PA_2021_218907577bf165f5cd4cb4048a820eef.html.gz,HUMAN,0.21186640531376214
PA_2021_65a01f44b9cf94127f91e8ba1b3c3b40.html.gz,HUMAN,0.21730395838828054
PA_2021_36b0729274b63775fef347e940cc545f.html.gz,HUMAN,0.18835015665384275
PA_2021_57903c65afa3633e961b1a1b6c732950.html.gz,HUMAN,0.19463527171533815
PA_2021_3f60dd4ce4b2d8b220b3275cfd4d4b4c.html.gz,HUMAN,0.2046409664869117
PA_2021_e6b006ac1ec4786f0898ffff2e06ee18.html.gz,HUMAN,0.18789257739748397
PA_2021_9c7a4673fea0f3e268963779a14abd23.html.gz,HUMAN,0.1942927255364143
