File,label,score
FL_2021_b42e646f288d3e1c216c8960719965af.html.gz,HUMAN,0.3494569243158121
FL_2021_a2b2b2b3769d1b6e9a9a65aaff29309e.html.gz,HUMAN,0.21893089448019973
FL_2021_99d540164feae7627cf7611c0bbc1d25.html.gz,AI,0.9349581987129886
FL_2021_7aebb29d919c074b49ebe4ccee40ed53.html.gz,HUMAN,0.20006304506311787
FL_2021_3b55f1cb1b9f1e9cb7f9c4da4e42bc9d.html.gz,HUMAN,0.18956425696175647
FL_2021_e38a5f6da31686012bea314f6b7b1ee1.html.gz,HUMAN,0.18814293325873083
FL_2021_c679214fcf51ff1c3cb5e248ccc09e8d.html.gz,HUMAN,0.26447050685076096
