File,label,score
MO_2021_e5fd61155ccd7e33cc981ea6aecafeeb.html.gz,HUMAN,0.18796305314622752
MO_2021_0073be6d5851aee54304f52e87bb1480.html.gz,HUMAN,0.29152350298610463
MO_2021_9c614993bdc3b30adade4164ee8a6c85.html.gz,HUMAN,0.2227087358526194
