File,label,score
IN_2021_75997a4331b62b88dffd2c8c880334d6.html.gz,HUMAN,0.21992924156745242
IN_2021_116fea9ec76af9191f7a80e8224be491.html.gz,HUMAN,0.27400488057259376
