File,label,score
ME_2021_401d07d18c548864708ff13a649773eb.html.gz,HUMAN,0.2485394393565456
ME_2021_7d27937b0407b175839c98ff082b62f7.html.gz,HUMAN,0.29998272229518963
ME_2021_85d5c0b398250a88393b7ed4f6138b82.html.gz,HUMAN,0.2411684943575163
ME_2021_e5c17c9b99dc3d6067369be330290075.html.gz,HUMAN,0.1957908540978317
