File,label,score
KS_2021_4b28a8be19a1988d7401319bfa7112bf.html.gz,AI,0.6765361120042201
KS_2021_b6b2666af8529330a2e95550dfa8a007.html.gz,AI,0.5773295490763434
KS_2021_86c0650330b2046ee04aafb79a92ff32.html.gz,AI,0.5773295490763434
KS_2021_63db703fda7e671a16cad365a66f0ebf.html.gz,HUMAN,0.4786339977034353
KS_2021_9f336cfd4293c37063ee0e18dcf4d3b0.html.gz,HUMAN,0.39624307573209117
KS_2021_e6968e2eb9b257377388ac852a5162a5.html.gz,HUMAN,0.18798326209754226
KS_2021_e33d862a389b89c478aa32ec4e58d4b1.html.gz,HUMAN,0.24961138118391926
KS_2021_e96f95002ee10ca68392599945ccd68e.html.gz,HUMAN,0.20242431343598444
