File,label,score
SD_2021_6efa209463a4c259f71a564e1a848a3a.html.gz,HUMAN,0.2444580437283298
SD_2021_6906e71f9973f896937059f828608771.html.gz,HUMAN,0.19078255353427218
SD_2021_db48c4c252c269f18528e608306c4061.html.gz,HUMAN,0.2680900321139541
