File,label,score
VT_2021_18b58208f79aaaa89b148ca86944794e.html.gz,HUMAN,0.33436590520686593
VT_2021_f04383637c99b22a83a5e88fea3f600e.html.gz,HUMAN,0.18771568327344082
VT_2021_400ba8b5462177c28bde44ca6385d91b.html.gz,HUMAN,0.21550817459378943
VT_2021_78a86dafc2cd39212354c7fa373f0c6c.html.gz,HUMAN,0.19425331970159931
