File,label,score
WI_2021_c784aeb7ded60fc91ba25af1d7efcb7d.html.gz,HUMAN,0.20300929971972262
WI_2021_20f4b491a2a70fc5e18e0e8c7e9b5124.html.gz,HUMAN,0.28459644892307306
WI_2021_cf501811dd13f6f9783f40f163a5fa3c.html.gz,HUMAN,0.18767405470409304
WI_2021_b1351c9d514f8f4a942f8171a4fda3a9.html.gz,HUMAN,0.19064795889551958
WI_2021_7c695b98f98797a6c03c00f6ff2dfa77.html.gz,HUMAN,0.29350165143139745
