File,label,score
OR_2021_2b83acf536fd82aad5390de53bb46df7.html.gz,AI,0.5477078577482005
OR_2021_b3b506a6808f094e61beb8c940981720.html.gz,HUMAN,0.21145184025656946
OR_2021_21be20265136cc4c147a84e1d4851680.html.gz,HUMAN,0.20117873663858968
OR_2021_d015a122a82e17a68e578f01715d61c9.html.gz,HUMAN,0.19004147197044607
