File,label,score
NY_2021_5c0f93894964621f1bdf897905c9048f.html.gz,HUMAN,0.39217847038648435
NY_2021_07f5f2608d93b1d31e61e95703d2d7b0.html.gz,HUMAN,0.18789323931353907
NY_2021_50338c56503f1c2f0427ce8fca19d3fc.html.gz,HUMAN,0.4604214764635725
NY_2021_039c19a4be2de0aaf6ef0ef405605763.html.gz,HUMAN,0.25795902081648653
NY_2021_30b27062c79018b5b416dc4237698320.html.gz,HUMAN,0.24813683897221586
NY_2021_a315e0c90958eb7f1d3a8f1a90f2a62e.html.gz,HUMAN,0.19803230566207874
NY_2021_d68a06c48efd1c6896fe3c9e68e39b0a.html.gz,HUMAN,0.19469332500643244
