File,label,score
IA_2021_80249e91c78ddd46348d6c3993e72ca3.html.gz,HUMAN,0.1875876350815798
IA_2021_30e98aff6038d225de875e1acbea917c.html.gz,HUMAN,0.32897069085576663
IA_2021_abc01f35d72d118a294a5cfc08e02574.html.gz,HUMAN,0.2326264072805326
IA_2021_3fb07d9759423c67e6040f6743e79ee1.html.gz,HUMAN,0.19133477098790433
IA_2021_b67101c56ba47c6a1abc0cfd4252176a.html.gz,HUMAN,0.20496945220777382
IA_2021_e52fa074688e66ee9d960e7bffc9b0ef.html.gz,HUMAN,0.19773668180306758
IA_2021_e8446c3909cd6176ce145df8cfdd2200.html.gz,HUMAN,0.19798272615860982
IA_2021_e817422258324f989f991dedd23edbbc.html.gz,HUMAN,0.18809531242798025
IA_2021_fa5d95ae42268a7ae9b2e3c0fe32a5d5.html.gz,HUMAN,0.20009408896649997
