File,label,score
LA_2021_1efe4d51967487ccd260c60d8bf07f91.html.gz,HUMAN,0.41663377298009086
LA_2021_860cd48501d910031eea73232b35f8a9.html.gz,HUMAN,0.3818977022311434
LA_2021_76e9e226ba0f9fa5007385865219962f.html.gz,HUMAN,0.1964155787263461
LA_2021_52448fdc901036301b540843550f7f59.html.gz,HUMAN,0.26079622884369075
LA_2021_9c8307b215ad2ad1024fc3f4e85e0fef.html.gz,HUMAN,0.474076815005846
LA_2021_af0ca82361d6fa8fcdec0efbd562ef82.html.gz,HUMAN,0.22320613989820456
LA_2021_bf8f7245dbef29abbbbb13bedeaa8bd6.html.gz,HUMAN,0.1877658004923388
LA_2021_db3161cdd82605ac15208e0058c2bb46.html.gz,HUMAN,0.1944515371155023
