File,label,score
NJ_2021_3ea7633c90253315acbd27e46b8c4a93.html.gz,HUMAN,0.3396069088276279
NJ_2021_7a2cd543ecd727b5c675706fa6656620.html.gz,HUMAN,0.309068525939219
NJ_2021_4717f2c3bb2c9a542585b78150d51c1c.html.gz,HUMAN,0.309068525939219
