File,label,score
WV_2021_25fb28b629b0d2ba43c841063e18cba6.html.gz,HUMAN,0.1984876012448552
WV_2021_5655c73ca7d947b6fee5e9d2e776f47c.html.gz,HUMAN,0.2253304314729345
WV_2021_4ee013f69e809e51a59fe801a50bb8de.html.gz,HUMAN,0.21269652402515152
WV_2021_0921da66d96233397033db6f9162982d.html.gz,HUMAN,0.22721658148123705
WV_2021_42dbc2df0ee9efb54ffec592f0cc8cc9.html.gz,HUMAN,0.1942757296885564
WV_2021_adfc2c4d7ad4616eb00b1140378a8b8b.html.gz,HUMAN,0.2027661183977591
