File,label,score
OH_2021_a1f7479da97a0afa811978bdec8d5115.html.gz,HUMAN,0.19570354346512908
OH_2021_43faa6762cfa4f0854f073328eaf9ea3.html.gz,HUMAN,0.1973767067850485
OH_2021_9f067e15eac41e854d644a6eadbba526.html.gz,HUMAN,0.20656644445582367
OH_2021_b1a0eba2d413f3d706829ce45fd3d9b0.html.gz,HUMAN,0.21895352670363094
OH_2021_c2d4fb1a59a7a7960a93c76cd490330f.html.gz,HUMAN,0.19632487726140402
OH_2021_cf090d7a71753495dc20469a80308bf9.html.gz,HUMAN,0.1895966956679317
OH_2021_d8959dc5b0c729cb9653e58eb01c9379.html.gz,HUMAN,0.20514908340600135
