File,label,score
MI_2021_08eb749d6177044d0cf2fdb737f98dbc.html.gz,HUMAN,0.198285531540643
MI_2021_cf21d0694d75185d30a54fc80fccd7b6.html.gz,HUMAN,0.2567969390862605
