File,label,score
CO_2021_8508f535301064b2ece02f2ea15fddff.html.gz,HUMAN,0.479866759133323
CO_2021_bedb00b8df8f3fdb603daed2596ff112.html.gz,HUMAN,0.31690237751926187
