File,label,score
AR_2021_f682de8274088ee4b26dd635986edcbf.html.gz,HUMAN,0.23038739198159008
AR_2021_79fde6f6049fa39beebaffa4a0694066.html.gz,HUMAN,0.19358546434589968
AR_2021_c8f7f7c8d1f570eaec5e38cf401c4239.html.gz,AI,0.999267640020867
AR_2021_a7a04a11c99130f859e3a10db449b7ff.html.gz,HUMAN,0.2052922574343041
AR_2021_11339726db5ce938e88ed8591b62e56f.html.gz,AI,0.6218071635211929
