File,label,score
DE_2021_19f9966e262f4bc367e717e00b158a82.html.gz,HUMAN,0.42050584826038434
DE_2021_b017d3539245b360c67d35385a25a065.html.gz,AI,0.7170190927352109
DE_2021_0c48b7f6023d6159ef8b82823de0e3bc.html.gz,HUMAN,0.22412658074463232
DE_2021_b6e76ef444d6c5addb36012cfa2eedf0.html.gz,HUMAN,0.32513723283753804
