File,label,score
WY_2021_0b35586e967d648013fa68496d1aabac.html.gz,HUMAN,0.19868811929890523
WY_2021_3ef030719cab8c39672fe9796b487cf8.html.gz,HUMAN,0.23640311821182614
