File,label,score
AL_2021_5d123544b70f30cb1728040a96856b57.html.gz,HUMAN,0.20313167099937943
AL_2021_1bebdf07b62196df7eebcba6e5cd2b9a.html.gz,HUMAN,0.19572833711378143
AL_2021_d7ca25f54a05259860d2cfcaec01f36a.html.gz,HUMAN,0.2728378662266032
