File,label,score
DC_2021_e05ff65fa5033fea4be8eee0ebb9cb18.html.gz,HUMAN,0.24688190031500215
DC_2021_beb7acec07507e43a3ebce3d2c1a8b73.html.gz,HUMAN,0.22675717313999053
DC_2021_1f195b80e536301d617d7836f99a1782.html.gz,HUMAN,0.22832048129101054
DC_2021_52a0589908ddc57cd8521a8447b57d9c.html.gz,HUMAN,0.2853319051149861
DC_2021_f0ff320f683fc73dcac82d8c8bb7a1ce.html.gz,HUMAN,0.21120582520325937
DC_2021_f2bcd2dd18bab27aa70bf9014d2b5228.html.gz,HUMAN,0.1883167191813977
