File,label,score
OK_2021_9dd2320cf1c5ec44c510240f5c5c4dbe.html.gz,HUMAN,0.1937518285232555
OK_2021_afa0e70cc6eca91729cb9559033d9a63.html.gz,HUMAN,0.32931587848545685
OK_2021_9b3a1325b13f1edb2a60f774c2d8eaee.html.gz,HUMAN,0.23622714498002398
OK_2021_ac2910d9088db54587a132d2b059ad59.html.gz,HUMAN,0.201862050594351
