File,label,score
MT_2021_cb9554c0cf92530074a6c9deb92e17a6.html.gz,HUMAN,0.19612566092698258
MT_2021_ddba2f7c3adec9ef78d2fead491ea4be.html.gz,HUMAN,0.2698719771759466
MT_2021_382f80e045d456a832ffb27350e8cc50.html.gz,HUMAN,0.2015997728568552
