File,label,score
KS_2024_05e69f03ce773f194e99d4f9cf470aaf.html.gz,HUMAN,0.20781841711117166
KS_2024_2814f7c966c0ce56953ca03d28e7b3bd.html.gz,HUMAN,0.24006876083542988
KS_2024_3456f2213282e2b4c175a83c44b650cd.html.gz,HUMAN,0.2635412916511523
KS_2024_97db30e5ed02b489b2f18510c720f714.html.gz,HUMAN,0.1954903424794424
KS_2024_52406829fb4577f2a56943a596dd5af6.html.gz,HUMAN,0.25378296657198673
KS_2024_916e7dac2e5aa6615cc242bae7346120.html.gz,HUMAN,0.26508521312036637
KS_2024_b01a12b7b36e4a0160f1b77ddadfcfc3.html.gz,HUMAN,0.18828970010484408
