File,label,score
CT_2024_ab849c8ee95662e884efd0a90ff0ee83.html.gz,HUMAN,0.33248926473115686
CT_2024_e1383feb2f35d0af96f8fee24e58a8a2.html.gz,HUMAN,0.20769964009650788
