File,label,score
DE_2024_ba9ce18856ddd1a8bfdbf173d8f1c39a.html.gz,HUMAN,0.331556758593736
DE_2024_3f1c0ad2356662c1b4611a037b08214e.html.gz,HUMAN,0.1934531423184535
DE_2024_e2c431c4341180c5261d81f09f52841d.html.gz,HUMAN,0.19354823839434504
