File,label,score
MA_2024_18ad24582395ab4614e01c483def08e1.html.gz,HUMAN,0.48856381113996405
MA_2024_3db5243e0692fcbf7b3e996e0890e8dd.html.gz,HUMAN,0.22811721418242245
MA_2024_35b907291968389b755ed6c77476057d.html.gz,AI,0.7580952112164726
MA_2024_e1cb47e7a8d6949ae9980a72cad46014.html.gz,HUMAN,0.18887899484928788
MA_2024_b9d4f158ee24b737a65c0e4c7a9ea3f2.html.gz,HUMAN,0.21585415844931313
MA_2024_e6ae9c0e11152a7c08ff7e2128c090ed.html.gz,HUMAN,0.21585415844931313
MA_2024_f1c7ea4cced6fdd3bbace67de9946dfc.html.gz,HUMAN,0.22066612098155028
