File,label,score
NE_2024_3ca5914bdc296d0bbdfb456b3de369e4.html.gz,HUMAN,0.4709420807250408
NE_2024_1ee2a4c2ece9b8ed70075a2c3c9d315e.html.gz,HUMAN,0.2213824324751831
NE_2024_9998746b05ec4f62e35da43d70403d84.html.gz,AI,0.6858657264429918
