File,label,score
IA_2024_172d4bf80b6cfe2777dd42bf2e7243e8.html.gz,HUMAN,0.2610980981386187
IA_2024_4d9a348a90bc81ca372bb20cd31a863f.html.gz,HUMAN,0.18750490312881132
IA_2024_1eb9efad8a4a308f3816051c738428a7.html.gz,AI,0.8892132964032999
IA_2024_84c0231335f30539e57aa2801b25ab68.html.gz,HUMAN,0.2337750860287218
IA_2024_97a2e2981d08c030ee4b44a5d9b19976.html.gz,HUMAN,0.19235232340281355
IA_2024_c1f8515bfacba2f952b7b92a55fe5873.html.gz,HUMAN,0.4742273287060563
IA_2024_f52d4e579b8db6cfa56116237dadf8a0.html.gz,HUMAN,0.21610486956190592
IA_2024_c938184943cbf4f37e6d352797df557e.html.gz,HUMAN,0.21160725085010312
