File,label,score
UT_2024_b02f89e363be540646bb0456a8c4e397.html.gz,HUMAN,0.18912574220351486
UT_2024_cc3aee7bff907a0725364a74a61b3ce9.html.gz,HUMAN,0.1880779104453967
UT_2024_0def847673a4518709b3e506964bb5bd.html.gz,HUMAN,0.2142386302101998
UT_2024_d3c636919259b8bda32632847a30a8af.html.gz,HUMAN,0.2113409949523555
