File,label,score
ND_2024_4c767949d41901fc12f7b404bb098eb0.html.gz,AI,0.8035166847324657
ND_2024_15a96ce0915e19ea46f7119a21daa8aa.html.gz,HUMAN,0.2388504379263897
ND_2024_5fe863394f623b7ec22c5cb20df52a20.html.gz,HUMAN,0.27998091448736
ND_2024_e0653e438127828e883e5490a81cfc6f.html.gz,HUMAN,0.29313364883652154
