File,label,score
MS_2024_484a8e3a6fdcdb10fb96d6b5514fadc5.html.gz,HUMAN,0.19358546434589968
MS_2024_a435e5557fdf5e7d52b9a5f1cfb98b7c.html.gz,HUMAN,0.27349197182006113
