File,label,score
OR_2024_23ac7477931730e242354ff2b5a1830b.html.gz,HUMAN,0.19207217835647178
OR_2024_45999afa05108cbb447263211a580410.html.gz,HUMAN,0.43420559919796603
OR_2024_812c7a3d9c461c8a68981b1c5edba64c.html.gz,HUMAN,0.3163063038077011
OR_2024_e635e15cbfd1dc064e650ecef6d5a3cd.html.gz,HUMAN,0.18936468421719516
OR_2024_b97d3b8c569f44f7add742b37a6f2915.html.gz,AI,0.989036496451694
