File,label,score
WY_2024_367bdf280c8d04ffd694b1de2b72b7c4.html.gz,HUMAN,0.2587049387407527
WY_2024_0562215bb57ef474a4a235ab8e32f053.html.gz,HUMAN,0.2947117423084964
WY_2024_38f1737e94c41c778c5a0b1ab351f6cb.html.gz,HUMAN,0.20212693402510074
WY_2024_b49d4404d8b6513eb5402c2810aeccf4.html.gz,HUMAN,0.22120546763571822
