File,label,score
MT_2024_febbc18fdd6c323d9f4288a237b47c80.html.gz,HUMAN,0.25251332363897394
MT_2024_579ada5a024e0fce61d0a5a6df4da360.html.gz,HUMAN,0.19485690225840618
