File,label,score
SC_2024_e44c048d5b976477e0448b7844ed09fd.html.gz,HUMAN,0.20028212201808102
SC_2024_47dce95d040b228d26834f04a651465b.html.gz,HUMAN,0.18754709541842096
SC_2024_4edf6bf013b18f9c72eaeb9063d80730.html.gz,HUMAN,0.24279789161100335
