File,label,score
NY_2024_486aa82ad2f6966c3cc30f903a270956.html.gz,HUMAN,0.31328456151465134
NY_2024_135f12f95fe33f0296c6f32b18ba1690.html.gz,AI,0.568538656444295
NY_2024_4c275ce353bd2e34760de3a5d88d4857.html.gz,HUMAN,0.4611272837975143
NY_2024_80e8ae48aa459bdc5d4a0dc72cbfacb0.html.gz,HUMAN,0.37234800043595934
NY_2024_fb561a2cdc844fe6d2f1433fcdc19ad2.html.gz,HUMAN,0.19678325234386587
NY_2024_891b5fa12b241e60cb64e07279904e3e.html.gz,AI,0.6718517752123131
