File,label,score
NM_2024_d26b59789c906f96e3743b5338be40e5.html.gz,AI,0.70280767266442
NM_2024_ce5c231d57ae190bd569bc67ea9f027f.html.gz,HUMAN,0.45367022004590163
NM_2024_e8ad3ee97a7e5ff5fab278884eae05a4.html.gz,HUMAN,0.2007442449398142
NM_2024_f5667f3fb83d02d4d09f116af9750985.html.gz,HUMAN,0.19463527171533815
