File,label,score
WI_2024_e3ee98d3e0a3cc0874f6ca2c3a632fbd.html.gz,HUMAN,0.23835589287833103
WI_2024_29527164b50c8234eb5d58ba922697a7.html.gz,AI,0.6687224543435857
WI_2024_43c1ead9c529636c50aee5cfc8b78f77.html.gz,HUMAN,0.29619459976937
WI_2024_ed88b34d3a8f5f45620fc258f734d7b9.html.gz,AI,0.6687224543435857
