File,label,score
MD_2024_1b0fb42bc5cc75c0b9750c24b6dde4de.html.gz,HUMAN,0.19149840733958948
MD_2024_848d323d2865cab97b66da10e1d1ceca.html.gz,HUMAN,0.18753208395889456
MD_2024_4400138ab2ca8c8b01e6cd6fbfd27a64.html.gz,HUMAN,0.2038183819451394
MD_2024_943b5a83f9f19378cb64c3b754915e60.html.gz,HUMAN,0.254066411344406
MD_2024_d395244347f95dbcef06cc89696db8c5.html.gz,HUMAN,0.20955649737380388
MD_2024_9c9380c482486e1a879959a56eb546ca.html.gz,HUMAN,0.4969889699886572
