File,label,score
MD_2022_04fb5948f1be915438c41698d4817596.html.gz,HUMAN,0.2405262618976014
MD_2022_1a58e19f1690fd49c61331eb0e743a9f.html.gz,HUMAN,0.19646111178942094
MD_2022_2bc6eedea15a8b14823b967199673265.html.gz,HUMAN,0.32730991761987416
MD_2022_3bcc5463988f3e97b65d09eba8e64ba6.html.gz,HUMAN,0.1948158288039131
MD_2022_6472a9d34b4561683827170b2cbcf6cc.html.gz,HUMAN,0.21893089448019973
MD_2022_43ef9f9c87875d73c42fca5e14d8a56b.html.gz,HUMAN,0.21145184025656946
MD_2022_bb8c605b7d20b40a64e6a04071b65ff5.html.gz,HUMAN,0.19990006421128562
MD_2022_d53d37a665f065e89e02fde137c7bf1c.html.gz,AI,0.643322426840003
