File,label,score
FL_2022_23188e7bc6892b5ca5686ebf95c66a54.html.gz,AI,0.8252884651509226
FL_2022_590f7d2d13494424a108117a3432cfdc.html.gz,HUMAN,0.2172321019983502
FL_2022_3a95175122334a58df9c53fb8d921586.html.gz,AI,0.5175228413526133
FL_2022_617520baad9b4350a68789678e8cc722.html.gz,HUMAN,0.41277771681202546
FL_2022_78da2960b9e1e110f72a210d7c868adf.html.gz,HUMAN,0.3718034941538115
