File,label,score
KY_2022_380bed1bfec3d01de0ca7655b092fd8b.html.gz,HUMAN,0.21679560443523024
KY_2022_2a52eb1400dfa9af6f9ffd0644e3a079.html.gz,HUMAN,0.3336765652463366
KY_2022_295787babf96f69d3c20b5ee1033999b.html.gz,HUMAN,0.2508520847635372
KY_2022_58353af0320c9fb2c72e9d5d96298917.html.gz,HUMAN,0.23211061595232638
KY_2022_3c5e8be161f8feb0f0ac429b440a8dbe.html.gz,HUMAN,0.20425654519529848
KY_2022_787fecf7ac49187b66783f7f67038c31.html.gz,HUMAN,0.36867334999493484
KY_2022_bc1af0fe3e4f06fd4d1fea745c512003.html.gz,AI,0.607752419872908
KY_2022_8264fc82738b92d667a761ce9e55209b.html.gz,HUMAN,0.2020490194631552
