File,label,score
MD_2022_9ab56b8156228ee99e16602690619203.html.gz,AI,0.5693158783782861
MD_2022_0423b20cbea80f690ff84d5f0b7380b8.html.gz,HUMAN,0.18865125615108397
MD_2022_b84d467d7ade7df284b55b7f748ed38b.html.gz,HUMAN,0.19931216557594647
