File,label,score
RI_2022_c47b6f54f7bb433ee38af8ba9ac3ef15.html.gz,HUMAN,0.22039191729594965
RI_2022_72caa7713a16bac1ce676ddce15205b2.html.gz,HUMAN,0.19121594394730465
