File,label,score
WV_2022_6334d4f0b71fca0d36ef8949c5a6b4b7.html.gz,HUMAN,0.3390820801779807
WV_2022_6ef2f55c4933c65aa0e53119975b8e50.html.gz,AI,0.6920527581032079
WV_2022_c71e5e0053c7ddde4c6799dde80cb730.html.gz,HUMAN,0.18926233955002822
