File,label,score
AK_2022_42409b7977ebe8550812370dae4c306a.html.gz,HUMAN,0.2772118965408977
AK_2022_55b574e8645c217e982bc306dfb53806.html.gz,AI,0.9872664465396451
AK_2022_7209d3d7d8643b7e6215c3c338c14310.html.gz,AI,0.9872664465396451
AK_2022_b82fc80aaa37449b0d71c1ca76ff6cde.html.gz,HUMAN,0.18961695515075885
AK_2022_e80f721eec4022bac13ad214288e8127.html.gz,HUMAN,0.31715889622437277
