File,label,score
OH_2022_9ff946a014f7f9554f016a1f317589bd.html.gz,HUMAN,0.1891849562961516
OH_2022_9700d084694665c0080a06baa1ccc29c.html.gz,HUMAN,0.32513723283753804
OH_2022_30d42fbee0a982d62525a6c68197dc8c.html.gz,HUMAN,0.24688190031500215
OH_2022_cdf385f36c7645f602961aa6c9fef9fd.html.gz,HUMAN,0.19107253110075623
