File,label,score
CA_2022_19ce851cef45abd784a4f313e1c0a172.html.gz,HUMAN,0.39624307573209117
CA_2022_c28d626ad35b3253517ac3adc37fa11a.html.gz,HUMAN,0.22543131312575437
CA_2022_33f0919954389a5e860eaff8e0515331.html.gz,HUMAN,0.19632487726140402
