File,label,score
MA_2022_05aef65aa0b70bf5d61da9ca1f2112f0.html.gz,HUMAN,0.22371990086048285
MA_2022_37a2a504eb5907beb129fff61fcf92bc.html.gz,HUMAN,0.24968149508891077
