File,label,score
NE_2022_24ee44d6511951ddec0cfd112a372a44.html.gz,HUMAN,0.18803827231835596
NE_2022_a4800abff9727c507921f749da30209a.html.gz,HUMAN,0.20808970955917883
