File,label,score
SC_2022_4a6a12971db5df7ea8d0e9238c039004.html.gz,HUMAN,0.18978529960052037
SC_2022_6d62fbb84d572a4cc32182765a26256e.html.gz,HUMAN,0.19823186127912434
SC_2022_3465f64f6385a298f9886f76941dde0d.html.gz,HUMAN,0.3968305499104169
SC_2022_f19e95a9d0073d696d09961961bdce87.html.gz,HUMAN,0.18760801214777673
