File,label,score
MS_2022_4817f6e6e1c85c27244aeaa00ca6fe2f.html.gz,HUMAN,0.20047930735545877
MS_2022_45fa9f2fcc25a17ef764cf1d0345deef.html.gz,HUMAN,0.32289011544214724
MS_2022_27dc562adb5ef9d9fbe5aa5ab6fa10d4.html.gz,HUMAN,0.3955303503734827
MS_2022_a5f050156c26f6d23e0bd86dedd7f600.html.gz,AI,0.5051993036438034
