File,label,score
VT_2022_56adc775cbfc3f86537f218f502ee140.html.gz,AI,0.5763267127864914
VT_2022_96d6ef5cbb820ca8cf75d96ba86db323.html.gz,HUMAN,0.3577372343305197
