File,label,score
VA_2022_7c458018389363d16d6022d7976837d1.html.gz,HUMAN,0.21695398081244283
VA_2022_5cbf5d939dc12bba9c1f394d5c31d8ca.html.gz,HUMAN,0.2214297138927198
VA_2022_7996c7f42c71887df4cfc36403a7e13e.html.gz,HUMAN,0.19012417097972245
