File,label,score
LA_2022_82967d2fc329f8e0f2ece0273004971f.html.gz,HUMAN,0.18780712955600085
LA_2022_2ed8c3f55238d62d11a99bd12b83586a.html.gz,HUMAN,0.235381993082614
LA_2022_80b1ac95f7f08a31df8adcc9deba7ede.html.gz,HUMAN,0.2144661290292482
LA_2022_93cda7db2294be742d4548b2e2162e04.html.gz,HUMAN,0.29909284950098
LA_2022_a242f46f78f251c4d9c753faabdaf8e2.html.gz,HUMAN,0.273461794613156
LA_2022_83316829665b07b2b75820ff772bd3b3.html.gz,HUMAN,0.2949521672418356
LA_2022_a94401de93584474020b30d979015ebf.html.gz,HUMAN,0.2560546008473813
LA_2022_fbb7033572b44304f7c202396efc5f12.html.gz,HUMAN,0.24188588318820467
