File,label,score
OR_2022_32e60f7cdd2fe946ccdc34f8493e56de.html.gz,HUMAN,0.20948249366968708
OR_2022_31305724ea94e8ff2ec79c1b1d2cd822.html.gz,HUMAN,0.33449998839703193
OR_2022_1b5985028d69c7a4a618d78304eb25ca.html.gz,HUMAN,0.19169628347280337
OR_2022_e873f1320a16254835d58d6aad4deffb.html.gz,HUMAN,0.37004073689052086
OR_2022_61c4e64f5a2613ab9ee70d93d918fdac.html.gz,HUMAN,0.19045140552405446
OR_2022_76a1819007f5acc22412f974133dfd7d.html.gz,HUMAN,0.4021621791688184
OR_2022_fd2cb3e4ca117640cfb1103c90aceb5a.html.gz,HUMAN,0.3335005041287396
OR_2022_fead528337bbf1e9c9788d8c5ddbd0a0.html.gz,AI,0.601441108368171
