File,label,score
IA_2022_beb2b55b702d7f079e33471260859023.html.gz,HUMAN,0.19744882370756
IA_2022_30aa4bbd4f9832c8af0d0598b271a10b.html.gz,AI,0.8808869131566474
