File,label,score
TN_2022_4a3caf9bc18bf05df6f87a0a2b6f4fcb.html.gz,HUMAN,0.24688190031500215
TN_2022_32db568fce144a8fb6fbf7c13d320250.html.gz,HUMAN,0.20817893759364434
TN_2022_33d7996f9e66bf440149cbec8f1eb96a.html.gz,HUMAN,0.23981143347841535
TN_2022_8ae1bf790e40b0756b335fc9a1569090.html.gz,HUMAN,0.34584686741395865
TN_2022_ba6a9c2e749970137e996d077ec2cc9a.html.gz,HUMAN,0.19284340590989366
TN_2022_a52cd347ae600369ffd41890843e3e45.html.gz,HUMAN,0.34584686741395865
TN_2022_bcdf199942b5682f6fc252bea8064061.html.gz,HUMAN,0.21747983508173652
TN_2022_c14eb89c7a761e43f68c4fdc48385851.html.gz,HUMAN,0.19542606711184474
TN_2022_f5f728d45a6a027901dffeb908652607.html.gz,HUMAN,0.2829501418544833
