File,label,score
DE_2022_a3c9af2c3e13dbbbb149640dd8d28261.html.gz,HUMAN,0.3131927377697817
DE_2022_8b0270d28b0f9badd6a385fc1ddd0a73.html.gz,AI,0.9522884459434944
DE_2022_5088730fe9d51a6076460589927935ed.html.gz,HUMAN,0.31413895820330895
