File,label,score
NJ_2022_6e6d1633177cbf91dccda8c52ae25cd5.html.gz,HUMAN,0.22938280002325193
NJ_2022_4e5873d3c60f6a866ac9933a56196e61.html.gz,HUMAN,0.4941008370960937
NJ_2022_648d05728fd359e90b55e82d0f5014b8.html.gz,HUMAN,0.21568380057347974
NJ_2022_e903194b3c0331e4427a070b8573f564.html.gz,HUMAN,0.25740895037001704
