File,label,score
ID_2022_64affdf034748ff342f66497381d2e0a.html.gz,HUMAN,0.1916634039538176
ID_2022_f3b75746f2e7b6ae3b37b5d3d2f30473.html.gz,HUMAN,0.199849720317692
ID_2022_f1405c791a31446ea99dea24106d0a3b.html.gz,HUMAN,0.4301844528455553
ID_2022_f7feeb246b324df12f3229866e567296.html.gz,HUMAN,0.30814703665686677
