File,label,score
ME_2022_4c8a6ac518d71998e319c784cd44d9fb.html.gz,HUMAN,0.19022397921030762
ME_2022_3c3bee2f708dabfec31406eac7d35708.html.gz,HUMAN,0.24977718393145226
ME_2022_a2b2b2b3769d1b6e9a9a65aaff29309e.html.gz,HUMAN,0.21893089448019973
ME_2022_b6c4ad32234a1086607b14a2a08f2de2.html.gz,AI,0.9071055372985258
ME_2022_c435d933a1313e86fa56be643f689593.html.gz,HUMAN,0.2485394393565456
