File,label,score
SC_2022_3612d8687a9a95b23f4ab3aceeb7eef6.html.gz,HUMAN,0.22354140325028857
SC_2022_5982c7c316c7199e0f8f87a35be6ae8b.html.gz,AI,0.5340127559237735
SC_2022_7ad00b78f453fe1aa1e865b3a9709730.html.gz,HUMAN,0.24688190031500215
SC_2022_fb5c4eb9f0960e5d310d03675d4cc959.html.gz,HUMAN,0.28519607924792856
SC_2022_be8fd6bde9ee0ecc5ac9f275cd210cf6.html.gz,HUMAN,0.22104604133042904
SC_2022_d803b9dd6ac846d40223942d4306b8c2.html.gz,HUMAN,0.27857998460940264
SC_2022_ffd99a2e30424ee3fe8d1176683ea8a6.html.gz,HUMAN,0.18804868324388171
