File,label,score
KY_2022_1fa12bfb1191bd6feebd9a667ac32039.html.gz,HUMAN,0.18793247133100802
KY_2022_ab60a2cea4c0ee705811312754351232.html.gz,HUMAN,0.21740773605424768
KY_2022_7d1096f0b2daab54375ceabbc6180194.html.gz,AI,0.8216593328188168
