File,label,score
UT_2022_19806326758ab7871dd5d934cb7386b2.html.gz,HUMAN,0.33625808459976914
UT_2022_41d799e7d17b92361e51832e41422615.html.gz,AI,0.6541933142304686
UT_2022_6564062cc10ec1a3ab14801082a6fcd1.html.gz,HUMAN,0.36125377808562886
UT_2022_68bde32c05acdf837e01dc436fddcf01.html.gz,HUMAN,0.1878244318178606
