File,label,score
AR_2022_779951136386fcbb6d9a5198cb9ef86d.html.gz,HUMAN,0.27183422171179183
AR_2022_85bdbdfa1eb6a816223b8537cd00533e.html.gz,HUMAN,0.18863408850522057
AR_2022_42a1859e0dac8ad7b3a320085570b6a3.html.gz,HUMAN,0.23825152209002387
AR_2022_a2b1c052a7a34fcf9bfddd0033450654.html.gz,HUMAN,0.1989236076303201
AR_2022_d4edeb008cf643df5dbdd744a60900c6.html.gz,HUMAN,0.3021132184494216
AR_2022_ffbdb5fc168e72dad09a7e84475009cb.html.gz,HUMAN,0.18834418141417017
