File,label,score
KS_2022_41c3ecc26740942a6142dce0ef62acba.html.gz,HUMAN,0.2950002939875739
KS_2022_59901e767b60c062e2c05d61ec064374.html.gz,HUMAN,0.24973464430485495
KS_2022_0367eb9a3ca662e288106997e5775047.html.gz,HUMAN,0.20260429328938276
KS_2022_8322737c8748555314e5fab94c97ff72.html.gz,HUMAN,0.19730486624404248
KS_2022_9ccf8f0e3babfa29a8e9dc7e6bace70e.html.gz,HUMAN,0.22563354980400424
KS_2022_99f72463750ee7014d3e907f1e4c41eb.html.gz,HUMAN,0.22895593144116533
KS_2022_d45fe033a83963bd377a2d73f6a0f95b.html.gz,HUMAN,0.4953878694099175
KS_2022_a3319f9db318cf8bf2796295d512b455.html.gz,AI,0.590423166369309
KS_2022_e5086fbaeb8962508d1ac314b47f25cb.html.gz,AI,0.5471603291087825
