File,label,score
CT_2022_2894275f5f22e8ac1e96caff639ef681.html.gz,HUMAN,0.24408513315596886
CT_2022_151f6c138bc3e4fd34f56d4fa727250d.html.gz,HUMAN,0.2954207296895607
CT_2022_fce157a9efb8972661315d46febb9d79.html.gz,HUMAN,0.18842922854114297
