File,label,score
HI_2022_14f475714ac79143daf46e831cd2d42c.html.gz,HUMAN,0.19979576308330246
HI_2022_5cc3f014069ce8098499eedea46429b1.html.gz,HUMAN,0.1942757296885564
HI_2022_a49711bba88b0c67109faff5ba39574c.html.gz,AI,0.5312077249468175
HI_2022_ad6dbee4324f44e5344516160f1f8991.html.gz,HUMAN,0.18870011080636323
