File,label,score
VA_2022_87f37dc9aec369cde1a81021bed4ca5b.html.gz,HUMAN,0.2054121597510108
VA_2022_9d466185ee587f78d64d7881838db033.html.gz,HUMAN,0.19019757489534442
VA_2022_44b19c05604cf621318e86a1ac0feb87.html.gz,HUMAN,0.23368209308192847
VA_2022_da844a2ca03f2c4cac14945f83d26bec.html.gz,AI,0.567761803435693
