File,label,score
MO_2022_b3b7335189e161efb6c8c322a34b2ec4.html.gz,HUMAN,0.4857110715818131
MO_2022_1c6214f2c2d9a3c1b69841bc1ae08933.html.gz,AI,0.6745857715418556
MO_2022_76e4303f9fa69e67f98d9141b5305e79.html.gz,HUMAN,0.2387861993744266
MO_2022_b7b35635ca06d71eccafb92931dd8e87.html.gz,AI,0.5615608086313896
MO_2022_dca645775465c21c2e8b1d686be44008.html.gz,HUMAN,0.34584686741395865
