File,label,score
SD_2022_4a87d9f3934c767b1e0e14ee013934cb.html.gz,HUMAN,0.1971146410564158
SD_2022_79cb4fa3ca7899016f109175157b0947.html.gz,HUMAN,0.18981785085455313
SD_2022_42386442ef3d1bf8500b7875b7b16038.html.gz,HUMAN,0.2144661290292482
SD_2022_be34176d3a4b01f74244929cb33f18dd.html.gz,HUMAN,0.2867756498523057
SD_2022_b29958c224127369d3e182bf8602d804.html.gz,HUMAN,0.19398346059953783
