File,label,score
MT_2022_9dc6b823b930453aab03c1ae8eb963c3.html.gz,AI,0.5370412380026636
MT_2022_20a8a43e6350d977e1b9ce6a625ac04a.html.gz,HUMAN,0.18845111420051844
MT_2022_b90332fafeacc8d27077599576e7df05.html.gz,AI,0.9998623076308523
