File,label,score
NH_2022_4b97d5dd4a415e4ed5df011f47009f65.html.gz,HUMAN,0.2161906972393166
NH_2022_a2df0b51493f92e334c0eab92a470223.html.gz,HUMAN,0.25474802039663696
NH_2022_37a82a270ea9aba2e66f82522a2d4c6b.html.gz,HUMAN,0.23875598634762657
