File,label,score
LA_2022_83da0b3e9a59bcb8b7ce0820cdbd24e1.html.gz,HUMAN,0.37029255356140495
LA_2022_1026650eb8d09ed9c501a10df8a6217f.html.gz,HUMAN,0.2039398181909308
LA_2022_c56fd24368cf83e6a29d088b73cbccf2.html.gz,HUMAN,0.25942050742048606
LA_2022_f5ae0c71ec75140a57a9738efa104b9b.html.gz,HUMAN,0.28604578939778136
