File,label,score
IN_2022_858682057b62c7ce6ba15d71df1cc462.html.gz,HUMAN,0.22821513751804182
IN_2022_f02d3c2b7ac4031407f40a807135487a.html.gz,HUMAN,0.3122894660100021
IN_2022_a21cb62992bcaeb1c994f28fffcd7243.html.gz,HUMAN,0.26019483107690955
