File,label,score
MA_2022_60c35303b868f77754d51427cbd5ec75.html.gz,HUMAN,0.18829548436682358
MA_2022_600eac1fb8c1d81c1154e7425f18d5e5.html.gz,HUMAN,0.2161906972393166
MA_2022_4ed4e7dfe001d4fad8760f7acfc0a327.html.gz,HUMAN,0.19706413227282576
MA_2022_cd4956f5f945f3db385c1a1721d60772.html.gz,AI,0.9313198383480698
MA_2022_f04ffcf6ec17a7e470b2283d76f3a8c6.html.gz,HUMAN,0.1878244318178606
