File,label,score
ND_2022_a74e7a82723cbc0821134a735ce18ca9.html.gz,HUMAN,0.21550817459378943
ND_2022_586945ef091cbaf08f623c7d7f8a845b.html.gz,HUMAN,0.20622644154949904
