File,label,score
DC_2022_3d89bf2256bc3962d49c8ed1c0434cb5.html.gz,HUMAN,0.19404138109582675
DC_2022_16dcabcd15d72fe8338418e2ebad6072.html.gz,AI,0.6425327510387284
DC_2022_1eff4f4a84094d65458ac74f16246ce7.html.gz,HUMAN,0.19085092025063977
DC_2022_44f98caeefc262502e00223de7202e14.html.gz,HUMAN,0.18774616773240302
DC_2022_9ab141b76f1ad5d629aae544ef4a96af.html.gz,HUMAN,0.19044962521638242
DC_2022_8b376d7c416e242b4c35ea10cd17d133.html.gz,HUMAN,0.19085092025063977
DC_2022_c991aa1c03b23ef03efddc62ec7603e5.html.gz,HUMAN,0.21802712858836518
DC_2022_f9d1a4a9380c7160e0215bc4aa0bee45.html.gz,AI,0.9562859123539916
