File,label,score
WV_2022_257de4f1e18adf8b4d82040832cf0b52.html.gz,HUMAN,0.27035067167531307
WV_2022_0970891f537052fd9a7ced12f1477033.html.gz,AI,0.5933976121125453
