File,label,score
ME_2022_002346ba996fd6ffc1d9b3c7e1c37e7b.html.gz,AI,0.8337516624777263
ME_2022_b3d14b9c6e38576ba69b2960a4c9ef54.html.gz,HUMAN,0.27201046483251823
ME_2022_8ed4604796213b8f76848c1d21a77d37.html.gz,HUMAN,0.35554633890293613
ME_2022_e099fa99e2760392a7fb344a4eac4cf2.html.gz,HUMAN,0.19267287709676664
