File,label,score
OR_2022_2b83acf536fd82aad5390de53bb46df7.html.gz,AI,0.5477078577482005
OR_2022_cc0e565a16529cc6ba8480464b37e524.html.gz,AI,0.5479256734079269
OR_2022_1a0f7ba69401730a109cd319b092783c.html.gz,HUMAN,0.21491862697815203
