File,label,score
MN_2022_0a5362cb6e1051401d9f159d56f36177.html.gz,AI,0.507030415988347
MN_2022_43c989f3f535e213f2db2c06f8d544a9.html.gz,HUMAN,0.38075594373492333
MN_2022_2414e0dde7c403b441c3a40bea7a3293.html.gz,HUMAN,0.20677206195225012
