File,label,score
NM_2022_5d46f27d1a2ca7ed88e07fbe8cf906ed.html.gz,HUMAN,0.2875216747590151
NM_2022_2e9eb44efbff854a1334491cdb1674d6.html.gz,HUMAN,0.2495519290105511
NM_2022_55c7d5912ddfda712163bdd8ff4d6fed.html.gz,HUMAN,0.27356606472385403
NM_2022_d066be51aa720246df3d5e39b364c7ce.html.gz,HUMAN,0.2812215469416988
NM_2022_e1d3c3fac0ef0da5bf62aa1783bcc843.html.gz,HUMAN,0.2542084166990071
NM_2022_da424ba54d145671356fd81adde56e5c.html.gz,HUMAN,0.20375135884792242
