File,label,score
ME_2020_788bdf45aedcd708fddfdce8df0e9ed7.html.gz,AI,0.7735093079635184
ME_2020_0a8c5affcb04daaf3ba6ea7a9226b3e7.html.gz,HUMAN,0.20033720765093221
ME_2020_417c42fcc38412de7c135db86c36a275.html.gz,HUMAN,0.3985988937582534
ME_2020_5976d008dd5df368eea4e98525efcc30.html.gz,HUMAN,0.21875017410728673
ME_2020_090ff7bbf9269553cd253ed4f5e4c2f1.html.gz,HUMAN,0.23439528322669986
ME_2020_977d4c9c046d74f65d7b986c23a783d8.html.gz,HUMAN,0.2010688003211636
ME_2020_bf53be0f5f092fbd70cc97e369b0a53d.html.gz,HUMAN,0.18955350029775975
ME_2020_e4beaefd217be75e7d21bfd0c75acaeb.html.gz,HUMAN,0.20656644445582367
