File,label,score
FL_2020_43b0318865cddb6b896fad56d122f1e2.html.gz,HUMAN,0.22509840575172915
FL_2020_028ddd1819e3b350efca746e62123248.html.gz,HUMAN,0.2202063924343998
FL_2020_634883b56716ca00ac12553959b08968.html.gz,HUMAN,0.3103235742024154
FL_2020_3d9b2893d3323e417d0d3b4cd834a936.html.gz,HUMAN,0.3103235742024154
