File,label,score
CO_2020_900a48a1774e7ddc40d7c4a11ba6a7ba.html.gz,HUMAN,0.1883303948940657
CO_2020_af45cac19625d8537d566707cc800bb4.html.gz,HUMAN,0.32776679952349125
CO_2020_c1e7a51ceb3fce0473f9a808eb8af792.html.gz,AI,0.6714608809897213
CO_2020_acbf64af532cb3552fe3b605c13bb149.html.gz,HUMAN,0.18880939991445295
CO_2020_bc0ed1ece87162cd732f99a5822bb9db.html.gz,HUMAN,0.322291733464035
CO_2020_cd50bd95ac6781d1cace8c05d00c69df.html.gz,AI,0.5583037003491713
