File,label,score
DE_2020_d43b33be1f5479bad9001193621670e4.html.gz,HUMAN,0.27963183403728964
DE_2020_ac3e4993e9272863d1ebfd3ece345ac7.html.gz,HUMAN,0.20300929971972262
DE_2020_d71823c7037b35a3f0ed7de8bfc5f40f.html.gz,HUMAN,0.255064419197625
DE_2020_95a10cfbde04350d93d83ce3658c69c5.html.gz,HUMAN,0.22039191729594965
