File,label,score
WI_2020_d9cc8f1d32e041cfd7da1fee79ba71c4.html.gz,HUMAN,0.19024707736380794
WI_2020_1eccc1e1ea314b4ad6aa32a6188b807c.html.gz,HUMAN,0.20330504271113664
WI_2020_64ded631c08fa7b08f40d272c8b1ba47.html.gz,HUMAN,0.19098785754205796
