File,label,score
SD_2020_cb6d261310d3dee131a9eb4536efff52.html.gz,HUMAN,0.389270555677918
SD_2020_b84135555854e48d570b8d463fc06ff7.html.gz,AI,0.5965447604338011
