File,label,score
CT_2020_d3901ed1dc1ab328643c6951e13bd714.html.gz,HUMAN,0.3306281213925788
CT_2020_ba19205d3329c2828061326e19bb6b44.html.gz,AI,0.6139013238062972
