File,label,score
MD_2020_79878d1a3b3a58b6263c4b03d88b7dbc.html.gz,AI,0.5943535748332158
MD_2020_3da74dc8feec755097c6e7d9c0c3b520.html.gz,HUMAN,0.24688190031500215
