File,label,score
NC_2020_0d3e79ed475fa9318de197373572aad9.html.gz,HUMAN,0.3021132184494216
NC_2020_5c5c84be9bdccb2c7681c0d30503c8d1.html.gz,HUMAN,0.20911960813282957
