File,label,score
NY_2020_28e2d14e8f51a34c23c7a71dcad1d55a.html.gz,HUMAN,0.2053581170966896
NY_2020_8a75c539e4207d75a77d66c782185006.html.gz,HUMAN,0.18752219912565027
NY_2020_e57616684457e1133c6d35dcbc5cb18f.html.gz,HUMAN,0.3367335621442297
