File,label,score
NC_2020_eb566ca1d28cd20786449914e260d76a.html.gz,HUMAN,0.21688862318718238
NC_2020_de3a15cd1c05d6c0a3591e7da7a2ca02.html.gz,HUMAN,0.2784286461756261
NC_2020_c19c9e040b80165f6085280aaf3981f2.html.gz,HUMAN,0.3629630935438557
NC_2020_f18eb52c4f6c8bf7b21bf5d4ef55b3e3.html.gz,HUMAN,0.2107594535953519
NC_2020_0dfa4a5b2f9c96a2adb5e11de1c351e7.html.gz,HUMAN,0.29091207168377897
