File,label,score
OK_2020_113c4852beb06e97c57977c381441432.html.gz,HUMAN,0.39891490487067804
OK_2020_b44a101cb74e9d0e6942b429f5efc097.html.gz,HUMAN,0.20477016403263243
OK_2020_4f6614aae363795ce4b2f42d8cb390aa.html.gz,HUMAN,0.2937057526770777
OK_2020_3c7540feeef1183d3b44d7b4a9621da6.html.gz,HUMAN,0.18760838534411015
OK_2020_d08774e745d4164e8bd1f194787281c1.html.gz,HUMAN,0.24435424675805653
OK_2020_d9e1826e7d346239fe326f0b089c4618.html.gz,HUMAN,0.2061297555224634
OK_2020_ee3e809da439642067e3aa4a8d97a5c8.html.gz,HUMAN,0.19621528671897762
OK_2020_ff288c2c43f801a3d896ba55a3353e87.html.gz,HUMAN,0.1957908540978317
