File,label,score
AL_2020_18671b17aa41d3c7b4fe9cd707efec63.html.gz,AI,0.9980603146552088
AL_2020_4157de58e72c1539ef5a982a72a6345d.html.gz,HUMAN,0.25237702512816496
AL_2020_9e1ab24023b051480bcc8a0669e1e48d.html.gz,HUMAN,0.3779866939963525
AL_2020_14655d4e3a6fc0ad8d81d1a772e8a883.html.gz,HUMAN,0.19469332500643244
AL_2020_3720c4d06dc4080a5b3496bfc357eba3.html.gz,AI,0.5448672565455625
AL_2020_a6d44865e86615ced9f16035b3ca6b02.html.gz,HUMAN,0.27928359958326154
AL_2020_a92286ba276c2dd23daa72702bdcf263.html.gz,HUMAN,0.1875143098730618
AL_2020_dbe75d8af828366b7fc137b92ff40c70.html.gz,HUMAN,0.36334080061137636
AL_2020_c9633564db15d6cbc95932ab846db810.html.gz,HUMAN,0.37852321189213084
