File,label,score
AR_2020_d682933ab040f1f1ea231ba0b31c168e.html.gz,AI,0.8918624815190707
AR_2020_8eec4285b1dfab9a01c1bedeb934ed93.html.gz,HUMAN,0.20958013862565122
AR_2020_d145479feb2f8dfeed1b14847e9e1361.html.gz,AI,0.6724109804182808
AR_2020_68474f5b24d3d1330798b03830f684f7.html.gz,HUMAN,0.19251972625809977
AR_2020_6ea1fe2ac3f8ad39ac470ed38008e2d0.html.gz,AI,0.7559587778810398
AR_2020_d8f7ad8951ae41c521b6ade5bdbb9078.html.gz,HUMAN,0.19005178602250494
AR_2020_e414ed8af62383823138331c9d9919ca.html.gz,HUMAN,0.2589467020222505
AR_2020_da3d3ec37845d93245ceaba28dfeadb2.html.gz,HUMAN,0.47059481051806845
