File,label,score
KY_2020_6e673e5952e15e7f7969651220acfb77.html.gz,HUMAN,0.19957750618755293
KY_2020_7c2ca90b0756b94cc3e110941457254d.html.gz,HUMAN,0.18928230148893788
KY_2020_8affc7b4449a54871508b58c276b269a.html.gz,HUMAN,0.23443107748508307
KY_2020_e18f1d590934911e87259a23de6e7c45.html.gz,HUMAN,0.18778555041431108
KY_2020_de0befead34becfd7c1685dbcd9a4ad2.html.gz,HUMAN,0.23886555997102532
