File,label,score
CO_2020_4743a1cdcc463f719a5b472ba6c8621f.html.gz,HUMAN,0.21411500004992742
CO_2020_d1440767fffefedc7d7841d739e35fb3.html.gz,HUMAN,0.2079296369718013
