File,label,score
OH_2020_7764da9f90ac583991650e5c8f43cc1e.html.gz,AI,0.9745255525916692
OH_2020_db0e83d2b567ba0b8b8ed0ac27ee70ef.html.gz,HUMAN,0.2647818322023929
