File,label,score
KS_2020_586a60d2f3bf1db8dcf75a5f15f6156b.html.gz,HUMAN,0.19583469051178978
KS_2020_034bf74c039fd26d0d9ec66f5e8fbb08.html.gz,HUMAN,0.18748035091168103
KS_2020_557b7fcfaa910c6fc200d4f47148e8bb.html.gz,HUMAN,0.31777257427948224
KS_2020_9f336cfd4293c37063ee0e18dcf4d3b0.html.gz,HUMAN,0.40696820304563447
KS_2020_81cd6b2dd7e129962b2e44973ba3c9b9.html.gz,HUMAN,0.2861038807182275
KS_2020_e22bfd466791286f94cf353ed5b9e4a3.html.gz,HUMAN,0.19133477098790433
