File,label,score
CA_2020_10025f44d15f2d3e04875348555ce0f8.html.gz,HUMAN,0.2452048509510761
CA_2020_a63f0057470a08bf6abc1bc79dc82d96.html.gz,AI,0.7817192329819345
