File,label,score
SC_2020_070ab01d6f7de347c9e845945956d6b7.html.gz,HUMAN,0.32786536821980233
SC_2020_1cb4025e34a23f89612d9eab7d05469d.html.gz,HUMAN,0.19664764392234926
