File,label,score
OR_2020_8fcf1ab0240ce8c5d7b85b699f029848.html.gz,HUMAN,0.1931619862987614
OR_2020_3c32129053f97ee685d6344ac06aeaec.html.gz,AI,0.690508648722103
OR_2020_bea3ca06eca7c45814b9bf54d567f68e.html.gz,HUMAN,0.1899568562850634
OR_2020_ab9ecf9e0a4accfa0b1010122cb26d1f.html.gz,HUMAN,0.19284340590989366
