File,label,score
MT_2020_f44f280e6cd076ae5b19ca6cd70f2c71.html.gz,HUMAN,0.29303849212208055
MT_2020_37c60b44a12322e9d630bdccbd52ed04.html.gz,HUMAN,0.21980902008789757
