File,label,score
SD_2020_aa59ffa0c784e4e6e6f66eadf2f5e888.html.gz,HUMAN,0.2014551863898681
SD_2020_539f0205a628378e1808f26b77b65ce3.html.gz,AI,0.8865178985117813
SD_2020_5dfeca17add739a336ca02cff3a42836.html.gz,HUMAN,0.35580316075364943
SD_2020_42ef2ceb1257a056a6b76fa1a1306617.html.gz,AI,0.9222023305215437
SD_2020_4f1a312742f1787b083e9524a5034d93.html.gz,AI,0.9886348661826142
SD_2020_c5b0d75f1d775166e8b08150886dce02.html.gz,AI,0.8192158138898029
SD_2020_b9f4e59d8d3b18e937c50b6103e5ffa8.html.gz,HUMAN,0.2319025201751932
SD_2020_e4fc506c8ac63f437c0865cf6122dcd7.html.gz,HUMAN,0.2277953710704557
SD_2020_cd199c6eab690ae445a068d8c4c70f92.html.gz,HUMAN,0.2391116720757332
