File,label,score
MO_2020_0260f3f8e869c130c78c0a8118d58b6e.html.gz,HUMAN,0.1895966956679317
MO_2020_19a5f4fed864587281bb86d671668a97.html.gz,HUMAN,0.2161906972393166
MO_2020_5a364424d21d35018be97e8922c6281b.html.gz,HUMAN,0.189079588101236
MO_2020_86ced7497c3cb7b11d68d391e555e5d1.html.gz,HUMAN,0.32290555368687024
MO_2020_51b8da6a949a3499ed0c8945d3f832bf.html.gz,HUMAN,0.3718034941538115
MO_2020_aeac01c29102064b8e6244ed84f4ab65.html.gz,AI,0.839811404196394
MO_2020_e0b7bbedfba41d829694660d3fcf4926.html.gz,HUMAN,0.25209808551081553
MO_2020_aaf0bc9d33bca7711b2869fce31e9418.html.gz,AI,0.9383793443427754
