File,label,score
NH_2020_1164720d7d1c2618ef98dfff423b77ff.html.gz,HUMAN,0.1922346061609086
NH_2020_67c499eb87f963b66c9afd8ba3df5ef8.html.gz,HUMAN,0.4091115173329705
NH_2020_8007d3afc0eb0903e94918afe70f3562.html.gz,AI,0.9545453176487116
NH_2020_78e4a7f53a7d57aa6394e61979ffa443.html.gz,HUMAN,0.18747639482475495
