File,label,score
IN_2020_250e1f7a918948c4babf074cf3bab847.html.gz,HUMAN,0.19151345585547844
IN_2020_d1299ae6fd686bac8f2224a47d05ef3f.html.gz,AI,0.6044256302563253
IN_2020_4c8c69c5c117b795117b9633ee1c97b5.html.gz,HUMAN,0.19813183581964383
IN_2020_f87d2fc4deeb25b71877a9115ad3a6cb.html.gz,HUMAN,0.273158774551416
IN_2020_4fba4fde6de3229a82c4cbe89955aac2.html.gz,HUMAN,0.19172502200628483
