File,label,score
DC_2020_e376480a358b306fa8113480ae1c2436.html.gz,HUMAN,0.28972989501609553
DC_2020_ded128fa7b638ba4f5f765d424357497.html.gz,AI,0.6140716005205964
DC_2020_5c8009a876b791ebc019d89052dbc9ec.html.gz,AI,0.581797801885028
DC_2020_e1a79e0b4e951a63f84e9257428abd41.html.gz,AI,0.7983415531304761
