File,label,score
ND_2020_b93079f9e77b63f6887ecf0716af6fdb.html.gz,HUMAN,0.44962454020887127
ND_2020_64ad71d38ce1ef7c2fad26965cbc02d1.html.gz,HUMAN,0.20718694335889346
