File,label,score
LA_2020_76988739df38ec76d0e6837180297498.html.gz,AI,0.6514360312558962
LA_2020_932e926ad29ec32e993e32766732d9c7.html.gz,HUMAN,0.18764892721442525
LA_2020_91e59d8772594b8891d73a7dd7f7edb2.html.gz,HUMAN,0.24853612013017357
LA_2020_3c278e21230ca2709f37ef849d0e844c.html.gz,HUMAN,0.2508520847635372
LA_2020_41c110a1b411657f73336aff5931d7bd.html.gz,HUMAN,0.2518946278134537
LA_2020_d97d75cb186eeaebe9ab811797bd2d45.html.gz,AI,0.9995877604068506
LA_2020_d9b1aca7443a4c7012c4f562ec764d08.html.gz,HUMAN,0.27117687126038326
LA_2020_ad5db3169a9dbac26f57af033c0c2722.html.gz,HUMAN,0.4645514716069056
LA_2020_e8c20019dc5c93f77863290a3c10b42c.html.gz,HUMAN,0.2518946278134537
