File,label,score
GA_2020_a3cb8943d86523b5516eb3e26da89a72.html.gz,HUMAN,0.19098785754205796
GA_2020_1e349d2e4d85a165d85eb8af77e1cdfc.html.gz,AI,0.9999022448193284
GA_2020_a4a127d664a18406a6d954ae43c90d60.html.gz,HUMAN,0.18748278995797266
GA_2020_1b89022ef49e927ea3e2d052ca8ebcda.html.gz,HUMAN,0.1912449703982499
GA_2020_a12e7afa336682ada1d5c2065fbec3b6.html.gz,HUMAN,0.18795204130706208
