File,label,score
UT_2020_7ba948c09b5595a5de12bdd4ae1bac21.html.gz,HUMAN,0.19441440651983105
UT_2020_293701fabfd96bf3815aaaa5b88340f1.html.gz,HUMAN,0.19811034854312662
