File,label,score
ID_2020_cf888d3b87e1bb8eace7abcfd39284a5.html.gz,HUMAN,0.4236475713959188
ID_2020_84f43caff4ea787ca152498d160cfe48.html.gz,HUMAN,0.24588639164954837
ID_2020_60065146a348fb81923ea2cc4249a7b0.html.gz,HUMAN,0.1875286054341342
