File,label,score
NJ_2020_e4540bd364b49ac32c66196cc03e1d7e.html.gz,HUMAN,0.21864878228697565
NJ_2020_257aeca480ba5957d8d467a9f5514632.html.gz,HUMAN,0.46696107357467215
NJ_2020_e722394cbfb852133e1922e2351c192c.html.gz,HUMAN,0.19664764392234926
NJ_2020_a7f413b3b1e7a511001ca6a6282ac928.html.gz,HUMAN,0.26287882379508204
NJ_2020_cb56189218ebd6559d53d7fe9b9aaf8e.html.gz,HUMAN,0.1957908540978317
