File,label,score
MO_2020_3e5990db4a6d57821c3c258e0b79578a.html.gz,HUMAN,0.3034869556901102
MO_2020_e8d0e549a3c8607b6aa78af39bb50a6d.html.gz,HUMAN,0.3718034941538115
