File,label,score
IL_2020_cf7e656e50bafea4802a9ff460f1927e.html.gz,HUMAN,0.2454946850279107
IL_2020_053e3807c6cca194cefa9d7b87f3c269.html.gz,AI,0.9469401254967493
IL_2020_1ae852fae615b0d3fa12a59cd71776b3.html.gz,AI,0.6170629682147277
