File,label,score
IA_2020_92f0a161f804f275fe724216e1d49d07.html.gz,HUMAN,0.21823393790622017
IA_2020_df54736db5d3e3cc9b6e06a901c871f6.html.gz,HUMAN,0.18792747085906022
IA_2020_1d36f24f6af9b93df8f0a9f0b5639e1f.html.gz,HUMAN,0.1966444609785087
IA_2020_03b0d7dc924aec1a21c37c7a2cfbf682.html.gz,HUMAN,0.19557348214193696
IA_2020_41426df390d6b95a592638f9f293bab6.html.gz,HUMAN,0.20918786179873194
IA_2020_f789a23a6c6db82d5bc3012caa37f958.html.gz,HUMAN,0.3439829683438289
