File,label,score
PA_2020_d464fab4fd94751f3cefa90dd0db3d37.html.gz,AI,0.6535754608752744
PA_2020_12ea164feaaf869c4246dbfaa51c2c3f.html.gz,HUMAN,0.18748625540094496
