File,label,score
TN_2020_29112f979839dc304965e73ccd12ca28.html.gz,HUMAN,0.20697889413266304
TN_2020_398e0f566bc9533d2286bc78ac9f969b.html.gz,HUMAN,0.23494037155746614
TN_2020_32ba8c24e8aa5accf35319e9fc00da01.html.gz,HUMAN,0.19366026980051532
TN_2020_1020ecf924e3183048ec6a3a72a47c5e.html.gz,HUMAN,0.20587767613512595
TN_2020_442c124a60263683088b1fc53cacd233.html.gz,HUMAN,0.21401222269185008
TN_2020_8232c65d85a3ab8e05e14d356bb04cc1.html.gz,AI,0.6474934025495908
TN_2020_8df1d3c786c7fc662dabd9e1d3db3775.html.gz,HUMAN,0.19250052691280986
TN_2020_b81e01907e8c34ddc413e9c50833940a.html.gz,HUMAN,0.2010546015594458
TN_2020_eecb0059bd7f38f7336dcf5df63a2024.html.gz,HUMAN,0.2293768130906236
