File,label,score
WY_2024_cfce704554e3da4524849ad90c2b43a2.html.gz,HUMAN,0.21247759918740725
WY_2024_10a07074252f2208e2e3ed8f14026cf1.html.gz,HUMAN,0.21188598846898235
