File,label,score
WV_2024_36a21228ce42651f81f66dba18de8ca2.html.gz,HUMAN,0.21070753041047047
WV_2024_6bd090fc0b9f0e70cf33674d43d512ea.html.gz,AI,0.7341779278754136
