File,label,score
DC_2024_4d932847f14e0b012ff6a3e542d37b30.html.gz,HUMAN,0.1951897971370398
DC_2024_4f49d69b92ec81fae2514fc3438d1b76.html.gz,HUMAN,0.38526921816373405
DC_2024_1683594ce2bbef9a04aea4ea9c96049b.html.gz,HUMAN,0.24435625801345942
DC_2024_7ac9beb6298e11ad86aa4ff01208128b.html.gz,HUMAN,0.24934958862740889
DC_2024_6b7e5fca3f73aa299d90234b8954f32f.html.gz,HUMAN,0.48624501828614164
