File,label,score
SD_2024_9d1515ca2f5153042e6c4f5cfcac7550.html.gz,HUMAN,0.24688190031500215
SD_2024_45ed535b0efc5f8a50ac997b8e66b0be.html.gz,HUMAN,0.36386957184076674
SD_2024_5bac17651e62862818bf6bb97ee118cb.html.gz,HUMAN,0.1880779104453967
SD_2024_c9fc370871651b3cfa6a66db13b4c44a.html.gz,HUMAN,0.19282838952152515
SD_2024_de9904a87bffda0c71ff6ade50153ee9.html.gz,AI,0.5066638471724234
SD_2024_dc3f34e9fbe0b8fe18680ad30a020693.html.gz,HUMAN,0.19489809523094298
