File,label,score
AK_2024_25b25dc2684e1068d9bcc631c152ec76.html.gz,HUMAN,0.21719433624637802
AK_2024_9278c6757fad36db9a16b84456f8fb22.html.gz,HUMAN,0.21856384347465305
AK_2024_2e5e00bdda4152a0dcfd626da27a7114.html.gz,AI,0.9818463819447836
