File,label,score
CT_2024_08114f87503afc5fad5a11e49db454c4.html.gz,HUMAN,0.18915588382616086
CT_2024_593b7dd49d14e029b293d452e6c0377b.html.gz,HUMAN,0.23621249781908235
