File,label,score
KY_2024_ab864906f7686343e9e442ed24026ead.html.gz,HUMAN,0.30950037988677254
KY_2024_25b1ce3ff1144a6d1f5f1ba6c2f3ce97.html.gz,HUMAN,0.26049514019986014
KY_2024_8777e5a1be9700db20357dd657489a73.html.gz,HUMAN,0.1929686087394339
KY_2024_b20b7b54f1870aa94a96d1c6bb76eef1.html.gz,HUMAN,0.189842321011427
KY_2024_aedb2978a5041a86aab66b70eb51e84a.html.gz,HUMAN,0.18747983193661383
