File,label,score
MD_2024_240d8686134f7839d115100b97a62ba8.html.gz,AI,0.7025900845375188
MD_2024_47376b3eab7861dbc8a2f8dbf8e21d40.html.gz,HUMAN,0.446485830891198
MD_2024_b6a244284827360f923eb721121f7798.html.gz,HUMAN,0.25424488097297554
