File,label,score
UT_2024_d5557725fe5c5eff3a1936cf5a845daf.html.gz,HUMAN,0.18747729379885927
UT_2024_40af25a50034d531129eb329811a795b.html.gz,HUMAN,0.2635412916511523
UT_2024_775663944c4a552b4f0be4fb61ad65d7.html.gz,HUMAN,0.2443381582862488
