File,label,score
SC_2024_958213f4c20be780cc39276ce7f87331.html.gz,HUMAN,0.22992003907092268
SC_2024_0df71f8097e746c528047d213897afb7.html.gz,HUMAN,0.2646562828508568
SC_2024_aab8869ecaa832af5eeed1cc6be1865c.html.gz,HUMAN,0.18885268768135186
SC_2024_cb196fcaf3fe02eab8a305eac6b01306.html.gz,HUMAN,0.2697209777939796
SC_2024_f07ac400ecba8cc99bf87183736097db.html.gz,HUMAN,0.19152853314035112
