File,label,score
ID_2024_621f037ea153ee40766c3b1c47201180.html.gz,HUMAN,0.19029876661294234
ID_2024_53328404b28159e531d9f40694a7ef4c.html.gz,HUMAN,0.2812215469416988
ID_2024_47e1cd3ab50fda3f5d1178a1851804c2.html.gz,HUMAN,0.3448601035526713
ID_2024_f9ea4045a4db8fbe844594c2127bde02.html.gz,HUMAN,0.2296449016572367
ID_2024_9da07d57939fc55250474e59a6c09163.html.gz,HUMAN,0.23494037155746614
ID_2024_ad1fe20b0435eee2c928f2223ce138d8.html.gz,HUMAN,0.4376114830944385
