File,label,score
IN_2024_c7507490e121ec5b3ea60bbd1e98ab9e.html.gz,HUMAN,0.2275864513369927
IN_2024_21c2a909e93647709468e697594ef26d.html.gz,HUMAN,0.19544450499847277
