File,label,score
WA_2024_6272ea158a10a41ac49f26afe6d61ffb.html.gz,HUMAN,0.1951058547754348
WA_2024_84e5ce23a26625b7c0cc6b34dc4b0b46.html.gz,HUMAN,0.2280121811530956
WA_2024_602958842449a059a1958c20950b7fd8.html.gz,HUMAN,0.19601124483498644
WA_2024_8b2358b84d36e4a7ae28e6fb63ab20bb.html.gz,HUMAN,0.1877698095738274
WA_2024_b4774a514ed727f101c3f946f999a8e7.html.gz,HUMAN,0.19343726705030148
WA_2024_88e6f6d20d52eecdeea7dfad2ff50b0e.html.gz,HUMAN,0.2187840135064325
WA_2024_e9856e643ee628894e6924d6ce7353c6.html.gz,HUMAN,0.18749648793170987
WA_2024_e787558232c28fc85bb4a64aa15a696d.html.gz,HUMAN,0.2715164876612699
