File,label,score
AR_2024_b8ce82352b06ac26a41be42dc5604fce.html.gz,HUMAN,0.3154275801463249
AR_2024_642637b862ee9c03e9ac095bfbf8bcf0.html.gz,HUMAN,0.19243334926460712
AR_2024_db4fdc00b3042edcd6b8f2ff416cc9b6.html.gz,HUMAN,0.22359718809712884
AR_2024_eb14aa0c308b70cf159649b8a0468574.html.gz,HUMAN,0.274833030881313
