File,label,score
NY_2024_11f32dddb16a25d5877ba42ea7e1fc3a.html.gz,HUMAN,0.19632800138382347
NY_2024_2b65569720d55ae6f4a2aba6e8f8315e.html.gz,HUMAN,0.20106487687905775
