File,label,score
NE_2024_313f24c5697680d5693f6c7c9ed488bc.html.gz,HUMAN,0.19808200886074062
NE_2024_6fda13607e5000454a68800fde5da748.html.gz,HUMAN,0.2507145695312898
NE_2024_568425d11325f46177620f7f48f12ffd.html.gz,AI,0.6887426709546101
NE_2024_ff40b5b29542e078712d2cf6a9ab32f3.html.gz,HUMAN,0.18825000209014184
NE_2024_cd73c122e7b76b4bc96d7c90b6ae9de7.html.gz,HUMAN,0.42906509439431095
NE_2024_f5a743c9082768466c7b2b2d27c29de9.html.gz,HUMAN,0.2578202853311834
