File,label,score
NH_2024_92f9815176151a96aa07fcd33ac348bc.html.gz,HUMAN,0.22472844773460313
NH_2024_61e1a4cb56b08e06940494483482e7e7.html.gz,AI,0.5062974511268872
