File,label,score
OK_2024_27a555e9c59015f9d5b0be180c081c30.html.gz,HUMAN,0.18764850090417062
OK_2024_42f8894bdbb50463afd6b4171faa482a.html.gz,AI,0.550608181526587
OK_2024_25a213b71ec70fc3fdcafd8d61534369.html.gz,HUMAN,0.3319220882038149
OK_2024_c2b7ca5ac32e48c113d21a0709e31dca.html.gz,HUMAN,0.19197831182489966
OK_2024_c1debc24cb0733bc7f848fa270e6035d.html.gz,HUMAN,0.3719207328059837
