File,label,score
HI_2024_ba509c87aaa41caed118564b78a256eb.html.gz,HUMAN,0.1976391276674702
HI_2024_55927f95e6c91bdc47f62df5b6872e52.html.gz,HUMAN,0.2993259361328941
HI_2024_4c59453ce4446c07d5ab921355c1e3ff.html.gz,HUMAN,0.2666665265761927
HI_2024_bbbc62456ed6482499936104bde09488.html.gz,HUMAN,0.19433225014279926
HI_2024_cbdbd8ce8a8a64915c0ab544f27e094a.html.gz,HUMAN,0.1877385071725924
