File,label,score
KS_2024_84a5f83f25590f1fdc7bdf4bf2972e2f.html.gz,HUMAN,0.21186640531376214
KS_2024_0a57e087e31e8d9dbbb18c872f1ac4ad.html.gz,HUMAN,0.48907536880434477
KS_2024_3ddb20a42b60e2eeab89ee845348913e.html.gz,HUMAN,0.18747729379885927
KS_2024_86cfbe99a5c75c273c8662c8fe0b5e61.html.gz,AI,0.504468076544356
KS_2024_a1350ca5d5726a8ead6f7fad74d4ea54.html.gz,HUMAN,0.42906509439431095
KS_2024_a2e25f2d5c298a56c25521d792c912bb.html.gz,HUMAN,0.26698344325162526
