File,label,score
PA_2024_9aa3360f4b9dbc213754387d31b3981a.html.gz,HUMAN,0.18756197207489028
PA_2024_f59a0393dc508e60a3c873fa6fee7a08.html.gz,HUMAN,0.190878466738601
PA_2024_db9fa325895bd54eab0bb5fd4f855d49.html.gz,HUMAN,0.4655828874859713
