File,label,score
NV_2024_3485e3f85d265f678339692b5da5e155.html.gz,HUMAN,0.2001487404412562
NV_2024_2b7ebe898fb1568e9f6d43bfed1a4e27.html.gz,HUMAN,0.26551564920469406
NV_2024_0253fe8ea2989ec5a0f43fc94590ae95.html.gz,HUMAN,0.19749705530623735
NV_2024_6cab835a1445ff6b8e35383049449014.html.gz,HUMAN,0.21643344122076874
NV_2024_9b5b1ad410134f8ce9b0004b842e4766.html.gz,HUMAN,0.31340588536223185
NV_2024_350a5ba4534f2a17e327716411e3e775.html.gz,HUMAN,0.2154082148911857
NV_2024_c7ae1224c68d519f147b65bf9105063a.html.gz,HUMAN,0.1952319482269402
NV_2024_e3bda9a7eaada66263c4f6981c276e95.html.gz,HUMAN,0.29742442691122467
NV_2024_d22486e6195d5a5bec269a523c22a88a.html.gz,HUMAN,0.27998091448736
