File,label,score
VT_2022_253e9bf44b2157fbf9eb8fee38ec648e.html.gz,HUMAN,0.19097577923053183
VT_2022_af1eecbe2e8302b25883e3a2aa5d479b.html.gz,HUMAN,0.31413895820330895
VT_2022_af913aa85f653e21ac051b813e767592.html.gz,AI,0.7530978821353035
VT_2022_db82523239bd39f82d25151cfcff7eb7.html.gz,HUMAN,0.30762911971272117
