File,label,score
MD_2022_8bccfd42daea780a6c200345c1bc5b7f.html.gz,HUMAN,0.27449652337035013
MD_2022_5b1095df9a484164b7d4274daccb48ed.html.gz,HUMAN,0.18865014320032794
MD_2022_2490b3c77bd5b8b6ad518088c40d5cf2.html.gz,HUMAN,0.29198236267863975
