File,label,score
PA_2022_cccf9c08b648f8c33c1e5ef3b334e53c.html.gz,AI,0.9554227325973409
PA_2022_ff2de55d5d7509c907b91b89e53546cc.html.gz,AI,0.6808190244351665
