File,label,score
NY_2022_81119192a0c4dd125c5b4ff05815753d.html.gz,HUMAN,0.29948778414722566
NY_2022_6e5d5cfc1611211282a733be4ef47c6f.html.gz,HUMAN,0.1915718413439831
NY_2022_2c9b948cf9cb8966e8e8e3d9388a2e5e.html.gz,HUMAN,0.3479396042712561
NY_2022_88cbb6700a56ff486c2587618e193e0f.html.gz,HUMAN,0.2806816178102556
NY_2022_d149e1bdf4e3435b04885c1d17bcc4ab.html.gz,HUMAN,0.2698719771759466
