File,label,score
MI_2022_b3635bea88709ff238edc99e9d15f44b.html.gz,HUMAN,0.1876610579937167
MI_2022_ce1ff8fe0c275d32cfdf37da6a965098.html.gz,HUMAN,0.4602745911652725
MI_2022_d94a520fc6d9cc4ec68080fd1b673d42.html.gz,HUMAN,0.24408312778886568
