File,label,score
NJ_2022_064c1e08ef641a84674e45f96d4c02a8.html.gz,HUMAN,0.1937518285232555
NJ_2022_9a714c590dd591f793ecb15f3a7e2ecf.html.gz,HUMAN,0.18786433355682997
