File,label,score
VA_2022_cfa5dd5066f9c2accaf0682ae3f0cb46.html.gz,HUMAN,0.22315070862797454
VA_2022_e099f9acb662ed922d220f42276cff16.html.gz,HUMAN,0.2368070604661376
