File,label,score
OH_2022_9db1c7bf589bba2196dbf01502f90348.html.gz,HUMAN,0.3264558529579315
OH_2022_babd6ee83eb7b741371465e7c052f904.html.gz,HUMAN,0.18751882820043564
OH_2022_b6f7e3ea2fb2626adca659dba6b582a5.html.gz,AI,0.5064553221859722
OH_2022_ff333c13c0465ac95e7d5855b17d234a.html.gz,HUMAN,0.22706695443224628
OH_2022_bea77977f1008d5252cb8bfd7e193fc2.html.gz,HUMAN,0.4416765955076345
