File,label,score
MO_2022_6419daad871871f426e6ead3466dc50d.html.gz,HUMAN,0.2587049387407527
MO_2022_46b112c98fe1048f88090cd0339d6074.html.gz,HUMAN,0.18759013277507336
MO_2022_470291ebccff0ab9f5784ea9108cd37c.html.gz,HUMAN,0.2778990995110438
MO_2022_e9d42bc05249b92c62affb2a7f341990.html.gz,HUMAN,0.2193739162489044
MO_2022_9785227bbc65c19e747eab41f43dff97.html.gz,HUMAN,0.21770051506210547
