File,label,score
TN_2022_b2e32096b0ae07e15785b5ff7a7b620f.html.gz,HUMAN,0.19692637574920346
TN_2022_766c62268ed9b80397afc804c8e0bdf9.html.gz,HUMAN,0.2511276718335164
TN_2022_519c74ae653f8a4e3a700d8525627c81.html.gz,HUMAN,0.36281302519626285
TN_2022_dca5f4b46dba2cec50dd707e8cd9fd28.html.gz,AI,0.9766023889252975
TN_2022_f1b8fec09a1fab820c9af68e52dbe2eb.html.gz,HUMAN,0.4192558526028342
