File,label,score
FL_2022_597c491810ab3f156f1eff39dd7bab82.html.gz,HUMAN,0.2456250737281524
FL_2022_3b522f7f06ba786e312fce50ce565527.html.gz,HUMAN,0.3824409543208962
FL_2022_73706a239a8a82519c4ea080e8d1c8bb.html.gz,AI,0.9187264957196218
FL_2022_b572834c028ca8ddf9b72aa31a54b4bf.html.gz,AI,0.9994412933670159
FL_2022_80831043e60f7d8c33a2a3a892e28e69.html.gz,HUMAN,0.18881681187399635
FL_2022_809dd6f6e1920323fa536dbce5897dfa.html.gz,AI,0.9599555659415486
FL_2022_b58fe55bf6828cd77853fb90235e6748.html.gz,HUMAN,0.29313364883652154
FL_2022_ddf2779af8ab453732566bc5b5c6ae6f.html.gz,HUMAN,0.22482838535336927
