File,label,score
VA_2022_46312cea69b782767abf9d15cc0b70eb.html.gz,HUMAN,0.23993385606416195
VA_2022_622855d5e2b955db75ad128e878abac6.html.gz,HUMAN,0.21019632724987972
