File,label,score
UT_2022_34b671dccc354d10c88855d006ae2dcd.html.gz,HUMAN,0.20904137433505962
UT_2022_36c2ddc0be27e7b7df8fa9404cd43143.html.gz,HUMAN,0.21007840597158584
UT_2022_b7abe6d1e16f47701c039cf2664c3206.html.gz,HUMAN,0.4770283965041005
