File,label,score
CO_2022_cf52883962d68a734ee9f3f3511b2725.html.gz,HUMAN,0.20028592252740676
CO_2022_e9c69b074875a83f3fa996ef71b4f6d2.html.gz,HUMAN,0.18907017696144268
CO_2022_6e65983558c2cdc60e2defc665900a8a.html.gz,HUMAN,0.18787363797424947
