File,label,score
ID_2022_a3eec943e608d39f859b9a750a8bbbd9.html.gz,HUMAN,0.19544450499847277
ID_2022_66b4b1c1812a82505dd13154f5b7561f.html.gz,HUMAN,0.18894011062108862
ID_2022_0b9114c536fe6a57c485e367ae65e6e9.html.gz,HUMAN,0.18889667238851685
ID_2022_f660cd3226aaa93105d8ba587aa8f292.html.gz,HUMAN,0.3782644321689767
ID_2022_f5bafa2fd5176b8a34161060afa2f475.html.gz,HUMAN,0.23938892688090055
ID_2022_ff91f50db30f2d3163ae7fe45470889e.html.gz,HUMAN,0.22717053401758722
