File,label,score
CT_2022_85080e7548becfcd64984e608775ced1.html.gz,AI,0.5219909110042795
CT_2022_82bf81b2f7fed4a2611ed8158810d797.html.gz,HUMAN,0.19494226551157268
