File,label,score
NY_2022_019603d301b30a1372fe431cffd0611e.html.gz,AI,0.7185252953793584
NY_2022_3fab5674a987f61cbc9106ff45a832fe.html.gz,HUMAN,0.22810995473081264
NY_2022_80cd9aee8425b671663f8b0a3ea894df.html.gz,AI,0.6770938737409907
NY_2022_f2aadfe89ec218870db5b05507fb9c43.html.gz,HUMAN,0.21030416623408962
