File,label,score
MA_2022_095683180d9bfbfbf9dc3dc896ad5eee.html.gz,AI,0.9999999869810251
MA_2022_0787948b19e9c086df83511dff4411a3.html.gz,HUMAN,0.32155329091636725
MA_2022_48f4e10f20fa480a1fdc0ed9a60bfe52.html.gz,HUMAN,0.20694910903968258
MA_2022_7a2679309879b4de4f0a1e7fba76094f.html.gz,HUMAN,0.362286245412224
MA_2022_866d458a7d127eb88c78766da40aff47.html.gz,HUMAN,0.2429245289366021
MA_2022_c0405ae747e0ad7c7e2aa273b6f7c4c6.html.gz,HUMAN,0.23100675342038296
MA_2022_d4b03e13e477e5cc2f69aefd2bd0c0cd.html.gz,HUMAN,0.2039398181909308
