File,label,score
AR_2022_1bdb57ab4dd579bacd90d452a1eba8f7.html.gz,HUMAN,0.2139711747706855
AR_2022_bb9d05a04716656f06e0c8e07368f85c.html.gz,HUMAN,0.19632800138382347
AR_2022_be580aa9d68949329b18eb24a211301e.html.gz,HUMAN,0.18755140484811017
AR_2022_ce74e5fc372b5ec8f9d6bdbde5fb6e6f.html.gz,HUMAN,0.21145184025656946
