File,label,score
OR_2022_b183fdae94d656745f6cff1074138a55.html.gz,HUMAN,0.28173904545121486
OR_2022_8c71b34ee6f44a031151eb0016b33ec1.html.gz,HUMAN,0.19172502200628483
OR_2022_56e4e1da4a30bc128c6961559ed472c0.html.gz,HUMAN,0.1889946268829141
