File,label,score
TX_2022_282b6a54b57365b254c49eb2bc7af580.html.gz,HUMAN,0.43420559919796603
TX_2022_3e07b005c5b0f149ba7b4ded28833084.html.gz,AI,0.5393183315583143
TX_2022_5105a86efe3998222ccc37b9adb8c65e.html.gz,HUMAN,0.4063848719008071
TX_2022_75545e78c843fe220ce5bd31641d600a.html.gz,HUMAN,0.1894789906129918
TX_2022_6cd805ecdf5bf394c58eb96cb416aee9.html.gz,HUMAN,0.35734930256212344
