File,label,score
UT_2022_34b671dccc354d10c88855d006ae2dcd.html.gz,HUMAN,0.20904137433505962
UT_2022_c7b8c5e1ce6c69fdd40e3f7b3b1ebdca.html.gz,HUMAN,0.18860340265122294
UT_2022_46ee6a0d9e25a7a4568c53a5a7e1456b.html.gz,HUMAN,0.1898868455224577
