File,label,score
KY_2022_3b9d77726713102415e6abfa50c2b0e9.html.gz,HUMAN,0.24179115920716254
KY_2022_52a90236be10f3a10bcef4ea768712c7.html.gz,AI,0.8341689370492212
KY_2022_15b0dea20b2a06440f107df21d4163a2.html.gz,HUMAN,0.18750601372865852
KY_2022_841a122bfe7faff00701852d7e3589de.html.gz,HUMAN,0.18893236219948834
KY_2022_70f982b4d88eb5955576a4e794af986b.html.gz,HUMAN,0.3237860970230712
KY_2022_d005d60a5aeda7ceb652374780312b98.html.gz,HUMAN,0.27282640203220987
KY_2022_ebfeee3a22e35ab2dad7706b03b5454f.html.gz,HUMAN,0.18885268768135186
