File,label,score
WY_2022_2e7f87a5c50d7ed578bc668fb3ea4433.html.gz,HUMAN,0.45364697629033857
WY_2022_3d8ddc15a8468d520949b7c049ee9e6e.html.gz,HUMAN,0.1957501538492105
WY_2022_736a79552c50bc9056b76fa42619233a.html.gz,HUMAN,0.26573143284740636
WY_2022_dec7e262852995115c1c145538c526c9.html.gz,HUMAN,0.18817359447125012
WY_2022_85eea36d0d861f621e7026d53fe2e86a.html.gz,AI,0.7192774374456404
