File,label,score
WV_2022_59c152711f59ecb78a11d2c068b564ba.html.gz,HUMAN,0.19915446616367086
WV_2022_4ad695a4f988b2d3bb3b1c929c172d89.html.gz,HUMAN,0.1914513698316737
WV_2022_0d34cd0242075b87796a6e93716f29bc.html.gz,HUMAN,0.3111649142210693
WV_2022_b4d2971017fefd72309b92e33f69acd2.html.gz,AI,0.8416394650600387
WV_2022_fea3c0e5f280a2b557f3b4e1d309d291.html.gz,AI,0.8591154403363311
