File,label,score
LA_2022_da436e3b3218816190e646f755f4dc0b.html.gz,HUMAN,0.2684707369614435
LA_2022_ad673cdee460c9f0ce175902a0f0f5cc.html.gz,HUMAN,0.19592272582382395
