File,label,score
CA_2022_6e046105dada0e387c7ce15f11b0ed52.html.gz,HUMAN,0.2982566067290714
CA_2022_9794aedf1b0bd6d4ef8a9f8b32e7b142.html.gz,AI,0.5081311550045586
CA_2022_607d00f506c6cd0904f1e927e76bb485.html.gz,HUMAN,0.19653280137854173
CA_2022_9f8777be0af38aa4532fb07761526833.html.gz,HUMAN,0.3509484967381079
CA_2022_ccdd9c160eb796186c2d9ee0f7719a0f.html.gz,HUMAN,0.2496211086498988
