File,label,score
WV_2022_af68f73389a735d3f77c367ec2c748cc.html.gz,AI,0.5607874808295585
WV_2022_2afab033ead0efb80b9900ee98a2f526.html.gz,HUMAN,0.1933066245967454
WV_2022_426c0d548dfa025a73fb62525d79fc78.html.gz,HUMAN,0.37965686112801256
WV_2022_b4d2971017fefd72309b92e33f69acd2.html.gz,AI,0.9734280009094181
