File,label,score
MN_2022_2fceae7bf8c1cab27db06d2b13b74018.html.gz,AI,0.7924347869599266
MN_2022_0c30a91ffb0f780d566204ca327dc7d5.html.gz,HUMAN,0.4476253677302934
MN_2022_904d3d9440735d044dac51f405445961.html.gz,HUMAN,0.23289191488378813
MN_2022_d8c9b176fe8a52487a15a063578b9fa6.html.gz,AI,0.9913282525408439
MN_2022_db621c1068001739990143f9c3cd96d1.html.gz,HUMAN,0.24688190031500215
MN_2022_97dc8f481913bbac9dcf2dd98a9302a4.html.gz,HUMAN,0.47213511710576606
MN_2022_f3f8eecfc094469f7321324f7ab21cdc.html.gz,AI,0.6630116323004109
MN_2022_ddddb758949e7f859ff47e418a548913.html.gz,HUMAN,0.24934958862740889
