File,label,score
WI_2022_2253f56e02d37eaf383f82da4e82da53.html.gz,AI,0.996188362495767
WI_2022_0a08424d4f5775546239719ec7f1c35b.html.gz,AI,0.7904462936197817
WI_2022_6e23e8aa5b000e552bce752ed825286a.html.gz,HUMAN,0.2385967531415862
WI_2022_8fa29f71384f400763fcee79efb7c78d.html.gz,HUMAN,0.2051609372694687
WI_2022_a99564287aa7e30c865d44462c457a14.html.gz,HUMAN,0.18767405470409304
WI_2022_7e8c96d8838fbb2d20036cca41a013dd.html.gz,HUMAN,0.19720622415686886
WI_2022_aa92d5769e423810abd1adb4028e4d3c.html.gz,HUMAN,0.21436258505483594
