File,label,score
WA_2022_599a276a9fa4e61891d1702a78210a81.html.gz,HUMAN,0.190904213347598
WA_2022_922b6da74d24eae7b12b97c48a9e8187.html.gz,HUMAN,0.29350165143139745
WA_2022_7d43ad3d9b2440475b406d16a3dade06.html.gz,HUMAN,0.40757335902765107
WA_2022_9fe344b0cce984d772f591f530467823.html.gz,AI,0.6653652933353654
WA_2022_c9a42d2991c3cb9351c603900e45ac5b.html.gz,HUMAN,0.4416765955076345
WA_2022_996f3921fbb8d2ecec93bddd03b313d2.html.gz,HUMAN,0.26954779015531233
WA_2022_f7d9b20397201f9837af8da7a7bd069d.html.gz,HUMAN,0.4416765955076345
WA_2022_ed6ef5d08b46242f9b520f9c982a2369.html.gz,HUMAN,0.3219979470975445
WA_2022_cb48a68a60a0151be3b1b166991d09bf.html.gz,HUMAN,0.18756386290316907
