File,label,score
CA_2022_33ff30e29e5e630e488fb7b6d9898199.html.gz,AI,0.5471603291087825
CA_2022_3416ee0d874a3e2c4145bc28540cf4b9.html.gz,HUMAN,0.36123567195707423
CA_2022_2df6c9642ed0f9668cac6ea1b1fc617d.html.gz,HUMAN,0.18857205622872425
CA_2022_b93b6f5e519cfd83b1518659ed68533d.html.gz,HUMAN,0.18757791881454525
CA_2022_c970bf2be4cab40ffd3de1d32535fb5d.html.gz,HUMAN,0.19774005948018716
