File,label,score
ME_2022_e14d22ee0d9480adede05ebd679ad8e0.html.gz,HUMAN,0.24786935258242568
ME_2022_3f62e2770bcefd1f217c0485a58ba140.html.gz,HUMAN,0.189416220648151
