File,label,score
AL_2022_0696dd2c49ba2ce4b7c06af4e355cf02.html.gz,HUMAN,0.1922346061609086
AL_2022_2f9f425bd667b2afe3eee342786a8503.html.gz,HUMAN,0.2314536372758316
AL_2022_020f1614fd57002328fab4cbb098ee2f.html.gz,HUMAN,0.21910594334210745
AL_2022_4c62324b3022aa20c84688f0f5672c0c.html.gz,HUMAN,0.19409688303657774
AL_2022_6764321aaf5a578d620578a4727cea94.html.gz,HUMAN,0.27446612157724154
AL_2022_509c01103c033dd2af075691c0ebaa41.html.gz,HUMAN,0.38785569228237426
AL_2022_90155d364a410bb5d42f67668a7bd923.html.gz,AI,0.7983415531304761
