File,label,score
MS_2022_019ef09ed79c84bf521d19c60311f3f1.html.gz,HUMAN,0.30782180963029887
MS_2022_ae8725edd9e2e156d14cee26763e9b99.html.gz,HUMAN,0.20100813850290275
MS_2022_29e746c57e7a67875bad2a6f5a59b314.html.gz,HUMAN,0.19874298541827168
