File,label,score
ND_2022_5344098f96479b808f43bdfc3cd7648a.html.gz,HUMAN,0.31715889622437277
ND_2022_457f20d18039217bd2969d452ce9ad93.html.gz,HUMAN,0.3910202736922334
ND_2022_c1e4f283a0d91b6922d8b0afe27a7e6e.html.gz,HUMAN,0.22706695443224628
