File,label,score
WY_2022_9d2c73b95e5c89f0935818baacf6ac08.html.gz,AI,0.9878367119006238
WY_2022_425a0086d507ea20993799f1b59fc089.html.gz,HUMAN,0.19803230566207874
WY_2022_dec7e262852995115c1c145538c526c9.html.gz,HUMAN,0.18791755261184526
