File,label,score
SD_2020_abe908e45ad353e10b2f2efb48fb0ac5.html.gz,HUMAN,0.20060444676776812
SD_2020_7670da6e2f39e5780edfe38267734de8.html.gz,HUMAN,0.1896513227771115
