File,label,score
MT_2020_7e8228627b98a08514f536b9f38ba568.html.gz,HUMAN,0.18784667911274655
MT_2020_4d81c5382548d3f9231c854b9a315243.html.gz,HUMAN,0.30278053901407403
MT_2020_67a259272ea893fc4d14b42039f36136.html.gz,HUMAN,0.20549023600163419
MT_2020_9b8239f061aa82539d1a08cfac99c28b.html.gz,HUMAN,0.21549284636143481
MT_2020_842931072cd8afddbc57832e14a85789.html.gz,AI,0.5662092225467483
MT_2020_e95ca8e23d4b0c41e85416b7156635fb.html.gz,HUMAN,0.30414541706378445
MT_2020_ea74ecb3f66131638d31e9b609ddb3e7.html.gz,HUMAN,0.2020490194631552
