File,label,score
AZ_2020_b38d9f7a104984918c96de16ff1edaf4.html.gz,HUMAN,0.19894953559603112
AZ_2020_08ca10187cf30ab29b85990a52fc0d7a.html.gz,HUMAN,0.18747520945132634
AZ_2020_c2e14c5fa5361cbeacd06c95631ebd50.html.gz,HUMAN,0.18880082596178033
