File,label,score
OH_2020_7d1cd2f388d1c89298d5240bbf67d0f4.html.gz,HUMAN,0.18878258717141125
OH_2020_5c30a1f3a3ec02bba4499d8b1ad7c85c.html.gz,HUMAN,0.2087913636964214
OH_2020_bd57e6d52673a11c68d65126cde2ab97.html.gz,HUMAN,0.23089734521200814
OH_2020_1834213f0ed7b6f19b578259e9afc073.html.gz,HUMAN,0.2311163258115233
OH_2020_0de07eab8e53f663ccff005ab07de1e3.html.gz,HUMAN,0.21172957053492983
OH_2020_be3a29eecb0a7f9165439c8d386a4ec4.html.gz,HUMAN,0.21915763894355192
