File,label,score
PA_2020_dcf12e306fec0225dba0ff2ba627ad16.html.gz,HUMAN,0.18749062213160883
PA_2020_1ed931c5903fe3591847dc89104cf646.html.gz,HUMAN,0.1893632703934543
PA_2020_1394d73b850993a4a0695b7b128b05a2.html.gz,HUMAN,0.19632800138382347
PA_2020_ab0de604d57ae202a3c2e96cc28fa256.html.gz,HUMAN,0.36867334999493484
PA_2020_6b88ceb0dfbe6cf0d1fab5d15180797e.html.gz,HUMAN,0.24688190031500215
PA_2020_f58d60a569e0c801310be6c994a19f7e.html.gz,HUMAN,0.20089504439020955
