File,label,score
KS_2020_11bfa4d97d13fc2f0addf16d06f19239.html.gz,HUMAN,0.2809134308505153
KS_2020_f07c74566f483c533b4cb3277c7fff9b.html.gz,HUMAN,0.21184683099400267
KS_2020_ae68f6bce4edcc1fc98ccb6719ea58f9.html.gz,HUMAN,0.1886663091333294
