File,label,score
WA_2020_6e951029122409531cd2dad74601e5ab.html.gz,HUMAN,0.2814199655881061
WA_2020_5b140f7637054bb1a319962e77fc658e.html.gz,HUMAN,0.2904772001256185
WA_2020_47feaa256954e8a9073029d965828afe.html.gz,HUMAN,0.19356426585270486
WA_2020_72437c5ad4ec6f310da95849d6c01010.html.gz,HUMAN,0.18825654922604587
WA_2020_686c0d419307458a3e80af5bb46565de.html.gz,HUMAN,0.27858966422212916
WA_2020_9d0a022dcd767c8c132a0d4898bb28db.html.gz,HUMAN,0.1915718413439831
WA_2020_baa76f80e0a62edcc1f0b02c875100d7.html.gz,AI,0.802873725658637
WA_2020_e12029a2b5c4dc07120c1ee947d2627d.html.gz,HUMAN,0.19920690738197303
