File,label,score
TN_2020_043dbec98b9712046f928bd46acebf4b.html.gz,HUMAN,0.19207217835647178
TN_2020_5a72f47cd6ef53e4660f54862f428fc6.html.gz,HUMAN,0.22068946610564544
TN_2020_609eb2fab4387c7b0c4b3f0e101f6fbb.html.gz,HUMAN,0.2170412534963666
TN_2020_2856d8814a86165d0cdeca54ed2c6a5a.html.gz,HUMAN,0.262925770907833
TN_2020_e788c56b757ba57d70552b45044d30bc.html.gz,HUMAN,0.26797004611040554
TN_2020_ee02f12acd775ae265d594b958e3fbec.html.gz,HUMAN,0.49214695441139594
TN_2020_fd40be15be92a3758dd6db5951a96caa.html.gz,HUMAN,0.19910575937997732
