File,label,score
OR_2020_c9c61405204c0d3d17e6fa2c24328517.html.gz,HUMAN,0.187497736056274
OR_2020_1226aa97613bb5d5b2d0e0df6e6fa125.html.gz,HUMAN,0.29081821166666505
