File,label,score
PA_2020_9924d92daf6528d43f30ace616499804.html.gz,HUMAN,0.19813528177229908
PA_2020_40254b5fbc4656a1957d663541c99540.html.gz,HUMAN,0.19341633652247564
PA_2020_a491231e0a7a56e4c6ea743ec0acfacd.html.gz,HUMAN,0.18778200190154629
PA_2020_272dfea79ed86dd8b63062d7cd4bf543.html.gz,HUMAN,0.23776500319796334
PA_2020_95329831784b5f8db518d51f09a21d78.html.gz,HUMAN,0.2772118965408977
PA_2020_da6614738cffe44660ae2a2da626bbb3.html.gz,HUMAN,0.2509897854847136
PA_2020_b20bcfdceb3fee20257210810f6f5360.html.gz,HUMAN,0.24894368800195676
