File,label,score
NE_2020_f05e326f666745bce1c2c077a267a3ff.html.gz,HUMAN,0.21627667161545275
NE_2020_57919f24b406dfe75a9c3935a2df7943.html.gz,HUMAN,0.20696638539052842
NE_2020_11bfa4d97d13fc2f0addf16d06f19239.html.gz,HUMAN,0.2809134308505153
