File,label,score
AL_2020_9286ec2a09455f557c5ca7fac9e44805.html.gz,AI,0.9577178850787672
AL_2020_25e5c13935f5fa153bf3709ef95013b6.html.gz,HUMAN,0.23443107748508307
AL_2020_545063995dd30a41f9c8f4caf2a48f65.html.gz,AI,0.9499390914075916
AL_2020_62b7ee80c55339f7c4e8c2a3286a2b7c.html.gz,HUMAN,0.20258925043550244
AL_2020_9e31750c4fe1e2a7738656ac3fad0557.html.gz,HUMAN,0.18837815772765315
AL_2020_d6b2db6731d244d22dbb03c8a10c0ade.html.gz,HUMAN,0.2529380716914064
AL_2020_ec8317d92858f074efbf6a32956a0449.html.gz,HUMAN,0.19960790452692934
