File,label,score
AR_2020_a0871afd3a5d8c354260de4fbda6cb59.html.gz,HUMAN,0.18816740693895387
AR_2020_4037d0cf9eae9fd38c733a67f67a57a0.html.gz,HUMAN,0.21859253536684542
AR_2020_80393894ae16fb026fdd0f133ac1aee1.html.gz,HUMAN,0.18815511481318606
