File,label,score
MN_2020_839e3a69c6e7697e021b0877ea445de9.html.gz,HUMAN,0.21500241181983926
MN_2020_4ad063143f313886f7f95143618cbbec.html.gz,HUMAN,0.198433400199916
