File,label,score
AK_2020_0635a22af20da0e4ec18711d67fb9133.html.gz,HUMAN,0.31065316072497096
AK_2020_dc0920962726b776cf57267d0cb152aa.html.gz,HUMAN,0.3504619314098324
AK_2020_c8951c2de1822241268c54c03c6a7229.html.gz,HUMAN,0.20009408896649997
AK_2020_f15e45cb20a2cf8d64677642b9296aa6.html.gz,HUMAN,0.2032742172392036
