File,label,score
IN_2020_8b729187f1caea868374647a2df864d1.html.gz,HUMAN,0.44036466056040247
IN_2020_88015723fc203de55e89d8f831ce66c0.html.gz,HUMAN,0.2357233514822602
IN_2020_804f958cd914693ac1c065afee6ccf33.html.gz,AI,0.8927353022250614
IN_2020_2f1aeeded803a48431ff6491d2beae17.html.gz,AI,0.5941840877501663
IN_2020_83edea98d7fd2328caf51299961f9491.html.gz,AI,0.9555931480573551
IN_2020_a0534c6b88bd3ef8ee217bb65671082d.html.gz,HUMAN,0.2746973297475366
IN_2020_eb967afc0885e26b7a7eedd44828975f.html.gz,HUMAN,0.21442468434109496
