File,label,score
GA_2020_641b758e710c94dc0b0792b3415db990.html.gz,HUMAN,0.4607860450203143
GA_2020_3c6059776c00ef9a30aebe34ffb21885.html.gz,HUMAN,0.29237394438558667
GA_2020_ce82e1baabfb55c43b4cbc74aef28ceb.html.gz,HUMAN,0.23403824234161333
GA_2020_660de9cd9ee05dfc3d3bf28844a841ef.html.gz,HUMAN,0.2309322358965044
GA_2020_6056fe2b98e81bd6a05e1f733437d235.html.gz,HUMAN,0.18815426991934173
GA_2020_e402244c722cf14e616bd27af9146cc2.html.gz,HUMAN,0.20488813343989418
GA_2020_def6af9a39ddb5a02ce6731e07209cb0.html.gz,HUMAN,0.462470755119757
