File,label,score
CO_2020_73bff5f17a802ffbdd2c1f711d33f3ee.html.gz,HUMAN,0.2806816178102556
CO_2020_c8d2f248e50b6b77389fd3e30e02833d.html.gz,HUMAN,0.1956847941371328
CO_2020_4bb202ae0972dedcbdcd2aa4fd8272de.html.gz,HUMAN,0.21963686201287067
CO_2020_d71dbe5534246d7590accf5ed51f0812.html.gz,HUMAN,0.22095213823931922
CO_2020_3dda8b5ce35d6c0b6e848f2d72bb1019.html.gz,HUMAN,0.35760786166153313
