File,label,score
ID_2020_33e54791bd4f63fab471bb75a0b7b5cd.html.gz,HUMAN,0.20078245997529467
ID_2020_413a1ccf18775d7a79a9a3898dd15220.html.gz,HUMAN,0.18890432462696943
ID_2020_cd9075b86567434ee340e39d2964dbc2.html.gz,HUMAN,0.18750240441463353
ID_2020_cab2dfdb4c9830a2edbebd8ab55942e8.html.gz,HUMAN,0.2441854570895086
