File,label,score
OH_2020_a643e97def3be0994213eb180c2ed3c9.html.gz,HUMAN,0.25168107628087283
OH_2020_b2958cf3cb9d36608057d952b9cbc834.html.gz,HUMAN,0.4916082755348787
OH_2020_06c57b09f1ced51bd54d984ebe8e1ee5.html.gz,HUMAN,0.19200801828570632
