File,label,score
MD_2020_2844779160bc6cc333eef2306225dab6.html.gz,HUMAN,0.2109123349318132
MD_2020_999f09e438ce8bbba5ad24235327dfe1.html.gz,HUMAN,0.20270564786824652
MD_2020_e29ec620e5251a2a65e33ee86b3e7bce.html.gz,HUMAN,0.19477487481316172
MD_2020_f8c1de85f2cb4f48003bc5cda31efa2a.html.gz,HUMAN,0.2250231202730963
MD_2020_da3ce27e6d74ba2fcd7b0209d377dcc0.html.gz,HUMAN,0.2299679497960818
