File,label,score
NC_2020_a894c67ccdc8f24835435f3d777018c8.html.gz,HUMAN,0.18787363797424947
NC_2020_b7e6eb5969b8c943b7f3b8618703a30e.html.gz,AI,0.5507735124909511
