File,label,score
SC_2020_cea23194a3f5d55c3be2a8fa0b3242fe.html.gz,HUMAN,0.4244585485971853
SC_2020_c1fd2fa249c45bf816149ea28497b23e.html.gz,HUMAN,0.24848360671377606
SC_2020_3cfc105436ba25bf0f1534a4f284e1c6.html.gz,HUMAN,0.18752523663581075
SC_2020_bf9144956cfce7f3a71917728801781b.html.gz,HUMAN,0.18826972653103927
SC_2020_02f076f1a91833a1bea391767af57a7a.html.gz,HUMAN,0.22926986183459513
SC_2020_e9f1976d48fef8dda36688fb142324cb.html.gz,HUMAN,0.19134950337441706
