File,label,score
WY_2020_ab24a2f58aeab911f91ad19aafdaace2.html.gz,HUMAN,0.23057010443993325
WY_2020_596b12eac870ca3c51434c4f6b6d35f3.html.gz,HUMAN,0.20826837929333164
WY_2020_abf9c7f5028fad8ec2bd82ead6d44f10.html.gz,HUMAN,0.2253304314729345
WY_2020_ce9b599d74cb822392e3975d520da784.html.gz,HUMAN,0.21245775025780456
