File,label,score
MA_2020_ef024746d4a758923e36b8e17dfeeecb.html.gz,HUMAN,0.2442899096304044
MA_2020_d8045b51509b81788cccbb278fff7d51.html.gz,HUMAN,0.18788305258356922
