File,label,score
OK_2020_d8873b63495f1495f4efd452d685261f.html.gz,HUMAN,0.3275953561769249
OK_2020_9ce042c34c5b078d08abbcb0ec7bd3fd.html.gz,HUMAN,0.210683222955552
OK_2020_1097a5234d21118278a08f65abcd97ac.html.gz,HUMAN,0.19031133042562584
OK_2020_b019426940ebf4c1c8ffe490157986c6.html.gz,HUMAN,0.20651994275301394
OK_2020_f018d56877294e037bb033805268ab2e.html.gz,HUMAN,0.31517328329374494
