File,label,score
IL_2020_a0228b60ff2af0fe3ff8d17282dbba72.html.gz,HUMAN,0.24641119339103795
IL_2020_698d54127bfad89c31cfe203bf75d748.html.gz,HUMAN,0.24680669415615347
IL_2020_7a9f9030a68f85444fbfa4ca3cbb8b0b.html.gz,HUMAN,0.2217023248815481
