File,label,score
KY_2020_06e9eb9a4d44c9e18d16b35f82d52efe.html.gz,HUMAN,0.18762224663174562
KY_2020_b8b4cc63f39075c3cf4c01892ba13d63.html.gz,HUMAN,0.2563612352839245
KY_2020_76dd27c20fffa7ce78df4d68302bbaf0.html.gz,HUMAN,0.2053581170966896
KY_2020_2dcc92a22621f055750a83cd2f1972e6.html.gz,HUMAN,0.3934861787268282
