File,label,score
LA_2020_3dbaf635c1f98ec1cfb25e84c0739758.html.gz,HUMAN,0.20181411838786004
LA_2020_251f9db6df65f65f78d4bc8283c702ea.html.gz,HUMAN,0.20434065070047144
LA_2020_af75d8945ba720d59b3ef19eab4b4053.html.gz,HUMAN,0.2591972950910988
LA_2020_6aba39160d8b3093c8a1cfd2388b42a7.html.gz,HUMAN,0.4917877880782521
LA_2020_1e289e56a431daae88a24789fc774e8f.html.gz,HUMAN,0.1896403410783231
LA_2020_cbbd2b418ecbb0a44ab9186365b65598.html.gz,HUMAN,0.25520774931594487
