File,label,score
NJ_2020_a3ac733e36b8e4ddf6d0a12465100231.html.gz,HUMAN,0.3570731602502037
NJ_2020_e091fd79a463708b466b7b1aea61e20b.html.gz,HUMAN,0.22754152007294748
