File,label,score
DC_2020_d7143657a94d9eb110ae4b0c6cfdbdae.html.gz,HUMAN,0.29030296382872084
DC_2020_18c1b9d7670250425058e274f46de900.html.gz,HUMAN,0.3019264980587862
