File,label,score
NM_2020_3159a3bb911dd23d0b7e99e11e328cac.html.gz,HUMAN,0.27084942358010056
NM_2020_23f3cb08b9c8843fa5e70724efab9648.html.gz,HUMAN,0.2772665892581846
