File,label,score
IA_2020_c6972f38071fc6617bdad889124b985d.html.gz,HUMAN,0.1886663091333294
IA_2020_2beaf3ddbd6f171fcb70cf813821b3bb.html.gz,HUMAN,0.4155289222401665
IA_2020_c32f97100913f0e74115545a2ae0839d.html.gz,AI,0.5418168883501875
