File,label,score
CA_2020_5d82e15abe673a05ffd5be188b0508cf.html.gz,HUMAN,0.20387686716668912
CA_2020_3f3bc70b23e07836aa3e9c6173156269.html.gz,HUMAN,0.18764892721442525
CA_2020_16f6dc4e7265c3952ca966913a0c21a4.html.gz,HUMAN,0.27117687126038326
CA_2020_6af0b137c8ebad58a8a0806351aec94d.html.gz,AI,0.8376431688003105
