File,label,score
MO_2020_1547d87d88336d16cc86c1445adb7b81.html.gz,AI,0.9825339687387087
MO_2020_a9d2d491c45bafc09d6f0e5a7daa5c04.html.gz,HUMAN,0.30117634164910356
MO_2020_282371403b6354f37b0dfa3ba873f84f.html.gz,AI,0.521083950932887
MO_2020_aeaa7319cb6f36d571117a1184447fef.html.gz,HUMAN,0.3453529934787026
MO_2020_4589a54b96703827e9b9a7a9a3347e62.html.gz,HUMAN,0.18986532701822428
MO_2020_e5c623e5b6820bb425a1a6f8e512f5f7.html.gz,HUMAN,0.385288838540817
