File,label,score
RI_2020_c3df5793e3ee38d8f0c5218050c8a129.html.gz,HUMAN,0.19019927682298798
RI_2020_f27e6416d2b86bfb6576115d362700b9.html.gz,HUMAN,0.2358836385364105
RI_2020_7ecdc67b1ced149422af4b06aa455184.html.gz,HUMAN,0.49592948407278825
