File,label,score
VA_2020_a6ee49b1df3467e9cb752b56a80c1091.html.gz,HUMAN,0.26797004611040554
VA_2020_5b191c50d1bf7412cb63c77f9dbe3438.html.gz,HUMAN,0.19398346059953783
VA_2020_82eba411ba4aa7a18684215051ea5f95.html.gz,HUMAN,0.3080433378629245
