File,label,score
OK_2020_020d1f20dc5ec42bb92e8150caa6b70c.html.gz,HUMAN,0.19864045834433702
OK_2020_731b9292fdd01b863bfc47fe3f2eba34.html.gz,HUMAN,0.25692530029679234
