File,label,score
MS_2020_6795caf6aa947127a2ab64206b3b8c95.html.gz,HUMAN,0.20825047385171425
MS_2020_87a3c7f4b6be4084ae6e781537c3350f.html.gz,HUMAN,0.2027661183977591
MS_2020_6571985333901c954a95efb0161ab3bc.html.gz,HUMAN,0.24994326058043354
MS_2020_9c9dc55d0eb8e28afbe96465f2da9ac0.html.gz,HUMAN,0.24510459833619735
MS_2020_82e57cda355ec131d6352a7e8c6da11d.html.gz,HUMAN,0.19660161554862374
