File,label,score
ME_2020_98b52c4fdce87d4f239c2a8fd2cbe660.html.gz,HUMAN,0.1956167153759382
ME_2020_e7f1b265788d87e7370627089e9ad779.html.gz,HUMAN,0.23823572136748142
ME_2020_e661ded281eddd020f20e26ebada6343.html.gz,HUMAN,0.18905014845679594
ME_2020_b9bc3fed64ff880071d0baf3015bfd4b.html.gz,HUMAN,0.19836107490352353
