File,label,score
SC_2020_a68796254362bb6a00a9094b1691989b.html.gz,HUMAN,0.27977469176698944
SC_2020_0ff2a8c931a1c3fb3dd3a4b9a6f07c1a.html.gz,HUMAN,0.25567582970147623
