File,label,score
ME_2020_d386c142b8c92238ff3ea52224b31d30.html.gz,HUMAN,0.19210443210236774
ME_2020_4a73a14c1061681016c095a0965117e2.html.gz,HUMAN,0.21255158944547958
ME_2020_7d2ae7561e3ff247f6f9716f2de7bc3c.html.gz,HUMAN,0.28173904545121486
ME_2020_390306cf074f14f5076c7341c0633ea4.html.gz,HUMAN,0.20778793009052846
