File,label,score
NC_2020_d8f2b402209730ebfc84b881001c84aa.html.gz,HUMAN,0.2015707914324549
NC_2020_29f47b0372a0c3ae4648cd40c5e78131.html.gz,HUMAN,0.21983716054817207
NC_2020_d10a8a163e2676f73eafc6012db79cb6.html.gz,AI,0.6718517752123131
NC_2020_9744ec57af773597df83989dde29aa7e.html.gz,HUMAN,0.18956425696175647
NC_2020_635eec9c9b5c57e61a6fb29fa9d78fa2.html.gz,HUMAN,0.19130336749114604
NC_2020_e66fc1deb96feddb675a232d60eb3946.html.gz,AI,0.5225768031106062
