File,label,score
WV_2020_6f93fb2a15ffcab49dd8694ec76ddee1.html.gz,HUMAN,0.26598693667704315
WV_2020_6e29c76bc7808c97815008a1618d52a9.html.gz,HUMAN,0.18748625540094496
WV_2020_4b8c9db3cd083ab469e7225ffd51a243.html.gz,HUMAN,0.21983716054817207
