File,label,score
IL_2020_91b995fa6e73bf585780911733437238.html.gz,AI,0.7041186027300375
IL_2020_775c2ae238d201abad756bb1829419d1.html.gz,HUMAN,0.31243390426951434
