File,label,score
NV_2020_dbabfd51ff6590266b59b2ec8aa403f1.html.gz,HUMAN,0.21491862697815203
NV_2020_cd102bf6638fe1812eae7942ed8aed5d.html.gz,HUMAN,0.19461504416339484
NV_2020_8179158710f4ad2684d9de2ab4ca4488.html.gz,HUMAN,0.20496495366582748
