File,label,score
AL_2020_15309a12312b7d467ac69d5b3feee68b.html.gz,HUMAN,0.36867334999493484
AL_2020_23a4677a869a9c58bf141980f26c16d7.html.gz,HUMAN,0.20454885462213432
AL_2020_25edfd6a5cee45db27a6e4e9e8e8a967.html.gz,HUMAN,0.18749350643715196
AL_2020_3a86a99050306d66ded0387075c242a0.html.gz,HUMAN,0.2526567128159028
AL_2020_7bbc5281dd2bf4e3a80827a95582ec9c.html.gz,HUMAN,0.194197139048927
AL_2020_ff8635064631cce65d24f5f5012a19b2.html.gz,HUMAN,0.18795274891383712
AL_2020_d9161806b69a45a20ec3c014a60decab.html.gz,HUMAN,0.1875775911246574
