File,label,score
KY_2020_35d83ef4b9d9022ef07c1ba52024d37c.html.gz,HUMAN,0.1879892963749532
KY_2020_5f4795ca86ca4f034dbb9e6cd9ebb2e4.html.gz,HUMAN,0.4142943236299793
