File,label,score
DE_2020_4252ef4c3206927635cb7f0475aae32c.html.gz,HUMAN,0.19453165658536772
DE_2020_a03309f531f328b54eb3b30d119f1457.html.gz,HUMAN,0.21106577698097914
DE_2020_9695ecb611735d26db12c30b50f6bc6e.html.gz,HUMAN,0.22462866704355483
DE_2020_13fd999bdfa1396d81e986f576d746bf.html.gz,AI,0.9999164945178183
DE_2020_d17a95ef17d5203b3a2b4c7cf7126ad3.html.gz,HUMAN,0.18788305258356922
DE_2020_d5d6723cec090492d40a3b9190eb9574.html.gz,HUMAN,0.2650939529172662
DE_2020_f97432d48bf7a6c08b73427c4ad5c570.html.gz,HUMAN,0.3605991479803437
