File,label,score
CT_2020_12b456e05f68fa9bf27b2d8a10e8c8a2.html.gz,HUMAN,0.28316089095025315
CT_2020_801a0d9333005df75950a1f872ff07df.html.gz,HUMAN,0.19730486624404248
