File,label,score
MS_2020_76eb0b24be234b19f449cf8036fc9733.html.gz,HUMAN,0.30768084651101557
MS_2020_417c9e83e15745f8ed29e81f90cecaa1.html.gz,HUMAN,0.30768084651101557
MS_2020_0759f2409e240f6ac5bfd4fa1b26ae64.html.gz,HUMAN,0.2263150454513964
MS_2020_45fa9f2fcc25a17ef764cf1d0345deef.html.gz,AI,0.5857144804341443
