File,label,score
OR_2020_58426019f8b89ca43542b54f95721ad9.html.gz,AI,0.7251100270419637
OR_2020_17eb491840774ee5e98fc154b5dd8f63.html.gz,HUMAN,0.18825654922604587
OR_2020_889a576f4db3a3882bc348dd2b0cd41a.html.gz,AI,0.5015502067680493
OR_2020_1e4bf9389c80b20845c2792a30c44f9f.html.gz,HUMAN,0.26472442115350947
OR_2020_a9a918b3d6373b26c330302bfe962318.html.gz,HUMAN,0.3596672738835991
OR_2020_fb1d71ee611b1e6225ef07897aa295ab.html.gz,HUMAN,0.26572058496660317
OR_2020_d33e98dcad415c76c9340c2c1b34d679.html.gz,HUMAN,0.2365721186263724
OR_2020_c08cb18224dbd6a64b167757ee124bff.html.gz,HUMAN,0.26508521312036637
