File,label,score
MD_2020_999f09e438ce8bbba5ad24235327dfe1.html.gz,HUMAN,0.2511276718335164
MD_2020_bdddce5a7f33e20b8587c6cb7d85670a.html.gz,AI,0.6297159237733093
MD_2020_8d68fe7bd5c00100002cd8c28f0982c8.html.gz,HUMAN,0.22675717313999053
MD_2020_75265688b33476c1e1d57813ced68b04.html.gz,HUMAN,0.18921428066955803
MD_2020_12664f959d545a2886b9f084d9da7267.html.gz,AI,0.5064553221859722
MD_2020_e29ec620e5251a2a65e33ee86b3e7bce.html.gz,HUMAN,0.19477487481316172
MD_2020_f3cfb088225f58cca78df9f42f160572.html.gz,HUMAN,0.19174263870699143
