File,label,score
PA_2020_907f187362a1cd70b54910e2be30ea4b.html.gz,HUMAN,0.3924686389292543
PA_2020_d9d40d34f3a77b2acaebed635d0714f9.html.gz,HUMAN,0.18824348262902316
PA_2020_92138d71ecf2157493bda9d72d66a889.html.gz,HUMAN,0.3178816142004619
