File,label,score
OR_2020_655cb46363cb8eaba076e9017bcf15a1.html.gz,HUMAN,0.19711137372540222
OR_2020_4bc770ec552eaa7162c0e5d2d7b09b72.html.gz,HUMAN,0.2486740055813494
OR_2020_03a109cca199a5dc07c27cb98e337065.html.gz,HUMAN,0.19236663682639468
OR_2020_73bbb771a946539178bf5b1f360d3585.html.gz,HUMAN,0.18930376610060284
OR_2020_705ae8431db93fac8f7516144cea2961.html.gz,AI,0.5184774884113318
OR_2020_96a14c1f1a15cfe62713299f5376e416.html.gz,HUMAN,0.1883225989163856
OR_2020_f3f75bd9cbadd7a8ffd342bb1c3501b2.html.gz,HUMAN,0.29619459976937
OR_2020_dd2bb8a57e472bf1b03b411d4bd46b20.html.gz,HUMAN,0.20412945969256135
