File,label,score
MI_2020_32331bcfaef34a8b4fe81e8bb9aeeddf.html.gz,HUMAN,0.18839232456273375
MI_2020_b2f7e5989a2014c3a4d50ec8bd8e592a.html.gz,HUMAN,0.2109889858194686
MI_2020_48ac82855a1c7d7f0855ef8a07b62c3b.html.gz,HUMAN,0.22008557810741866
MI_2020_30cc8cc588bbdaacca5e07ed8ad73277.html.gz,HUMAN,0.44781463143931044
MI_2020_2ba47276463162e2303c7fa0a205eb52.html.gz,HUMAN,0.20602405175523322
