File,label,score
NE_2020_6b666fe6fb140368c75a5c21146de0b7.html.gz,HUMAN,0.23299097898888196
NE_2020_0b90c3280cbb544556e6db1d788bed5e.html.gz,HUMAN,0.20061453775955396
NE_2020_9c40e15f42a8a95d626227692e933de7.html.gz,HUMAN,0.3965569774181673
NE_2020_eca1da31c8bf4bdfe5369c3d4e338d67.html.gz,HUMAN,0.21641186706903937
NE_2020_5add32961398f3b5346d10a343afa84d.html.gz,HUMAN,0.28012411900077
NE_2020_fd79fb37fc40aef15fb4b57fb77c61e0.html.gz,HUMAN,0.18837208695110697
