File,label,score
MS_2020_87a3c7f4b6be4084ae6e781537c3350f.html.gz,HUMAN,0.2027661183977591
MS_2020_39d8867e34c6c6572295507ae2a1db42.html.gz,AI,0.7707408996161051
MS_2020_602a92ac7a23c8bef5396bc2d65446d3.html.gz,HUMAN,0.20400290056603035
