File,label,score
RI_2020_02c87d4a3efa25ce41408011f14c0b91.html.gz,HUMAN,0.2920899672729108
RI_2020_d59a245e1359d7d4bcf8439f177cd115.html.gz,HUMAN,0.3037259378925775
RI_2020_2ebaf2888cb85ef7ba8f765aeb0c246b.html.gz,HUMAN,0.28478932975660076
