File,label,score
NJ_2020_63359f65964d788ff151dd4d4f2d9d5e.html.gz,HUMAN,0.19557348214193696
NJ_2020_d52184af84fae3b084e95d28811e7295.html.gz,HUMAN,0.2580969610551471
NJ_2020_bc78efb9e50ddc4e5d8fa62749f6b5ae.html.gz,HUMAN,0.19673686657955242
NJ_2020_f5feda2980df1d9395d1c7aca1a707c9.html.gz,HUMAN,0.1984840953145814
