File,label,score
ID_2020_7af3fc39ee1ffa379446290e6cbd7897.html.gz,HUMAN,0.1892637146517386
ID_2020_1b58d7f1dc1574c28f9d4d7be204f303.html.gz,HUMAN,0.19884244485708458
ID_2020_ebe78248457ed779b99a1c25d53da225.html.gz,HUMAN,0.4688615821261315
ID_2020_e88f755bf2f414c35128b9221ee8d076.html.gz,HUMAN,0.28316089095025315
ID_2020_d1c2324a04859e45bf8aa73471656170.html.gz,HUMAN,0.19356426585270486
