File,label,score
SD_2020_a308d7b25e90a23aa1cd277dec0f23fe.html.gz,HUMAN,0.18757322537375146
SD_2020_a206aa1862be119a1304b71f9f37d86c.html.gz,HUMAN,0.19207440229124711
