File,label,score
AK_2020_90c8535aaed3fcdeac93a1f9e8218fc3.html.gz,HUMAN,0.2043566169017012
AK_2020_f5c5dfb74748ec69fb1f3fa4fbf68ff4.html.gz,HUMAN,0.2154082148911857
