File,label,score
SC_2020_6491fcbd32fb763b7d1d51111381c91b.html.gz,HUMAN,0.25242596068606055
SC_2020_6a64caecd4a934a427c7593c5870aa90.html.gz,HUMAN,0.22413211340740175
SC_2020_4fddc89d073a83bffce91da32a47efd4.html.gz,HUMAN,0.19682976016526932
SC_2020_15845d7803bc4a9d2776ee3cc3d2623f.html.gz,HUMAN,0.2175900591322152
SC_2020_932bda21bf715d4eefd82c412c90bdad.html.gz,HUMAN,0.2568251835476532
SC_2020_c674215633e2dc7f549c8e2505b200fa.html.gz,HUMAN,0.19723330187250712
SC_2020_f750f845335f99350c4136492265154d.html.gz,HUMAN,0.28858202589407234
