File,label,score
AL_2020_a85e64fad9d91b38add48595d9abacd0.html.gz,HUMAN,0.2650939529172662
AL_2020_59de7faa001303c1bb2e5bad884f3a48.html.gz,HUMAN,0.28459644892307306
