File,label,score
WI_2020_0148d17453189d5f11933c1d1f4b9551.html.gz,AI,0.5935670533122064
WI_2020_088d4cadde3e7e93f914666694711091.html.gz,HUMAN,0.1896829064834318
WI_2020_1429d2bac03e1abd1af2daaad1f8d060.html.gz,HUMAN,0.18770539587719096
WI_2020_21c5095d7c52e10d6d1117ed9d4b167d.html.gz,HUMAN,0.2971316846078191
WI_2020_361f74854a486c6e707ca37aa9ce68dd.html.gz,HUMAN,0.18805509442845353
WI_2020_784787204af20306b3f773a10841b4eb.html.gz,AI,0.844615484463638
WI_2020_808df041e4d4df2708daa1c0db3b54a3.html.gz,HUMAN,0.2867756498523057
