File,label,score
SD_2020_14037f77d2f7e1d5b62e4cc4157bda35.html.gz,HUMAN,0.28812011830056417
SD_2020_1dd96e7578c3308c4882c30baade36da.html.gz,HUMAN,0.18761903108253986
SD_2020_6214ec0b8fa103cec40d160a1198e5b4.html.gz,HUMAN,0.3719207328059837
SD_2020_b0dd293d307f84de284150fd6beefd35.html.gz,HUMAN,0.2316666548710654
SD_2020_7cd5e8fac786753c1e07ddd54dd13317.html.gz,HUMAN,0.2050346564669391
SD_2020_de8a111a07b45965dd1b88299cf40862.html.gz,HUMAN,0.22318178187722967
