File,label,score
MO_2020_719bf0bfd563fda0449740416ecd5cd4.html.gz,HUMAN,0.19320045944043787
MO_2020_3c67c2a0df98a74a30cb11700664ca5a.html.gz,HUMAN,0.24100943243574316
MO_2020_5434e4c550df00fb44adb158fe665e83.html.gz,HUMAN,0.23404536710642493
MO_2020_3a58f8d33c4504aff4a774e90898acd6.html.gz,HUMAN,0.1878980468575296
MO_2020_69f9055dcd3a9a70abd0a46eac81f5a7.html.gz,HUMAN,0.208460930455272
MO_2020_adf7ee8d78930b30cee144a941b3bc64.html.gz,HUMAN,0.23202036975611298
