File,label,score
KY_2020_21191dfd003803c37b8305d41a0d7215.html.gz,HUMAN,0.18771618551048674
KY_2020_76dd27c20fffa7ce78df4d68302bbaf0.html.gz,HUMAN,0.2053581170966896
KY_2020_99ec3fe2e00dca6c7ca442e3ea132912.html.gz,AI,0.5926113524691177
KY_2020_79a38302867eceda5af38508f4123b14.html.gz,HUMAN,0.31335257655169885
KY_2020_3ae1a46387f3f396d6cb378ed9961241.html.gz,HUMAN,0.20665670270885114
KY_2020_a65b15bd7860a9cabd8e401eb692e6b5.html.gz,HUMAN,0.18783769758871394
KY_2020_dcf9e65a9342eb097763a02815725884.html.gz,HUMAN,0.199524186917522
KY_2020_f576d60aaa6c23dc396cfae7c7cb0485.html.gz,HUMAN,0.3483310136440269
