File,label,score
OH_2020_1b7541f4c9dd057a9b30a54611df6a6a.html.gz,HUMAN,0.2292965844376432
OH_2020_2b681429141f75b8a1e8086dcfc8b362.html.gz,HUMAN,0.23313166671403768
OH_2020_41b716032c9eea5752546feeab059ccd.html.gz,HUMAN,0.3154275801463249
OH_2020_5454bf889b56200c2fd9eeb271bdd4f8.html.gz,HUMAN,0.18835015665384275
OH_2020_5e2e0f6d7a51ba72a84d3d06f72433f8.html.gz,HUMAN,0.18858767386306144
OH_2020_8aa381d8797b7647d86b0a71b1b05bd0.html.gz,HUMAN,0.20703557531470185
OH_2020_edd295d44d89e0da754a2e6c596f99e7.html.gz,HUMAN,0.21714450697560453
OH_2020_dba9cbe95ca804389a5aed21d09ea157.html.gz,HUMAN,0.40158641650775506
