File,label,score
AZ_2020_16190b45625f5475d1762070b61031d8.html.gz,HUMAN,0.26484131820198226
AZ_2020_2bee52beeedd82cd8064bc820c637315.html.gz,HUMAN,0.24204178315244876
AZ_2020_636a35dbcf1488894a8be7bcf0d4f1d9.html.gz,HUMAN,0.19960790452692934
