File,label,score
MT_2020_844444a75ed1967f92afbeaf212a87ba.html.gz,AI,0.758805573114421
MT_2020_d94eea4e9b7f9461b7a5dd5426366d34.html.gz,HUMAN,0.2061297555224634
MT_2020_9c126bb400d212ba41e446a297149589.html.gz,HUMAN,0.19406074713867974
