File,label,score
MO_2020_99d17a04c6d63782cabb6a148718b019.html.gz,HUMAN,0.20810261180113315
MO_2020_a4895e2a5c9de37e076224665c399cc3.html.gz,HUMAN,0.22394139721588524
MO_2020_a2353aedeca825766abc2d9698b3c484.html.gz,HUMAN,0.2776099049078498
