File,label,score
CT_2020_698cf173722ea1f5ba122ab2334a17ec.html.gz,HUMAN,0.2912280198503362
CT_2020_479ed99da43ff3483b14f4e69797c8b2.html.gz,HUMAN,0.18993502238549917
