File,label,score
DC_2020_3e6e572be746b8d48387baf5e484195a.html.gz,HUMAN,0.3956565892715589
DC_2020_a889b664b3f2a4484a02c423f2fed067.html.gz,HUMAN,0.19360154257678452
DC_2020_fc95058125d03218c50598c3c7a5e2ee.html.gz,HUMAN,0.20400290056603035
DC_2020_be6b36ac92015b91515dd9f991fe30e5.html.gz,HUMAN,0.19508783078383748
