File,label,score
KS_2020_1e091f28c773f7026ce540c31991a27e.html.gz,HUMAN,0.2548864622857822
KS_2020_90d4006f9e0e0a83b1bd7342c034c4c7.html.gz,HUMAN,0.19032392260537792
KS_2020_9be6d124e1d8bee8c344438c278b05f7.html.gz,HUMAN,0.18833727430203134
KS_2020_4200695abcb546c81af198f16b62a87c.html.gz,HUMAN,0.19866604340803287
KS_2020_0f8d6d703931f3271804a67d4171f7be.html.gz,HUMAN,0.2062819083685364
KS_2020_9f806c5113f41495e47296175e13fea4.html.gz,HUMAN,0.39729213408124187
KS_2020_efddba66468ed625a073fe31dd0ab90f.html.gz,HUMAN,0.24688190031500215
KS_2020_b739417aa8a50941f45674e29345d81a.html.gz,HUMAN,0.19897549478521637
