File,label,score
IN_2020_057ae4d822c569fa95820936cb30fea4.html.gz,HUMAN,0.361909962927887
IN_2020_885df0c411755cbb195ba7b341bdfe16.html.gz,HUMAN,0.20375135884792242
IN_2020_55c1ef0ffcd68e20150e069507324c89.html.gz,HUMAN,0.2092480125969605
IN_2020_f54346852acd5b279a96f057e25a507a.html.gz,AI,0.5175228413526133
