File,label,score
UT_2020_050bceafd2e5be859477bbf13411e16c.html.gz,HUMAN,0.2688928426294087
UT_2020_0a925fbd5d1a85807e0bb60442d9fc0c.html.gz,HUMAN,0.25237702512816496
