File,label,score
DE_2020_331e008e31423959c10beebd04d86f17.html.gz,AI,0.6724109804182808
DE_2020_8b0270d28b0f9badd6a385fc1ddd0a73.html.gz,AI,0.9522884459434944
