File,label,score
TN_2020_c3e3b7126c7e91d547b7b8f6538e6c98.html.gz,HUMAN,0.19641871963417248
TN_2020_83c03306bbec9d970c679acdb48a5571.html.gz,HUMAN,0.20355282214245554
TN_2020_ff2a06969e085758da8bd7c4b33f0b46.html.gz,HUMAN,0.19017299365146773
