File,label,score
WY_2020_028f4839115e3bae4dc3013efea30348.html.gz,HUMAN,0.20950609074721863
WY_2020_f94b1a3db681ff57819cfe23294de54b.html.gz,HUMAN,0.31413895820330895
