File,label,score
ND_2020_aa859fd9e629f47d4b60e857a1f311b4.html.gz,HUMAN,0.3099042974647253
ND_2020_7486c9463520158e3b59fb592af0ec1b.html.gz,HUMAN,0.3788206561766029
ND_2020_ade40264d4617898e815d4da63de1272.html.gz,HUMAN,0.19739739687114605
ND_2020_07373d6607397095f044fdcffe897ea3.html.gz,HUMAN,0.19076709110427378
ND_2020_0c56b76d69600aa823dafbf2f021c324.html.gz,AI,0.9020008080661002
ND_2020_f01f39bf575b89b9f1457d0ac45997cb.html.gz,HUMAN,0.4725073602807081
ND_2020_b4c74004af784a2f45ba0e6ddc16eea3.html.gz,AI,0.6496351182357217
