File,label,score
MA_2020_e8e8631eeed041d740f820a98c5c8cef.html.gz,HUMAN,0.40156583928405504
MA_2020_5302ae49cdab3d54df677d596842f1dc.html.gz,HUMAN,0.20345965977830252
MA_2020_9d3dc16232b694c52900cab99f09d573.html.gz,HUMAN,0.1922346061609086
MA_2020_6da4d4516652478b945c2167a9ca805b.html.gz,HUMAN,0.2450446449211623
