File,label,score
NM_2020_adf0b2f0d70b1d0b2f7a0c7e6e08c811.html.gz,HUMAN,0.19034744315533392
NM_2020_e1d3c3fac0ef0da5bf62aa1783bcc843.html.gz,HUMAN,0.2542084166990071
NM_2020_861d67eb3cd459ece3d84363ad2a1db4.html.gz,HUMAN,0.25882624258088
NM_2020_1ab3d216ce3d781466c6b0e2f555cc3f.html.gz,HUMAN,0.3781255319286659
NM_2020_d5d9ab4a1c64bf4d3d2af4e5dd5c6e43.html.gz,HUMAN,0.24421557552566153
