File,label,score
VT_2020_0f97942346b2453ce77e0f51be24ce02.html.gz,HUMAN,0.18749350643715196
VT_2020_7ac6aa53cbce5e62c2f6ea2b530b0d74.html.gz,HUMAN,0.29543406154075275
