File,label,score
MA_2020_cafa379255627ccf41a2b12e3ff1676a.html.gz,HUMAN,0.32368938647367973
MA_2020_3a487f069c51259e284d8f393f506f00.html.gz,HUMAN,0.23204812618846085
