File,label,score
CA_2020_7ccd49ef0ba87b4da23cfe2a75e406dc.html.gz,HUMAN,0.21664968830538467
CA_2020_628e7ac8ef476c5ec603c2799756dc1d.html.gz,HUMAN,0.30685494646249895
CA_2020_c3eb7bbc0992f271439377ead84fe90c.html.gz,HUMAN,0.19383030745642119
CA_2020_cf3ff6af48baa5651678a4c2a8e5264c.html.gz,HUMAN,0.2357451899328809
CA_2020_c2e3f5d71318cf2fff5cfc508b7d1227.html.gz,HUMAN,0.19065944694375855
CA_2020_d2abcbca52efdae8ffe4ba81bdc17d95.html.gz,HUMAN,0.19015021196986004
