File,label,score
NV_2020_63c2ea67013b5a37eff7f09c64e134aa.html.gz,HUMAN,0.19280859295253844
NV_2020_b2ddb9771f745685a2497b32fc663e7b.html.gz,HUMAN,0.22555197919821557
NV_2020_6dc1fcd9d6966e546fd39fe0ed522da9.html.gz,HUMAN,0.18845846490202045
NV_2020_568fe93b87dfa7be256bb9fb680305f8.html.gz,HUMAN,0.20900988338949164
NV_2020_87c882ac20903de64d1bae82271d5fcc.html.gz,HUMAN,0.1883031542577473
