File,label,score
NY_2020_cc08395993a9257a4c4b8fb6f6e8a8e2.html.gz,HUMAN,0.19060630861353098
NY_2020_85dc14f57620c3b2be50317943da49eb.html.gz,HUMAN,0.20591117788681465
NY_2020_e890ddd57aee57b496d65b10fb88f842.html.gz,HUMAN,0.20554449699302288
NY_2020_007c6782a579f67e404f17b16aa2181e.html.gz,HUMAN,0.1914385008655535
NY_2020_ae3f84adaed167628b804440473e48d5.html.gz,HUMAN,0.18813003263657016
