File,label,score
AR_2020_98b365fc9fa9a4d6746a4cb95454030e.html.gz,HUMAN,0.18792181319597087
AR_2020_2de829aad24880e0a2cf8684a45b4226.html.gz,HUMAN,0.25511013044964187
AR_2020_96450b645521a185b474dd75214e023c.html.gz,HUMAN,0.28798181176732407
AR_2020_680a2f252c5d568fa5e792c737474a5b.html.gz,HUMAN,0.19936863522085868
AR_2020_114772d3c45c2f66600c0f84af998aaa.html.gz,HUMAN,0.2161906972393166
AR_2020_d0f6164d6c03e1b033e343e3ff50931c.html.gz,HUMAN,0.187475742576609
AR_2020_ba59f51afc73a62abe93516fcfc74cfb.html.gz,HUMAN,0.1988202078331836
