File,label,score
DC_2020_0f2feba06a30120ead771b01aae121e2.html.gz,HUMAN,0.28972989501609553
DC_2020_b4074ade1d8dcffe0ae687b3e18cbc86.html.gz,AI,0.9973400037170522
