File,label,score
MN_2020_7867ab9c48df9653ea901382ea176287.html.gz,AI,0.7976896407226937
MN_2020_7e426d70fd229ec572ad7f822541ffc0.html.gz,AI,0.9778236245652582
MN_2020_9ecd83926ea0faf559375035e1cc270b.html.gz,AI,0.9255614022583618
MN_2020_06627b9fcaacd0ed5ebdfa55c37e20b2.html.gz,HUMAN,0.22104604133042904
MN_2020_8536a4209faf079d639a6281d7133a26.html.gz,HUMAN,0.2856493045324463
MN_2020_cc84961b0007e2265183da31dbb01e04.html.gz,AI,0.9778236245652582
