File,label,score
GA_2020_49e0726252f53eae7f5e2a8b98df3cc2.html.gz,HUMAN,0.19566006913127706
GA_2020_8703ce57e68ec07b3e830f2d70ca1297.html.gz,HUMAN,0.30814703665686677
GA_2020_1672eae16076065b00ffb51613b1460c.html.gz,HUMAN,0.2532456613656679
GA_2020_5187375167c2ff7f99ee41fc6969bda5.html.gz,HUMAN,0.2532456613656679
