File,label,score
WA_2020_150a51c4cd24a076184d7453972c0e35.html.gz,HUMAN,0.18788845932412898
WA_2020_ac3bc6946d0f65d51ed5a01101e8e5e6.html.gz,HUMAN,0.2253304314729345
WA_2020_9245e34341d8da110bbda0696bb7a450.html.gz,HUMAN,0.1877698095738274
WA_2020_b84ae957b5ad522079e787894215aa33.html.gz,HUMAN,0.219653451750181
WA_2020_5a3602c5ee4c476c7f8dd9124933f56c.html.gz,HUMAN,0.20781841711117166
WA_2020_fdec3dbedf23ed95b248b7d114c0bf96.html.gz,HUMAN,0.2026947205994334
