File,label,score
FL_2020_5824318d06e32a556901ac5fcc0edc70.html.gz,HUMAN,0.33531004999097774
FL_2020_7ff9fc1f19823f974bea2d04f01fae50.html.gz,HUMAN,0.24510459833619735
FL_2020_4be478525fc9e46dbbeb7c997cb369bc.html.gz,HUMAN,0.26954779015531233
FL_2020_570a598a5fa8fe4399aad317cfb1c1bf.html.gz,HUMAN,0.1983828293050702
FL_2020_7707fc678697ac4a9afad1aa90e73d26.html.gz,HUMAN,0.18754937372345853
FL_2020_b6d058eaade4f1e6f778afe00a2e961a.html.gz,HUMAN,0.23013607443465092
FL_2020_c64ff5e2d462746c0eaccf00a25dc6f7.html.gz,HUMAN,0.23586828762203338
FL_2020_c800be9111d406d0f52d2a9571a6a356.html.gz,HUMAN,0.1983828293050702
