File,label,score
VT_2020_b2fe3f2e34e08935a75fa22a774ec7a5.html.gz,HUMAN,0.19341633652247564
VT_2020_3d84afef1c9b3f4bb8fff1bcfc6d90b1.html.gz,AI,0.7450035020084342
