File,label,score
LA_2020_5aa5dc4efae3c2edc9f02cbf3a6a4e51.html.gz,HUMAN,0.20308994916607745
LA_2020_a267e7da6e17aa70a3b565c164204b49.html.gz,HUMAN,0.3986193010335445
LA_2020_a6014e2f217eb6dc1623f8cdf5cb4b81.html.gz,HUMAN,0.19984598961935
LA_2020_0de971d932d4517f3ed484cf3027df91.html.gz,HUMAN,0.1899100695024365
LA_2020_b9a7fe3aa8bdce5ec5c6a5707be1319a.html.gz,HUMAN,0.18891446149727642
LA_2020_d9555b7d0e628e14b759bb64a1be0be3.html.gz,HUMAN,0.18767451137758898
LA_2020_ff9f063b054e67ca6c3bb7cec0f95a6e.html.gz,HUMAN,0.29815849252948096
LA_2020_de484524348e038893292f1f91f919bf.html.gz,HUMAN,0.36415262616205407
