File,label,score
KY_2023_1e9d6ce1ee0abbadf1393bb4a8a7f13b.html.gz,HUMAN,0.23728053888757533
KY_2023_6c828baffec0ec2a7b5ebbfbaa2c4846.html.gz,HUMAN,0.34634172583514694
KY_2023_92ea94a83bbacd8cadb1eaecbc657bb5.html.gz,HUMAN,0.188851482425228
KY_2023_9826431ac5889a34148238bfb9a72e9a.html.gz,HUMAN,0.18993340641287323
KY_2023_d3c5e1eb59caaff7af4f54b81838624f.html.gz,HUMAN,0.25221658767136174
KY_2023_d73e9c4b4c7c7e4a4a0dffe0aeabe6b5.html.gz,HUMAN,0.2172321019983502
KY_2023_e9eed933ffe48953734357249f7c3b39.html.gz,HUMAN,0.19637016723692327
KY_2023_e904bbd24be0151cf57800ec9553a236.html.gz,HUMAN,0.1876610579937167
