File,label,score
LA_2023_43e64eb5c22f0f0d0225f92cf5a201a2.html.gz,HUMAN,0.26447050685076096
LA_2023_0d76ce4cdb6fbc536021ed5ae158c0b3.html.gz,HUMAN,0.3484386178249141
LA_2023_b4134680decbea53f01e2f8649ab2bec.html.gz,HUMAN,0.1914813151200314
LA_2023_c4138401782cb0e876b29269558cd0d1.html.gz,AI,0.9728639324751006
