File,label,score
KS_2023_31afd2c148aa5d99f5d52c90e87c17dc.html.gz,HUMAN,0.3348374916852688
KS_2023_5b5c9d2b235d421de0aa55f25a0753bb.html.gz,HUMAN,0.34496622175745617
KS_2023_123772af4d8b0c8fabaa763d4ac9219a.html.gz,HUMAN,0.1966906028113694
