File,label,score
TN_2023_a34317650e734cbefd7d6a71f2945088.html.gz,HUMAN,0.19564137177160165
TN_2023_f3fb8029c55553cc8361acf87ff69c8e.html.gz,HUMAN,0.1874780850944398
TN_2023_e37bf557fb43d9fc0599a4d1559ebb78.html.gz,HUMAN,0.24416739073762014
