File,label,score
WY_2023_204a45d92b10c535973012f8a3d47e16.html.gz,HUMAN,0.19213904165224494
WY_2023_0747e9c42ff23f75ccfb45c2128349bd.html.gz,HUMAN,0.19386841837749277
WY_2023_0e0fa912edd3606ff6b9ea3df3f0a861.html.gz,HUMAN,0.1885248185044477
WY_2023_670f14ad54fafb27f1849185b83bf4f7.html.gz,HUMAN,0.28157447748737424
