File,label,score
NJ_2023_dc6fb5bc3b751e89ec25082cb9225b17.html.gz,HUMAN,0.2022265486380993
NJ_2023_327ef203a47c165263f141d0ae06eb95.html.gz,HUMAN,0.31978416745467814
NJ_2023_1a862451a2115698f71eac0ce928d0d0.html.gz,HUMAN,0.4314672422542967
