File,label,score
DE_2023_229761c2b314344cc414a8466530b921.html.gz,HUMAN,0.187671217185816
DE_2023_c045b7e85df617c2f58a467907788542.html.gz,HUMAN,0.18748548968054488
