File,label,score
SC_2023_663c0b21e97c9654335fd09b81c26797.html.gz,AI,0.522203357418518
SC_2023_70c027e3639c54a2c82bab269b4f6a1c.html.gz,HUMAN,0.31826371867648984
SC_2023_1fcbe88f4c275e466acbc34ef7e9d07d.html.gz,HUMAN,0.2496211086498988
SC_2023_7e06e6912763045344823e24f784fc4a.html.gz,HUMAN,0.19467581624463123
SC_2023_8afff41811dfa2e585cd4fc0aaa66476.html.gz,HUMAN,0.45755506522713196
SC_2023_bc619b081f77b21cd61e82a458b83594.html.gz,HUMAN,0.19923680583585895
SC_2023_e64198853f3f4dd4a8a7020e09a0d4bd.html.gz,HUMAN,0.23956711002814873
