File,label,score
MD_2023_55b37df12963498b4c875116062225c3.html.gz,HUMAN,0.22161266769388033
MD_2023_ba64bc55872954887d7bcad5271a833c.html.gz,HUMAN,0.3120099757095286
MD_2023_b1b659873488bcd889b0cdbf97a79d39.html.gz,HUMAN,0.220293890755743
MD_2023_bc0a964ad683075ef07c2d8cade44005.html.gz,HUMAN,0.39685085498965494
