File,label,score
DC_2023_1ef99e65b24f61cc2ccc782ede311087.html.gz,HUMAN,0.2291497355441165
DC_2023_b3f9301905fab9a769a21e99a2275f7e.html.gz,HUMAN,0.1985858584685614
DC_2023_46c40afac24966e73878d08fca960075.html.gz,HUMAN,0.19058172984750996
DC_2023_b8573fd84892c1ab1897ba1f09498335.html.gz,HUMAN,0.19013801654957385
