File,label,score
WI_2023_8f39d3169e10c2e60a07df5afd15c40f.html.gz,HUMAN,0.28935755778053635
WI_2023_afbf21fa5f506224a4f1bdb98660b89a.html.gz,HUMAN,0.21103266790397018
WI_2023_0dcfe5df44163482b1b6926823391472.html.gz,HUMAN,0.20451229793745804
