File,label,score
CT_2023_9604ed024731b118692637c41ce49687.html.gz,AI,0.5452491239080601
CT_2023_48790d5e0f153c883e3a56bbde2dc509.html.gz,HUMAN,0.190878466738601
CT_2023_9840573025a62caa9653272eaa1f5cdb.html.gz,HUMAN,0.20118267772318812
