File,label,score
CA_2023_5af9e8b7dde8da9c792cdf2cc621d915.html.gz,AI,0.5300775205281455
CA_2023_19382365e1033a243877dfbc4ace6dc9.html.gz,HUMAN,0.3646829258359731
CA_2023_563820774ff55ef4dc1efe515f2a7e30.html.gz,AI,0.6850904178640799
