File,label,score
NM_2023_38de4624323780c725fc70f06a8c224c.html.gz,HUMAN,0.18763638336768626
NM_2023_21468f62217f12888a26b019a9b8fef6.html.gz,HUMAN,0.19012417097972245
NM_2023_2efc14c57af6e27b0349187987fc6523.html.gz,HUMAN,0.22621278833463748
NM_2023_a361a3de8bc704b7446ad78897d2b6c7.html.gz,HUMAN,0.21710680495508514
NM_2023_7820e8353b31b33675439ed879e6e015.html.gz,HUMAN,0.39685085498965494
