File,label,score
HI_2023_334edce54199940cfecf2613d02bc03e.html.gz,HUMAN,0.21862627650392416
HI_2023_1160899b4a67755672f19faaec70fd95.html.gz,HUMAN,0.27816958382655316
HI_2023_6a9357afce5791f031b5a6ab5836a288.html.gz,HUMAN,0.20732632015139418
HI_2023_8096118b54a55e32e70c9194ae080e15.html.gz,HUMAN,0.3629630935438557
HI_2023_6c1ad07d42e8658066a8f7198a80bf31.html.gz,HUMAN,0.2104984945380253
HI_2023_7aae098a6a6b0a8375f52c6daafa842a.html.gz,AI,0.5393183315583143
