File,label,score
KS_2023_2f3464c363dd8ad21387b5791541bea8.html.gz,HUMAN,0.19108870896643518
KS_2023_190f6fec0125ca13f69f56606f532276.html.gz,HUMAN,0.32799560097955155
KS_2023_49e4694bd63ebd97d77c434264cd49e0.html.gz,HUMAN,0.32832341884775146
KS_2023_6be31ec5ce015b01be9f71ee1600f657.html.gz,HUMAN,0.2533592121588601
KS_2023_972b30dd14302aaa0bb28a516fb4df73.html.gz,HUMAN,0.21473640113316375
KS_2023_bf5999701ccb88a8b8c676b4afd7c247.html.gz,HUMAN,0.4319492549923536
KS_2023_d283ce061a38eabf65a5be15122df573.html.gz,HUMAN,0.20682841108863143
KS_2023_deca674266f49ec2ee202ffcadf8d5e2.html.gz,HUMAN,0.3974190113136626
KS_2023_ed8913b534a361986d63501e1ae24655.html.gz,HUMAN,0.2117881610322723
