File,label,score
AR_2023_1b2852bfc2ad485a94d1138e2ab125f9.html.gz,HUMAN,0.19408014279759664
AR_2023_77a8bc82b0b2ceca78673214c989c51c.html.gz,HUMAN,0.26209510484568743
