File,label,score
MI_2023_03cec3e7ad1eeb5173638c690b7f23be.html.gz,HUMAN,0.36759886661165425
MI_2023_385f3f32579ff498963a40a837d99eff.html.gz,HUMAN,0.19253429030236613
MI_2023_af336adbdc7a42ea52cba5c3281ae23a.html.gz,HUMAN,0.19803230566207874
