File,label,score
ME_2023_0e21971b12b127147bf9b7afb6cb551f.html.gz,HUMAN,0.31846727842186484
ME_2023_9b92dff6fdd52714822f88b29d8fdcc2.html.gz,AI,0.6897359184007447
ME_2023_682c12cf713c7bc4548a28c3231a1d0a.html.gz,AI,0.8228738797904146
ME_2023_a827b6f5f4b6017968e185e65276e6ee.html.gz,HUMAN,0.19047724293812476
ME_2023_b393dbf519176014ef8bcb1365cb1bcf.html.gz,HUMAN,0.21730395838828054
ME_2023_a736491f3598709d81dc21d24a788b65.html.gz,HUMAN,0.2072265455065867
ME_2023_e1be8d973fb2bb00837b825faed02798.html.gz,AI,0.6780948101634089
ME_2023_c65fc1e40558fce4494a30da98889fe4.html.gz,HUMAN,0.27639066700812376
