File,label,score
WV_2023_0a737ebe504f68fe4167359f833f59b2.html.gz,HUMAN,0.18879227986926075
WV_2023_0c52b08a33c4caad0fd50c16448c3a20.html.gz,AI,0.6425327510387284
WV_2023_3129385957606f2d6006196a2aadb25c.html.gz,HUMAN,0.20655408222312366
WV_2023_83a1488b496e0e8113ea9380a68b8689.html.gz,HUMAN,0.42794861988550975
