File,label,score
NH_2023_947b95a5a0a4ef80af8b735651a3f31c.html.gz,HUMAN,0.21095593720288514
NH_2023_30a7a643eafd5fb206fe39c41eccc020.html.gz,HUMAN,0.20918786179873194
NH_2023_319ccd6e4568bd46a5aebb5a6ef1bd49.html.gz,HUMAN,0.2616482267262683
NH_2023_f6af854a7e57225e33cbae6af6411e92.html.gz,HUMAN,0.19215527392300724
NH_2023_c0e94565f2185373c2f793ee2b0da7a7.html.gz,HUMAN,0.1899568562850634
