File,label,score
SD_2023_3337f32a0f0fa0e38217cfc673eccea0.html.gz,HUMAN,0.2036263749655176
SD_2023_28c42761ced49ca1f8e0bc1eebb5f24e.html.gz,HUMAN,0.20451229793745804
SD_2023_56b99fcc9a61455a5471a69a1abb207d.html.gz,HUMAN,0.3898461483803627
SD_2023_c8325607fb342aa94c515e122ae5d5a0.html.gz,AI,0.6214117577994785
SD_2023_acd7cf15f8d11053449914c3d1983640.html.gz,AI,0.5266947923574659
SD_2023_af77d1777d49b12c8221a31c42cee761.html.gz,HUMAN,0.3243635700776281
