File,label,score
ID_2023_3e07e69b9d5e91dfb433242a1967cfa6.html.gz,HUMAN,0.2810332428975541
ID_2023_31c42c88c339af0ecbb23f68bdc76168.html.gz,HUMAN,0.19151345585547844
ID_2023_92e5fe4189d498c5fd2e1c3d10ae2551.html.gz,AI,0.7597167379460896
ID_2023_9faea9760c2669ae6046a525b0a88cfc.html.gz,AI,0.833000902517107
ID_2023_dcb68ce1e2cd3beda02ddaef6a927bde.html.gz,AI,0.9330934145235815
