File,label,score
NV_2023_31e1b981d6c4dfb062a6afdbf3caa0c7.html.gz,HUMAN,0.19934220665806676
NV_2023_32049ebfd3cc1503b12d2f8e8fac0d25.html.gz,HUMAN,0.21802712858836518
NV_2023_0eb3b3ef83c3f615c665618a4ea7396a.html.gz,HUMAN,0.2687922148056827
NV_2023_48c56d0a4eda6e1b564c8bcdd9dccc9e.html.gz,HUMAN,0.23792935340494006
NV_2023_374bc80b708883c6c022e9e1d2a9b0c3.html.gz,HUMAN,0.18990004767019944
NV_2023_5e8c51070df8e11a4505b197bd73bb5c.html.gz,HUMAN,0.19329095195410723
NV_2023_a1f27bf8896fd64a3c43e2e8e860851e.html.gz,HUMAN,0.21613223838311832
NV_2023_f6d477abcea1fc25e9c109f961324f27.html.gz,HUMAN,0.19115823504250085
NV_2023_6c82c70e7f6d64c3253d6d6fd3da6c5c.html.gz,HUMAN,0.20724395723351294
