File,label,score
UT_2023_820e79c13aabaa3a7a8c2dfff91384ec.html.gz,HUMAN,0.26727238707269096
UT_2023_3540fd31dad8b0b3c3c854642a24133c.html.gz,HUMAN,0.20759397287727555
UT_2023_702e28885f3947123e7e5f989ac930e9.html.gz,HUMAN,0.19531661050325116
UT_2023_86557e9fd577cc5ae8d8349adec29917.html.gz,HUMAN,0.19818524111126457
UT_2023_9f7595e3e42edbaaec2fb906f81bc5fe.html.gz,HUMAN,0.22790007162820985
