File,label,score
RI_2023_c747a9ac3ee572e0a9b790b178615d7e.html.gz,HUMAN,0.19112955251152483
RI_2023_7711529a686c597e75775fb97bca24e6.html.gz,HUMAN,0.19337964833598278
