File,label,score
NE_2023_87563c723da215413ab4cec3536a853f.html.gz,HUMAN,0.21593365388396224
NE_2023_0e61b4e4c087c07489d6d01fa2815a76.html.gz,HUMAN,0.3042469330238786
NE_2023_b53d5716ccff2ed41f19083b0450e6b4.html.gz,HUMAN,0.32012995455518667
