File,label,score
NJ_2022_9bac90a877865f31501969d5262c5ad1.html.gz,HUMAN,0.21921447176909645
NJ_2022_cb56189218ebd6559d53d7fe9b9aaf8e.html.gz,HUMAN,0.1957908540978317
