File,label,score
WA_2022_072e011d857138620c30d56d7dc5dc2f.html.gz,HUMAN,0.21225974918420423
WA_2022_2c86bd110335318417943cedb4472324.html.gz,HUMAN,0.20078245997529467
WA_2022_12abd91379bc5936475787e323324095.html.gz,AI,0.5669853239441037
WA_2022_41536a067e6fb6dadea32a285a374c95.html.gz,HUMAN,0.19453165658536772
WA_2022_6fd627033d9db389d49fb14f68306f8e.html.gz,HUMAN,0.2212343053220491
WA_2022_618dbb5ae1a6a7f837569c45df5ecc2b.html.gz,HUMAN,0.18946700615951245
