File,label,score
KS_2022_4e104614e11e06076d91aa96ca4635e3.html.gz,HUMAN,0.3400892189909885
KS_2022_8098cc77f82d25f6d15e95d706e24b74.html.gz,HUMAN,0.21407386208932355
KS_2022_f7b1c9bc1e96f77772579d4207735a31.html.gz,HUMAN,0.19587864773447652
