File,label,score
TN_2022_016c04033355fee227184505332b143e.html.gz,HUMAN,0.21450187782545155
TN_2022_fb5eff9a2188b32910033d7f99273f62.html.gz,HUMAN,0.1874784981967416
