File,label,score
IL_2022_0096d0d9265204abffac3cc52d3da8fe.html.gz,HUMAN,0.18893236219948834
IL_2022_2395f2edcd2a93db7d0e0f2ab1ac4af2.html.gz,AI,0.9075802890066312
IL_2022_4cfa5b709b18c99987d7c0f0fc03ef93.html.gz,AI,0.6636273690916765
IL_2022_61337b852a5c109f130aeb43969f8c3c.html.gz,HUMAN,0.2562263810872284
IL_2022_848914af2d3bcff88c34747cce60eb84.html.gz,HUMAN,0.20875005266605562
IL_2022_8a76dd65bc2ba12cd0d9b3d898ac955f.html.gz,AI,0.6632349650957265
IL_2022_f68ba4922956a94de18cf400d7b02389.html.gz,HUMAN,0.30291775527478954
IL_2022_adff934c592f84e2be2a2e4712c8042e.html.gz,HUMAN,0.1919942545614813
IL_2022_ffc6f72985a57984bec53492e9bde3e0.html.gz,HUMAN,0.2641599757299293
