File,label,score
ND_2022_8886dabf8156605ed636f82c895e7ad8.html.gz,HUMAN,0.19104419214474647
ND_2022_75791ea6006cf25f8cc725873a213564.html.gz,AI,0.7230283532351931
ND_2022_67cf80f48f654405ba3480c797997faa.html.gz,HUMAN,0.2407655807550165
