File,label,score
GA_2022_7895c03e1f58e3bd03fb0e54f7a7718d.html.gz,HUMAN,0.18794185499068178
GA_2022_47aec2793ac5d3fc906d86076b749663.html.gz,HUMAN,0.2036263749655176
GA_2022_4df1efa6f8bc21063b57bd8c9632cfa4.html.gz,HUMAN,0.19768784311322152
GA_2022_ae91f3d1cdc0e898ca72ce12c8ba35b8.html.gz,HUMAN,0.19485690225840618
GA_2022_d48be03f547da4b995f149918c7e78e0.html.gz,HUMAN,0.21152947507937117
GA_2022_e3f9d17894c0bfeecc86ab0e52b86524.html.gz,HUMAN,0.18992333591130886
