File,label,score
NJ_2022_0ebf292292f43833902931d22cac651d.html.gz,HUMAN,0.2054451940723135
NJ_2022_1bebfb7831416daecdf8ab2425b1d6d0.html.gz,HUMAN,0.2138687124122158
NJ_2022_a7f413b3b1e7a511001ca6a6282ac928.html.gz,HUMAN,0.26287882379508204
NJ_2022_e65523bad10d39e52763ab8c2e73585b.html.gz,HUMAN,0.478458089447903
NJ_2022_cb56189218ebd6559d53d7fe9b9aaf8e.html.gz,HUMAN,0.1957908540978317
NJ_2022_dc980601ad8b3348f922d4a804d44fd3.html.gz,HUMAN,0.22048490734530385
NJ_2022_fe4569054ac260cb8114ffa07a36fb65.html.gz,HUMAN,0.3019264980587862
