File,label,score
DC_2022_7fff6cd09d5babdb040f6dfdde393e3a.html.gz,HUMAN,0.20961721450026066
DC_2022_e1a79e0b4e951a63f84e9257428abd41.html.gz,AI,0.7850967508397177
DC_2022_4adf52eb449c997c099bf07b53209a53.html.gz,HUMAN,0.21168516766564252
