File,label,score
MO_2022_0340196734eb951f9e984a06070465c9.html.gz,HUMAN,0.18750885687825894
MO_2022_0f29879461bff13335f174674b9c1db0.html.gz,HUMAN,0.4155289222401665
MO_2022_177ac2c33c976b612a1fb5f03cacb7ae.html.gz,HUMAN,0.19941792523737223
MO_2022_2c52c0df33ab07591ce67fbb41d69c2a.html.gz,HUMAN,0.19218782541897045
MO_2022_cde2ca94cd3b0d3129af4347e4917c34.html.gz,HUMAN,0.2445869962953875
MO_2022_ac33dc46be1c4d4c3184e84624a1f0a7.html.gz,HUMAN,0.19544746215751105
MO_2022_d8544493f692ba50cfb09a2269334701.html.gz,HUMAN,0.2288968089527582
MO_2022_d033c6b9887d6a829a949f53ad4a9a49.html.gz,HUMAN,0.1951897971370398
MO_2022_e9cf18e4e6c85338a2b320f0af9d665e.html.gz,HUMAN,0.22895593144116533
