File,label,score
NY_2022_133242e39134ad2ac7089c8473f5693e.html.gz,HUMAN,0.2164490608840371
NY_2022_1ecbfac5dddd3579356c0b38bcf427fd.html.gz,HUMAN,0.47477568352719074
NY_2022_4c275ce353bd2e34760de3a5d88d4857.html.gz,HUMAN,0.4611272837975143
NY_2022_e57616684457e1133c6d35dcbc5cb18f.html.gz,HUMAN,0.3367335621442297
