File,label,score
SD_2022_49b3a6207dae1cf996652fc2afcf3dc2.html.gz,HUMAN,0.19239993491651852
SD_2022_626eb7419b1549f61eaccda19f69ae00.html.gz,AI,0.9489728950044053
SD_2022_80c0c0d657e74e906a24974f4f7944c2.html.gz,AI,0.5264813066427612
SD_2022_c4ba8141d0df65641a8a192c56118bc9.html.gz,HUMAN,0.38814214052219115
SD_2022_c999a79ee48343047a1f1507dcd59251.html.gz,HUMAN,0.2338674443217789
SD_2022_f4fbcdef58113e1d67d96b134e9054f7.html.gz,HUMAN,0.32970334765696346
