File,label,score
KY_2022_6166d0a3728b86f18d34069d1cb51150.html.gz,HUMAN,0.2061297555224634
KY_2022_0ec4a225d38ee9e9a322bf3561988641.html.gz,AI,0.5315847476867595
KY_2022_6769afeedbf7d87b89780354bb2866ad.html.gz,AI,0.8196965809082023
KY_2022_a0dddb81caba3ce51b739d07da3b71f0.html.gz,HUMAN,0.33842196530352814
KY_2022_b6acaf7e8d91e35bf05c07d3e2a65d63.html.gz,HUMAN,0.4642080913265078
KY_2022_a221fdff2990789ea6a5fccb70aae22c.html.gz,HUMAN,0.19821026723739815
KY_2022_c34bbfc8918841f83277b68e0a85d710.html.gz,HUMAN,0.20506730837343726
