File,label,score
MA_2022_c28b24dec75d574bd6b7d691ec0053ad.html.gz,HUMAN,0.18817894948295852
MA_2022_beb8fae474080578ba97baefeadd39e0.html.gz,HUMAN,0.3818782880929873
MA_2022_46d99a585da49701ec77bdbea49e9789.html.gz,HUMAN,0.37207562261853994
MA_2022_e915833149b07f7bf8c461470686158e.html.gz,HUMAN,0.3103235742024154
