File,label,score
CO_2022_65f77f65f4f965d6fe57a7806b6224e6.html.gz,HUMAN,0.21841293783656454
CO_2022_64e5e0d1ae9c24a6c7562d0963f036ec.html.gz,HUMAN,0.216622038209329
CO_2022_69ead7ea7f4adde0130a51468a3bde23.html.gz,HUMAN,0.21351640776724357
CO_2022_8acb7caae9934cf1f0c5ca7d48931d0c.html.gz,HUMAN,0.1874821575333984
