File,label,score
NH_2022_07856904fb1df8daa9740c0b24e2add0.html.gz,AI,0.7530978821353035
NH_2022_78e4a7f53a7d57aa6394e61979ffa443.html.gz,HUMAN,0.18747639482475495
NH_2022_4c3fd99029e45f5ac6841b8a27cc4650.html.gz,HUMAN,0.20400290056603035
NH_2022_a3e2ae77af6b979b43ce3b41fd49e0b4.html.gz,HUMAN,0.18792181319597087
NH_2022_c05463e5a136359c509df81ed926f28d.html.gz,HUMAN,0.18792181319597087
NH_2022_c838ca6c4dbae4ac9d5585656182006c.html.gz,HUMAN,0.23471008118160466
