File,label,score
OK_2022_12301f7a569d3a01f41a8163f8e06b16.html.gz,HUMAN,0.2022265486380993
OK_2022_631f3c674ea8ac5c97dfedc4df93e9f1.html.gz,AI,0.6745857715418556
OK_2022_673b8a2dcf332ed7445f8bccc87de1ba.html.gz,HUMAN,0.1874887170671254
OK_2022_8db2d6295bad0f8228bcc37571c88a5c.html.gz,HUMAN,0.19134950337441706
OK_2022_77787c0565d17a7f975bf3581d9b80a1.html.gz,HUMAN,0.18788305258356922
OK_2022_d3d0abc7fd81a1586766f32cf92e6a58.html.gz,HUMAN,0.2020490194631552
