File,label,score
AZ_2022_04fa463e816d56c61b993cc907cae6b7.html.gz,HUMAN,0.1885565497271911
AZ_2022_85d9b91410b47a2f46b117d63a01d6a7.html.gz,HUMAN,0.22676428885804956
AZ_2022_885e7d15fd85c5e16b557b9f342a486c.html.gz,HUMAN,0.24948525658608764
AZ_2022_ebc6fbadb980fa3f166356c58e009f38.html.gz,HUMAN,0.43192704941775006
AZ_2022_94807bd0ca50b0f83c51b766ba16af4b.html.gz,HUMAN,0.19828205991055556
AZ_2022_ca1ad665049ef3b991083df054f932ab.html.gz,AI,0.624575170995897
