File,label,score
PA_2022_097452226ce019be40ccafd0bd7530c5.html.gz,HUMAN,0.4408788522467149
PA_2022_266b8ad48c618381e2d62a97679c0f37.html.gz,HUMAN,0.47547536899745185
PA_2022_0fb6a95a07f670eed442d9626af92c18.html.gz,HUMAN,0.3460941735343158
PA_2022_68863e4c57ad13cd4239020e4cdd937a.html.gz,HUMAN,0.18771568327344082
PA_2022_83d559cfd74bc70ed7187cb81f3a02f1.html.gz,AI,0.6827620494069104
PA_2022_72d0ea6c8e4dee0e3b8cc95650bb5485.html.gz,HUMAN,0.1884004359425312
PA_2022_a587a809336c329102e03cc64922eb6c.html.gz,HUMAN,0.2297255263438956
PA_2022_b5ab4c7a4837ddf7c194cce981499966.html.gz,HUMAN,0.2698719771759466
PA_2022_dd220819aa79889636bc2dc2ed42aa50.html.gz,HUMAN,0.2523168597495601
