File,label,score
SC_2022_00c573333a5281cb6bda4feef63a3022.html.gz,AI,0.9401243948909912
SC_2022_f4182819d6cf6bf720db6a8be7a37075.html.gz,HUMAN,0.23920192717321037
