File,label,score
UT_2022_83b253387d71f489275f1cf45979a47c.html.gz,HUMAN,0.46110370864715455
UT_2022_6e5de4d4e839ad004e784b38aebd7fc2.html.gz,HUMAN,0.4045573543472293
UT_2022_90086cb47f1cd169c3f960eea6de0a90.html.gz,HUMAN,0.19623776896729697
