File,label,score
IA_2022_28edf245af63df8730351270cb037ea4.html.gz,HUMAN,0.36867334999493484
IA_2022_492e694916c8d53ed90d6103d23a5a96.html.gz,HUMAN,0.33520814725701864
IA_2022_53848756ecd434cf2fb72022e07de868.html.gz,HUMAN,0.18886898495228333
IA_2022_c376f3632eb815259296a25fb320d0b2.html.gz,HUMAN,0.1919942545614813
IA_2022_abb21f12ba26dcd8831f612d67741320.html.gz,HUMAN,0.2924213222350463
IA_2022_9367c537ae65f2fc497c76cd3c5438db.html.gz,HUMAN,0.3154275801463249
IA_2022_ccf102895a952e78a54d7313e96bbce9.html.gz,HUMAN,0.18979507828643763
IA_2022_dfca7b6392021e104a215bec7bf0e843.html.gz,HUMAN,0.2730039636893007
