File,label,score
NM_2022_d36d7aa2b13f8237e697e9d12bf936e3.html.gz,HUMAN,0.22821513751804182
NM_2022_254d2cef95f284842d8beba70f6f97c9.html.gz,HUMAN,0.1899100695024365
