File,label,score
NE_2022_ebf9ff8deca72a68c4f765efca2b11ca.html.gz,HUMAN,0.2705227927587077
NE_2022_d737a8cd7653801fce73227706ec83ff.html.gz,HUMAN,0.2856821583541258
