File,label,score
LA_2022_643cd188c6e8ba6cde1c888468d6f521.html.gz,HUMAN,0.19068618699264636
LA_2022_15bdf6ae022a6daf0bac90b680b73f8d.html.gz,HUMAN,0.26608534792332345
LA_2022_2ec9328a746dbf877d24b16ea549967e.html.gz,HUMAN,0.278991573634487
LA_2022_88ae81fae216c239eb8d616a2fb03482.html.gz,HUMAN,0.22838050083955933
LA_2022_7cd246281212981b27aaca5ca8179cbe.html.gz,HUMAN,0.19990006421128562
LA_2022_6a349937a2cd4ce88de7212b4928c692.html.gz,HUMAN,0.29198236267863975
LA_2022_c93028d704930a91a8de4d7bb22cd885.html.gz,HUMAN,0.29198236267863975
LA_2022_b8e43061cfaf907e3fbbbe6750d52ecc.html.gz,HUMAN,0.24688190031500215
LA_2022_e9c569a0fec75c1b0c968f70f0dd7292.html.gz,HUMAN,0.4506502528023217
