File,label,score
MD_2022_04e7dda5c2d7648693b6ae957cf40f22.html.gz,HUMAN,0.1949629707724935
MD_2022_93feb19c6614beaf79e476046808f78b.html.gz,HUMAN,0.2937057526770777
MD_2022_a439b4ef0ccf13224a5cde3d87240377.html.gz,HUMAN,0.2398198832045995
MD_2022_c12521c30032be9c60efd1818262fcc9.html.gz,HUMAN,0.19145343435564263
