File,label,score
NC_2022_64006a85977090f4c27c7a7e522b831e.html.gz,HUMAN,0.3400892189909885
NC_2022_19a512da102bc47bda35a50304ecf007.html.gz,HUMAN,0.1961704131974884
NC_2022_29dcefbb97eab0a216fce2beee774206.html.gz,HUMAN,0.19002788398735418
NC_2022_a56c703dfcd26fd36a4c8c5f7f808767.html.gz,HUMAN,0.40972011988411794
