File,label,score
IN_2022_3871bd6bfbe89d2894a87b9502e96e12.html.gz,HUMAN,0.35554633890293613
IN_2022_55165a92d9b4b6e9efcb45fbbbbb5c8e.html.gz,HUMAN,0.46868854638367424
IN_2022_5864adda8597c62bf00c4ab62f944b32.html.gz,AI,0.7473349026026687
IN_2022_c879f4d79344f276740769f4ad11adda.html.gz,HUMAN,0.1937518285232555
IN_2022_cbedac5aa2138400405c3cb107a8af2d.html.gz,HUMAN,0.19588168817486684
IN_2022_b013ea965a0691708e9273bb54b40444.html.gz,HUMAN,0.18809450570387815
IN_2022_cc92f0dbac0f4a64086ef52795dbf809.html.gz,HUMAN,0.1884209909246325
IN_2022_d82246ab0a66a38da925598cf4978697.html.gz,HUMAN,0.2713727583364307
IN_2022_ebfcfef3c1ea51a274511c113a4938b3.html.gz,HUMAN,0.28429367288076685
