File,label,score
NE_2022_6f5c0be4ef3b5f2e4cf9b3e218c76908.html.gz,HUMAN,0.3537555284227334
NE_2022_d7e596038d7e50e06d839ddae9f47014.html.gz,HUMAN,0.2613828054303157
