File,label,score
MA_2022_d1d660871561cc2fef2a770812d1cfdf.html.gz,HUMAN,0.19098785754205796
MA_2022_7bc10bcc1d64e3062bc33110173db648.html.gz,HUMAN,0.19257051439526196
MA_2022_39f24205b8fd863b8b336632022206ce.html.gz,HUMAN,0.20266454573813378
