File,label,score
MT_2022_8e4b289511da2f61b37ae89c674666b1.html.gz,AI,0.7466107550609421
MT_2022_bf01498efd47956c02fe888128b18e80.html.gz,HUMAN,0.2068408709311143
MT_2022_23c5470283cbe22ad46c558f19bcce4c.html.gz,HUMAN,0.19979576308330246
