File,label,score
VA_2022_474f9d2417aa5f7be642c273e0cb3e68.html.gz,HUMAN,0.18753386437014988
VA_2022_946a76115a19df2d81b647487059a3e4.html.gz,AI,0.5263196739561554
VA_2022_227e496d4107886610a3ad5ee8b8313c.html.gz,HUMAN,0.18890432462696943
VA_2022_f74e3e3d1dd99e815abaf7a090df9038.html.gz,HUMAN,0.26385023770750243
