File,label,score
KY_2022_57e99ff26de1927b3e776e64739feb15.html.gz,HUMAN,0.18778200190154629
KY_2022_4f75bbe8aa8ac044dfc8c9fb4b6dcd5e.html.gz,HUMAN,0.18986373444179047
KY_2022_2c67be47b3b820796b43a47a8c320534.html.gz,HUMAN,0.18767451137758898
KY_2022_93ccff8a2f8a8fbd751d30c435864e35.html.gz,HUMAN,0.4716372433540102
KY_2022_98337dee68d1c01c3fb15507c164ebbb.html.gz,HUMAN,0.2549212787513862
KY_2022_9e5db7e0a0496b027cd0498a2ee3f560.html.gz,HUMAN,0.1883089862523034
KY_2022_aedb2978a5041a86aab66b70eb51e84a.html.gz,HUMAN,0.18747983193661383
KY_2022_cec5c3107759cfe13a70ba94903da7d4.html.gz,HUMAN,0.19093390243377412
KY_2022_decbe6950cba29bf6ead385497bff770.html.gz,HUMAN,0.39116483143625697
