File,label,score
MS_2022_73f089f7c906f94adb16d960e10db61e.html.gz,HUMAN,0.18774232370064867
MS_2022_54c27993235b65d0fae41809b568a9c3.html.gz,HUMAN,0.36415262616205407
MS_2022_803bca61bbd43615d32c1f49072ce88e.html.gz,HUMAN,0.32832341884775146
MS_2022_a5fb595b4bcbaf2d59dfc733930ec6b5.html.gz,AI,0.684093906232169
MS_2022_aab24ea5cd2f8e170803910fb1968a6d.html.gz,HUMAN,0.4112247657000423
MS_2022_ba688acd7929fcf741dc4ebae929d6cf.html.gz,HUMAN,0.22407714480133575
MS_2022_d7f5e162c0ee498f683f83f25a718a2d.html.gz,HUMAN,0.37508549302188426
