File,label,score
SD_2022_eb9f8ce4ee7a94af6a8a8de8fbdcf43d.html.gz,HUMAN,0.1952559885838588
SD_2022_7970f3b2404cec9185b31464155f7f3d.html.gz,HUMAN,0.19047724293812476
SD_2022_d14ff3ed0f447fb374c1a086d934ab91.html.gz,HUMAN,0.1941775655583615
