File,label,score
OK_2022_7691497ced4a6afba27618f4b36f9f64.html.gz,AI,0.8837761425936689
OK_2022_5e93f71ecd851af718e760da436351d9.html.gz,HUMAN,0.2995372144434887
OK_2022_4113b71f9a5780113e154a3fba3138ac.html.gz,HUMAN,0.3396069088276279
OK_2022_88bc40fd0dd785ab903679dbeb31ae06.html.gz,HUMAN,0.19210443210236774
OK_2022_df953fbd862f2c12ece73602c39ba3eb.html.gz,HUMAN,0.46696107357467215
OK_2022_d8cf928451b8aadaaca645a849bd7069.html.gz,HUMAN,0.18837913261918063
OK_2022_efe70ef6287fbd007c4b133351254b0e.html.gz,AI,0.5990769354833834
