File,label,score
TN_2022_3e0b46a937db2a471b34a72c283a3481.html.gz,HUMAN,0.22221539102963753
TN_2022_3cee1d3e49321e7ced001b6a155ded24.html.gz,HUMAN,0.3624360304887907
TN_2022_35cb2b2925eebe977bdf8e715a0b31a6.html.gz,AI,0.7822508974375436
TN_2022_544bac9b27eca057648d7c9f37cc660c.html.gz,HUMAN,0.19995426493553514
TN_2022_8021a1e09c3e728e9e8379e9535df3c9.html.gz,HUMAN,0.19557348214193696
TN_2022_68506d4f2b4150565c9eb530d0af67f7.html.gz,HUMAN,0.22048490734530385
TN_2022_82c2d33f87c07e7293ba52f430873e9a.html.gz,HUMAN,0.1923026692472519
TN_2022_9f0f0bd51c7aab39123bd34c7ddd0f7b.html.gz,HUMAN,0.19188108663402093
TN_2022_dcb3a6ddb652095e3f4af6de6799eeb1.html.gz,HUMAN,0.19664764392234926
