File,label,score
OR_2022_5e123fdb9a4e64b4ae333407d96c3981.html.gz,AI,0.5219909110042795
OR_2022_098a24444ba968b57bd4fef72e09a524.html.gz,AI,0.5710928272286272
OR_2022_1240de82d5fae01b924aadef244897b2.html.gz,HUMAN,0.22961804709287048
OR_2022_847b1979d77386a883f9526f7b57af75.html.gz,HUMAN,0.23376088686537352
OR_2022_b7dded640300f55ab7588c6b34f3cd29.html.gz,HUMAN,0.25199893784532906
OR_2022_87a86047544ff76268767200b678d819.html.gz,HUMAN,0.2102905148514301
OR_2022_d93a94f0cc9d66ce3aa4d7c78a97636f.html.gz,HUMAN,0.19295097901077868
OR_2022_fdae6fdf139e21191d9c9e9370fbbd03.html.gz,AI,0.7058619180207177
