File,label,score
WI_2022_cbc950cf4d259f279163af16a570014f.html.gz,HUMAN,0.19868811929890523
WI_2022_0d22e0b8ede7779acd88714b68d97206.html.gz,HUMAN,0.18776127109747856
WI_2022_425bd4d86f73f13d95b7070cad8b1d66.html.gz,AI,0.6622265598264512
