File,label,score
ME_2022_40b0a406c0ce8c72f7448c4a158dcccd.html.gz,HUMAN,0.18798399256241752
ME_2022_a41aacc0c601dc3df21ea6bdb4bffcd5.html.gz,HUMAN,0.2625149944679988
