File,label,score
NM_2022_244923d8bc0190e1ca89ebd1a2a8fa62.html.gz,HUMAN,0.21215563594317513
NM_2022_04d9eeee2bcdab435f95f0f005eb2747.html.gz,HUMAN,0.3281673598666303
NM_2022_6e9b8bd2884e507827baab871e2ecaa6.html.gz,HUMAN,0.20536267071933006
NM_2022_74eb1232f88a82ba350ab45a6f2fbbf2.html.gz,HUMAN,0.23704345781109298
NM_2022_fdca10325f9ecf78669473bfa598d997.html.gz,HUMAN,0.3085104371700082
NM_2022_d3861b9df7de9b44b0ee8733829ffb27.html.gz,AI,0.5749882773920553
