File,label,score
MO_2022_0dcc34a2c9efabce1720a723232897cf.html.gz,HUMAN,0.25215559975844093
MO_2022_106d7418c92414525683c5fd9325914b.html.gz,HUMAN,0.19692314222394233
MO_2022_1ce6401e800b48043e939079664f2f33.html.gz,HUMAN,0.24588639164954837
MO_2022_95e0bb832d58cf1513aad627ab85d89e.html.gz,HUMAN,0.19351113022737051
MO_2022_8b0824923a722e9c62be92d6feb55e80.html.gz,HUMAN,0.20896833739832774
MO_2022_d81a9c0e1af2948eb337d5e300837ae4.html.gz,HUMAN,0.2590672891488996
MO_2022_fc1534b4d9a70f51e7948566a57bc541.html.gz,HUMAN,0.21068848345337401
MO_2022_fbc8b99367404afc80ea54546c911061.html.gz,HUMAN,0.3813359975804017
MO_2022_fd9ce4972e9489aa98ac530a6ade92f7.html.gz,HUMAN,0.35134455610020454
