File,label,score
MD_2022_4643d73b88a14bcf6d3accee61f3e94d.html.gz,HUMAN,0.21593365388396224
MD_2022_43ef9f9c87875d73c42fca5e14d8a56b.html.gz,HUMAN,0.21145184025656946
