File,label,score
AK_2022_ec02f702fe4dca47462ce6fef64d6034.html.gz,HUMAN,0.1885798511529821
AK_2022_934eb0cdc0188f74358d231e89f2ffaf.html.gz,AI,0.9831047856031077
