File,label,score
NY_2022_0d86b6aab233c4f2fdb196228a7419cc.html.gz,HUMAN,0.3985988937582534
NY_2022_2178d40bce9f506ddb99c9f842049df3.html.gz,AI,0.8771977974961392
NY_2022_96951d29c7549d5ff06a6a79ae252446.html.gz,AI,0.9902432520478699
NY_2022_7aa2a44931e3cb511901c6ad80faa656.html.gz,HUMAN,0.2946504287728383
