File,label,score
TX_2022_1e88568d8adc38178c4dc039b49a7d3c.html.gz,HUMAN,0.4502927215389351
TX_2022_3fee1e48101d36e98708bdc0fea24945.html.gz,HUMAN,0.2528372024946497
TX_2022_b8ed0bdd21b321b32b1fc9a940771828.html.gz,HUMAN,0.312858765906348
