File,label,score
IL_2022_921503907dab3d8203fbe123458422d4.html.gz,HUMAN,0.1876111026808971
IL_2022_583f7aee1af643fd2878d668dedc6acc.html.gz,HUMAN,0.1926362792726688
IL_2022_61df6c115f23824946f862f6885a9bdb.html.gz,HUMAN,0.2472038271283947
