File,label,score
NE_2022_c5a0450dcb2134963bd1ba5ede7d1324.html.gz,HUMAN,0.1945143532633989
NE_2022_d3eb0a13716f1114351aa1045bd6b9b6.html.gz,HUMAN,0.22124081761720665
NE_2022_d9cab984310ec8ea583b33993c50985b.html.gz,HUMAN,0.3637555550910522
