File,label,score
UT_2022_bfe23429dfe085f8e0d7a67d8b8c3378.html.gz,HUMAN,0.26644027559249644
UT_2022_1d2b622da78eb3ae9f8875613bb930cf.html.gz,AI,0.802873725658637
UT_2022_be99e30f3a82d6311c2308509939d0d8.html.gz,HUMAN,0.2275864513369927
