File,label,score
AZ_2022_29f2b12ad24e157afaeaacb95e862d68.html.gz,HUMAN,0.19076709110427378
AZ_2022_1e3a1ba257310139ce7285fa6d8880e0.html.gz,HUMAN,0.28209322512487134
AZ_2022_05befd8b233cba3ba601181d2882ab1a.html.gz,HUMAN,0.19240223899616304
AZ_2022_58e7d8dc92f333c320b2fed0e46321e1.html.gz,AI,0.8900060441104378
AZ_2022_bf071dd96dee49f263a2899c82d7eedd.html.gz,AI,0.5073971571698365
AZ_2022_a652adf037bfab53e85c6867d57a93b2.html.gz,AI,0.6265524115566095
AZ_2022_d1004f17d6b8825acda453cfd64e825a.html.gz,HUMAN,0.2292758396912635
