File,label,score
IA_2022_274f16ba4cad4de672cee689e7b02e7f.html.gz,AI,0.7251100270419637
IA_2022_fb3b9d52d3ac8088c4b31b1f262f61e3.html.gz,HUMAN,0.2050346564669391
