File,label,score
CO_2022_58555204e995c795487e182bbce63458.html.gz,HUMAN,0.2555453680500269
CO_2022_4028a94690a0cd876f6a5b2f888b2d97.html.gz,HUMAN,0.21619663048558843
CO_2022_542860e71ded1ea434dbe01c4eebaf5b.html.gz,HUMAN,0.1896623326217312
CO_2022_8538a85a836a6ca70752137d1df0f5f1.html.gz,HUMAN,0.48553318644127175
CO_2022_cb792ad01c4ebce6d5e4a1bd48c5960a.html.gz,HUMAN,0.20948249366968708
CO_2022_a1ed3a3492878532d03b4e72aee08ac8.html.gz,HUMAN,0.19995426493553514
