File,label,score
MN_2022_2af9c1ec1442e3f387e201964414c048.html.gz,HUMAN,0.21239278207814416
MN_2022_c553ad5cf42e021920ecc685bd09dec0.html.gz,HUMAN,0.4583799688138525
