File,label,score
HI_2022_3c32e1b0ff2e45cdacd1138be9e4132e.html.gz,HUMAN,0.3387817990185158
HI_2022_4719e90dc6c94af1ee47635ab6dbd33f.html.gz,HUMAN,0.29972140379790446
HI_2022_71ccbbc18872337ee6fb0831e315b4a6.html.gz,HUMAN,0.3713770090201861
HI_2022_ad6dbee4324f44e5344516160f1f8991.html.gz,HUMAN,0.18870011080636323
