File,label,score
NV_2022_b8ca6dc40f94268262b241407bc2807b.html.gz,AI,0.7480582216681626
NV_2022_ade92e693287fdfd2c6adaed109ff738.html.gz,HUMAN,0.3046026891638237
NV_2022_122830b5138b657f55532649d4cf87a9.html.gz,AI,0.5867217930120501
