File,label,score
WV_2022_ada85a33c172b89a4df9f3240a76b9bc.html.gz,HUMAN,0.2560546008473813
WV_2022_fce83c12f8a5ee331a84bcef516633ab.html.gz,AI,0.5483085282318809
WV_2022_a229b1014c5d6f463373c7d3779cabe1.html.gz,HUMAN,0.2779325257433242
