File,label,score
PA_2022_64bd959b8255626501731cfa1f69b4dd.html.gz,HUMAN,0.18901429697730657
PA_2022_3d84d4731cd78dd1e874c5565c48f0d4.html.gz,HUMAN,0.2593088467606318
PA_2022_33b872f808a9445b3a28ec494863f80a.html.gz,AI,0.6127160284724209
PA_2022_94aa1d346d3a51a5a2c0a775ad93e4f8.html.gz,HUMAN,0.19687639010487398
PA_2022_7e9e78fa9015de2274f7f5a1191275f1.html.gz,HUMAN,0.3391421822121655
PA_2022_b6de7be414bd9ee61f40a7ce69f0987b.html.gz,HUMAN,0.20287645129708032
PA_2022_c6fdec727171825f6af060406b962148.html.gz,HUMAN,0.45501817757422164
PA_2022_db52c8e250f2fcd0275ccbb76366a7af.html.gz,HUMAN,0.4558624379831211
