File,label,score
AR_2022_12d4d01f829bee5cd91a7b9b02f879fd.html.gz,HUMAN,0.2414446243085843
AR_2022_2d907884cad0b1a317b6c70d4cbbc648.html.gz,HUMAN,0.19006543837474943
