File,label,score
CO_2022_5a4dc51899bc4ac2350fc2b00f736ea4.html.gz,HUMAN,0.18850965294721667
CO_2022_b4d8c7fcec52b486f1815e2c71b687d9.html.gz,HUMAN,0.31585899813449003
CO_2022_96b36101d89f99f44abe069f84f19c3e.html.gz,HUMAN,0.18809450570387815
CO_2022_bd2f4fcba3e85edd1d47e459f0955846.html.gz,HUMAN,0.27886146967023606
CO_2022_d61c222819a1e2705f82587601bf3811.html.gz,HUMAN,0.2080718895766142
