File,label,score
WI_2022_43f4fe6ef8d8a0eddd584ed4a0b43af9.html.gz,HUMAN,0.43905639471803154
WI_2022_3457638e5d30c50847f3b6533d0efccf.html.gz,HUMAN,0.1882631240389404
WI_2022_3d5e6cc88523362c317b39e41e31e3b3.html.gz,HUMAN,0.22624405534451317
WI_2022_da00f9a5900501300b6c017e703b64e0.html.gz,HUMAN,0.19007580117812992
WI_2022_dcf5225ae2fe0a689b4672534e322094.html.gz,HUMAN,0.1922204928903484
WI_2022_a6cd22b103a3713b19e87c9c06ab1553.html.gz,HUMAN,0.3396837878059141
WI_2022_fc2183625c3fa1ae26d4e7d94cfca26b.html.gz,HUMAN,0.2173198449890084
