File,label,score
SC_2022_db000f6fc20ce3b2f9bcc06d4979c584.html.gz,HUMAN,0.3391255764969965
SC_2022_25fc5439b83b9086d5dd58c1c29ba6f8.html.gz,HUMAN,0.2328996714301097
SC_2022_b2aaddf708603b9110e3144708d7c405.html.gz,HUMAN,0.1937733626067874
SC_2022_e04e3270681f98853e0cab5ff432401f.html.gz,HUMAN,0.2005032250396463
