File,label,score
GA_2022_5b0abbbfc626539c0ae184a929a4cecd.html.gz,HUMAN,0.22203591018970992
GA_2022_7d2a1e67f9d0ab741967b792f9e8a799.html.gz,HUMAN,0.18780228697287107
GA_2022_6ed4995d75d203e642bccff595bd131b.html.gz,HUMAN,0.22583641843424282
GA_2022_85dc48d10257ce9a1a8f85890061983a.html.gz,AI,0.6140716005205964
GA_2022_8d6af2356e4a2e76c1ed8da180538ce9.html.gz,HUMAN,0.309068525939219
GA_2022_8015ecbfa394fdc519c3089eee220fc6.html.gz,HUMAN,0.32634223260465073
GA_2022_f10c5312f0380b08119aca0b35239b26.html.gz,HUMAN,0.19018696812569888
GA_2022_ebe20265b365ac88f05da627a301eea3.html.gz,HUMAN,0.25882624258088
GA_2022_c9da000e77db976d96588e4b65e40a46.html.gz,HUMAN,0.19540175328109233
