File,label,score
NJ_2022_c6bb9473a2599a2c12013d358a642124.html.gz,HUMAN,0.31826371867648984
NJ_2022_6bd97b46f4c959c9a66ee1ca10676f64.html.gz,HUMAN,0.4197457272727621
NJ_2022_9b436c030a8504437ae19ac84b3e2a79.html.gz,HUMAN,0.2021080668356307
