File,label,score
CA_2022_32247c602a3ef9ab3eca4ce1d9e31126.html.gz,HUMAN,0.18759230747994954
CA_2022_3072ec383b2bab215186c0ae2d2bb942.html.gz,HUMAN,0.2906306565447041
CA_2022_d5e69a582ba0d6abe63ccbd0de2e4b65.html.gz,HUMAN,0.1886663091333294
CA_2022_f9ad14bea3e9cbbae2be779517c70c32.html.gz,HUMAN,0.27998091448736
