File,label,score
ID_2022_f7138aea4d235306baf064b48e18a12e.html.gz,HUMAN,0.3811957270584864
ID_2022_5180e7ea52e07ddabf6ecab93f7df540.html.gz,HUMAN,0.27415146921223554
