File,label,score
FL_2022_40c2864f46ff2d02dfcf883b94694cff.html.gz,HUMAN,0.24693889027483573
FL_2022_1087dd3385f9646064f8aa4d46405588.html.gz,HUMAN,0.21343521985091377
FL_2022_a1aaceb7bb57581c483b4eb90b727d90.html.gz,HUMAN,0.20853300512825915
