File,label,score
MO_2022_48983aaa63f599f0ad31b2c1b1c7aecc.html.gz,HUMAN,0.1915415508359761
MO_2022_b4c59d9117020c79ebd32f97f1ab479f.html.gz,HUMAN,0.2985377072979901
