File,label,score
MI_2022_4374f141b8f99fcfa943eac033bb43e5.html.gz,HUMAN,0.22665423146410724
MI_2022_67a3f1998fd8e07242b3fed4d6966d24.html.gz,HUMAN,0.1915415508359761
