File,label,score
OK_2022_2913d0cec31b5c7d6640e716cac71ed5.html.gz,AI,0.8471217829920716
OK_2022_9c8d2d96b2dde74d1991591ec2d4d2c2.html.gz,HUMAN,0.1943349843618058
OK_2022_4ce808b26f36a041ed7780efce6c7a3a.html.gz,HUMAN,0.22492287724058638
