File,label,score
MD_2022_f48cec9c1b1cd63677fac9ab60d3ffb3.html.gz,HUMAN,0.19734941955469001
MD_2022_8268e12eec19dd5ba59389dac8d64fee.html.gz,HUMAN,0.2824482585325119
