File,label,score
VA_2022_32c3b12547cc23cbc5b6b32b62d1e96c.html.gz,HUMAN,0.26140074921515444
VA_2022_b6429ba307b151e7de377e99119b31a1.html.gz,HUMAN,0.2856947013254464
