Link,Score,Prediction
CT_2023_714dd60b988a9bc81d91917f6a9798f9.html.gz,0.9779411554336548,Most likely human-generated
CT_2023_7861c7ca86fc4ddc38dd5ef181f84878.html.gz,0.9852941036224365,Most likely human-generated
CT_2023_808378289f7c94babaf76471c2248c6e.html.gz,0.9751552939414978,Most likely human-generated
CT_2023_82a2167798eb431882d2c498a0ebc438.html.gz,0.9718309640884399,Most likely human-generated
CT_2023_bccef204a899f7451a711503cae6aa97.html.gz,1.0,Most likely human-generated
CT_2023_ccd744822bea558d648118a411d2ad20.html.gz,1.0496454238891602,Most likely human-generated
