Link,Score,Prediction
RI_2024_84cbe03e9588855cf85c8687ab508034.html.gz,1.0324324369430542,Most likely human-generated
RI_2024_d3043e6a3a35990b6fb20afdb79b44c1.html.gz,0.9324324131011963,Most likely human-generated
