Link,Score,Prediction
MT_2023_65e6f7d853a62c9e57994f892f21924c.html.gz,0.966292142868042,Most likely human-generated
MT_2023_8aaf77109dcea03c633c35fc5e34af86.html.gz,1.028735637664795,Most likely human-generated
MT_2023_909fc4b31651e7f1c52d56a532bbddc1.html.gz,1.045454502105713,Most likely human-generated
MT_2023_990452f8bff135f877ba740d24d61f0f.html.gz,0.9529411792755127,Most likely human-generated
