Link,Score,Prediction
SC_2024_0df71f8097e746c528047d213897afb7.html.gz,0.9878048896789551,Most likely human-generated
SC_2024_958213f4c20be780cc39276ce7f87331.html.gz,1.0376343727111816,Most likely human-generated
SC_2024_aab8869ecaa832af5eeed1cc6be1865c.html.gz,1.014285683631897,Most likely human-generated
SC_2024_cb196fcaf3fe02eab8a305eac6b01306.html.gz,0.9645389914512634,Most likely human-generated
SC_2024_f07ac400ecba8cc99bf87183736097db.html.gz,1.0368098020553589,Most likely human-generated
