Link,Score,Prediction
MT_2024_0c5c7e0488e38831835e2db8337d84f2.html.gz,1.0193548202514648,Most likely human-generated
MT_2024_89772b6c820516b1cb7e2c3eced37aa8.html.gz,1.0377358198165894,Most likely human-generated
MT_2024_c93675f2fe40725942f54fd838834f64.html.gz,0.9704433679580688,Most likely human-generated
