Link,Score,Prediction
AR_2023_0f0ebc2c8db9efe22f587edab20fee84.html.gz,1.0119047164916992,Most likely human-generated
AR_2023_601b4848538b5627fd0647824a04e560.html.gz,1.0253164768218994,Most likely human-generated
AR_2023_7b8dc876dfd41b47f46adc0c1ac50332.html.gz,0.8897058963775635,Most likely human-generated
AR_2023_960cb0bbe07fc9112bdb322fedf0098e.html.gz,0.9602649211883545,Most likely human-generated
AR_2023_a097c6e7288726afcbbc313165a47422.html.gz,0.932330846786499,Most likely human-generated
