Link,Score,Prediction
NM_2023_1bea2e08ad09f5ac41c438ce788f991a.html.gz,1.0,Most likely human-generated
NM_2023_5b616549989d3e0c5f0a29f34d83a88a.html.gz,0.988095223903656,Most likely human-generated
NM_2023_677f80a6a0787d46c9a57f55360079b8.html.gz,0.9211618304252625,Most likely human-generated
NM_2023_6fadc0a7dae5cc35bec957924c4f788d.html.gz,1.0399999618530273,Most likely human-generated
NM_2023_8b47048dacfad86fb4917f0cf4c5f500.html.gz,1.0372670888900757,Most likely human-generated
NM_2023_a56915e42fd0820175c013ffa3e4275d.html.gz,1.0208333730697632,Most likely human-generated
NM_2023_dc2a7bf18f157801302be7da718507b5.html.gz,1.0173410177230835,Most likely human-generated
NM_2023_e37b3186062b9fcc27ae0d3d92a711ea.html.gz,0.994350254535675,Most likely human-generated
