Link,Score,Prediction
TN_2023_a34317650e734cbefd7d6a71f2945088.html.gz,0.9930070042610168,Most likely human-generated
TN_2023_e37bf557fb43d9fc0599a4d1559ebb78.html.gz,1.0068492889404297,Most likely human-generated
TN_2023_f3fb8029c55553cc8361acf87ff69c8e.html.gz,1.0258064270019531,Most likely human-generated
