Link,Score,Prediction
WI_2024_6058749009e2cf328002b93e1e424ffe.html.gz,0.9523809552192688,Most likely human-generated
WI_2024_e464941b96f0037f6218159447a5ab62.html.gz,0.9939758777618408,Most likely human-generated
