Link,Score,Prediction
SC_2023_155cae0d96c99569fc25f9faf8ea38ff.html.gz,1.0272108316421509,Most likely human-generated
SC_2023_2405b5a6d98736f649bd7339d121b376.html.gz,1.026455044746399,Most likely human-generated
SC_2023_37fa813157a78c1dcf1ae99932ef690d.html.gz,0.9866666793823242,Most likely human-generated
SC_2023_4edf6bf013b18f9c72eaeb9063d80730.html.gz,1.057554006576538,Most likely human-generated
