Link,Score,Prediction
DC_2024_123e4dcb933098e257fed026bce73467.html.gz,0.9635036587715149,Most likely human-generated
DC_2024_1b968174c81dd4bfb4fa74d23b4fd1e0.html.gz,0.9763779640197754,Most likely human-generated
DC_2024_21d80f4cde382b13df58c22b14f67eaf.html.gz,0.9939758777618408,Most likely human-generated
DC_2024_24df528921a43c7b95864bf8bac5c475.html.gz,0.9935483932495117,Most likely human-generated
DC_2024_453cf764cf2368359ceabb85787d2324.html.gz,0.9817073345184326,Most likely human-generated
DC_2024_a473dcd2c31bea42e4cd79fdf4e896b7.html.gz,0.95652174949646,Most likely human-generated
DC_2024_c1de80a76a2acb881dd568723cc5ffe3.html.gz,0.9791666865348816,Most likely human-generated
DC_2024_dac347265a527fd00c314cc3ede4a247.html.gz,1.0,Most likely human-generated
