Link,Score,Prediction
VT_2023_3c2c79a382346bfb62df9fe1b0309c52.html.gz,0.9265305995941162,Most likely human-generated
VT_2023_96cc062f7790daff50d61c72d9ced756.html.gz,0.9668874144554138,Most likely human-generated
VT_2023_da693516b10a0ba1433834a1c2da2c3e.html.gz,1.0438246726989746,Most likely human-generated
