Link,Score,Prediction
WV_2023_0559e49222ec031d28ba5d83c4461717.html.gz,0.9780219793319702,Most likely human-generated
WV_2023_3ee1d491a590f6082e01c1304a540c8d.html.gz,1.0352941751480103,Most likely human-generated
WV_2023_e29f73c7f03a6ea0fabbc779e974ccca.html.gz,0.9642857313156128,Most likely human-generated
