Link,Score,Prediction
WI_2023_0148d17453189d5f11933c1d1f4b9551.html.gz,1.0700637102127075,Most likely human-generated
WI_2023_8875feec4333f03243c8f4b3440fc0b2.html.gz,1.0229357481002808,Most likely human-generated
WI_2023_cdcdfd33e86649a75ddf9e4faa2b3938.html.gz,1.0120482444763184,Most likely human-generated
