Link,Score,Prediction
MS_2023_4347de71ba7caa09d94cfcfb5666de9d.html.gz,1.0147058963775635,Most likely human-generated
MS_2023_5f07c95a7ed9e76e2a49eecbadf8ecb8.html.gz,1.0,Most likely human-generated
MS_2023_6d2c96243489e93037da2c9b07c64fce.html.gz,1.0448979139328003,Most likely human-generated
MS_2023_6ec35bc05bf4e6c5d1252d814b71b434.html.gz,0.95333331823349,Most likely human-generated
MS_2023_9456ce5e8cc55f5759e1334580693323.html.gz,0.9934210777282715,Most likely human-generated
MS_2023_a3df7478b32b81ba51e1646f503bb48e.html.gz,1.0,Most likely human-generated
MS_2023_bd79196d87458d16a27a2ec6a05769a0.html.gz,1.014285683631897,Most likely human-generated
MS_2023_c0c601a7359b7b1aaa45b13df3212a24.html.gz,0.9629629850387573,Most likely human-generated
MS_2023_fa7c64fff33df9f7e17457bf86e9eab2.html.gz,0.8687499761581421,Most likely human-generated
