Link,Score,Prediction
IA_2023_25ec68285ebce0db27a144b61b035dd1.html.gz,1.0,Most likely human-generated
IA_2023_606ee0f680ce7d74ba3cc9cd89660205.html.gz,1.0412371158599854,Most likely human-generated
IA_2023_73bee40474a2752d0c15e63c975dc246.html.gz,1.0134228467941284,Most likely human-generated
IA_2023_781fdd5b5d3852f88362b856c38259f2.html.gz,1.0443350076675415,Most likely human-generated
IA_2023_a26128dabd149657ad76e04120fef02f.html.gz,0.9880478382110596,Most likely human-generated
IA_2023_c3aa4615fc88b5eaeeb571d540e38e69.html.gz,0.9885057210922241,Most likely human-generated
IA_2023_cccd60c717c48753dead8c59c6d49315.html.gz,0.976047933101654,Most likely human-generated
