Link,Score,Prediction
AZ_2023_03ad06714dca9b8b1558666dd9677020.html.gz,0.915032684803009,Most likely human-generated
AZ_2023_706b09f537816aec64df2367f741eb8f.html.gz,0.9790209531784058,Most likely human-generated
AZ_2023_9f67a7d1eed65b7508c7987183c1a453.html.gz,0.9948186278343201,Most likely human-generated
AZ_2023_bbd468a21234096b648101bc841c7c7c.html.gz,0.9948186278343201,Most likely human-generated
AZ_2023_ed6930fd3b9ff73190b284f1fd5590fc.html.gz,1.0538922548294067,Most likely human-generated
