Link,Score,Prediction
MA_2024_18ad24582395ab4614e01c483def08e1.html.gz,0.9347826242446899,Most likely human-generated
MA_2024_35b907291968389b755ed6c77476057d.html.gz,0.9937106966972351,Most likely human-generated
MA_2024_3db5243e0692fcbf7b3e996e0890e8dd.html.gz,0.970588207244873,Most likely human-generated
MA_2024_b9d4f158ee24b737a65c0e4c7a9ea3f2.html.gz,1.0268456935882568,Most likely human-generated
MA_2024_e1cb47e7a8d6949ae9980a72cad46014.html.gz,1.0316455364227295,Most likely human-generated
MA_2024_e6ae9c0e11152a7c08ff7e2128c090ed.html.gz,1.0268456935882568,Most likely human-generated
MA_2024_f1c7ea4cced6fdd3bbace67de9946dfc.html.gz,0.9801324605941772,Most likely human-generated
