Link,Score,Prediction
UT_2024_40af25a50034d531129eb329811a795b.html.gz,1.051948070526123,Most likely human-generated
UT_2024_775663944c4a552b4f0be4fb61ad65d7.html.gz,1.0129032135009766,Most likely human-generated
UT_2024_d5557725fe5c5eff3a1936cf5a845daf.html.gz,1.0132449865341187,Most likely human-generated
