Link,Score,Prediction
MD_2023_55b37df12963498b4c875116062225c3.html.gz,1.09944748878479,Most likely human-generated
MD_2023_b1b659873488bcd889b0cdbf97a79d39.html.gz,1.0290697813034058,Most likely human-generated
MD_2023_ba64bc55872954887d7bcad5271a833c.html.gz,1.044176697731018,Most likely human-generated
MD_2023_bc0a964ad683075ef07c2d8cade44005.html.gz,0.9791666865348816,Most likely human-generated
