Link,Score,Prediction
NH_2024_61e1a4cb56b08e06940494483482e7e7.html.gz,0.9923076629638672,Most likely human-generated
NH_2024_92f9815176151a96aa07fcd33ac348bc.html.gz,0.977011501789093,Most likely human-generated
