Link,Score,Prediction
VA_2023_0943481ac15e83ef54077936ddd772be.html.gz,1.0518134832382202,Most likely human-generated
VA_2023_4530bd2bc7a5fbdfcf7b687647995d7d.html.gz,1.1014492511749268,Most likely human-generated
VA_2023_f7e0eed6e957f790464d3cf7a338ccb5.html.gz,1.019736886024475,Most likely human-generated
