Link,Score,Prediction
IN_2023_0777616a4c4a5fc897a207ad4934617c.html.gz,1.0199999809265137,Most likely human-generated
IN_2023_664cf5a2a761bfe66aa2097a9a3b7eb5.html.gz,0.936170220375061,Most likely human-generated
IN_2023_b4569eb7c749ec63d489382388707276.html.gz,1.0449438095092773,Most likely human-generated
