Link,Score,Prediction
HI_2024_4c59453ce4446c07d5ab921355c1e3ff.html.gz,1.0223881006240845,Most likely human-generated
HI_2024_55927f95e6c91bdc47f62df5b6872e52.html.gz,1.0272108316421509,Most likely human-generated
HI_2024_ba509c87aaa41caed118564b78a256eb.html.gz,0.9699570536613464,Most likely human-generated
HI_2024_bbbc62456ed6482499936104bde09488.html.gz,0.96875,Most likely human-generated
HI_2024_cbdbd8ce8a8a64915c0ab544f27e094a.html.gz,1.029411792755127,Most likely human-generated
