Link,Score,Prediction
DE_2024_6db3875f80ef222bd1ae7b98c10633b5.html.gz,0.9571428298950195,Most likely human-generated
DE_2024_bb87a04af63538a5dfe58c1b82f165cc.html.gz,0.9211618304252625,Most likely human-generated
DE_2024_e96aafb01f925ad1b7f7c5a84493676f.html.gz,0.9147727489471436,Most likely human-generated
DE_2024_fbde1a7a19376fd8091df057cf9f5127.html.gz,1.0810810327529907,Most likely human-generated
DE_2024_fdd71c99cf35065049be079abec071eb.html.gz,1.0379747152328491,Most likely human-generated
