Link,Score,Prediction
NE_2024_1ee2a4c2ece9b8ed70075a2c3c9d315e.html.gz,0.9939024448394775,Most likely human-generated
NE_2024_3ca5914bdc296d0bbdfb456b3de369e4.html.gz,0.9937499761581421,Most likely human-generated
NE_2024_9998746b05ec4f62e35da43d70403d84.html.gz,0.9249011874198914,Most likely human-generated
