Link,Score,Prediction
NY_2024_135f12f95fe33f0296c6f32b18ba1690.html.gz,1.039823055267334,Most likely human-generated
NY_2024_486aa82ad2f6966c3cc30f903a270956.html.gz,1.0,Most likely human-generated
NY_2024_4c275ce353bd2e34760de3a5d88d4857.html.gz,0.708791196346283,Most likely AI-generated
NY_2024_80e8ae48aa459bdc5d4a0dc72cbfacb0.html.gz,1.0080000162124634,Most likely human-generated
NY_2024_891b5fa12b241e60cb64e07279904e3e.html.gz,0.8831169009208679,Most likely human-generated
NY_2024_fb561a2cdc844fe6d2f1433fcdc19ad2.html.gz,0.9897959232330322,Most likely human-generated
