Link,Score,Prediction
DE_2023_229761c2b314344cc414a8466530b921.html.gz,0.9710982441902161,Most likely human-generated
DE_2023_c045b7e85df617c2f58a467907788542.html.gz,0.9858155846595764,Most likely human-generated
