Link,Score,Prediction
SC_2024_47dce95d040b228d26834f04a651465b.html.gz,1.0774648189544678,Most likely human-generated
SC_2024_4edf6bf013b18f9c72eaeb9063d80730.html.gz,1.057554006576538,Most likely human-generated
SC_2024_e44c048d5b976477e0448b7844ed09fd.html.gz,1.0068026781082153,Most likely human-generated
