Link,Score,Prediction
MI_2023_232ddcc66c4995d2b6cc342e45a3cd1a.html.gz,0.8808510899543762,Most likely human-generated
MI_2023_45abfe39f189f450f779301cf0951937.html.gz,0.9662162065505981,Most likely human-generated
MI_2023_7b27c0869bf62c547885ee51d47b061a.html.gz,0.9814814925193787,Most likely human-generated
MI_2023_c3854b8539ee30eff074215b90103900.html.gz,1.0145984888076782,Most likely human-generated
MI_2023_eb10ac82cf159fb35c544065406fbfad.html.gz,0.9589040875434875,Most likely human-generated
