Link,Score,Prediction
NV_2024_0253fe8ea2989ec5a0f43fc94590ae95.html.gz,0.9668874144554138,Most likely human-generated
NV_2024_2b7ebe898fb1568e9f6d43bfed1a4e27.html.gz,1.038759708404541,Most likely human-generated
NV_2024_3485e3f85d265f678339692b5da5e155.html.gz,1.006666660308838,Most likely human-generated
NV_2024_350a5ba4534f2a17e327716411e3e775.html.gz,0.9849624037742615,Most likely human-generated
NV_2024_6cab835a1445ff6b8e35383049449014.html.gz,0.9655172228813171,Most likely human-generated
NV_2024_9b5b1ad410134f8ce9b0004b842e4766.html.gz,0.9871794581413269,Most likely human-generated
NV_2024_c7ae1224c68d519f147b65bf9105063a.html.gz,0.9913793206214905,Most likely human-generated
NV_2024_d22486e6195d5a5bec269a523c22a88a.html.gz,1.0368098020553589,Most likely human-generated
NV_2024_e3bda9a7eaada66263c4f6981c276e95.html.gz,0.9545454382896423,Most likely human-generated
