Link,Score,Prediction
KS_2023_190f6fec0125ca13f69f56606f532276.html.gz,0.90625,Most likely human-generated
KS_2023_2f3464c363dd8ad21387b5791541bea8.html.gz,0.9507042169570923,Most likely human-generated
KS_2023_49e4694bd63ebd97d77c434264cd49e0.html.gz,1.0582010746002197,Most likely human-generated
KS_2023_6be31ec5ce015b01be9f71ee1600f657.html.gz,0.9718875288963318,Most likely human-generated
KS_2023_972b30dd14302aaa0bb28a516fb4df73.html.gz,0.9407894611358643,Most likely human-generated
KS_2023_bf5999701ccb88a8b8c676b4afd7c247.html.gz,0.9295774698257446,Most likely human-generated
KS_2023_d283ce061a38eabf65a5be15122df573.html.gz,1.0064516067504883,Most likely human-generated
KS_2023_deca674266f49ec2ee202ffcadf8d5e2.html.gz,1.040697693824768,Most likely human-generated
KS_2023_ed8913b534a361986d63501e1ae24655.html.gz,0.9798657894134521,Most likely human-generated
