Link,Score,Prediction
MO_2023_172614462451e4341be0db3928e0472f.html.gz,1.0206611156463623,Most likely human-generated
MO_2023_46b112c98fe1048f88090cd0339d6074.html.gz,1.0,Most likely human-generated
MO_2023_4c63ece4fd321f8f47adf38481337dc8.html.gz,1.0059880018234253,Most likely human-generated
MO_2023_88f1a0acd8c70c9c85744d4a12b4b055.html.gz,0.9754902124404907,Most likely human-generated
