Link,Score,Prediction
VT_2024_317d4c613ede7b1c16d4931f0d30a372.html.gz,1.0062111616134644,Most likely human-generated
VT_2024_4212c9f23f9d9a36bc7843c2a5c63f65.html.gz,0.9925373196601868,Most likely human-generated
