Link,Score,Prediction
TN_2024_6408b73099bc7878ff7ab5be58e1c19d.html.gz,0.9543378949165344,Most likely human-generated
TN_2024_8414f353739750dd41536c4d637ae972.html.gz,0.933920681476593,Most likely human-generated
TN_2024_b18b53027d7d38ddd231393329e4f676.html.gz,0.9019607901573181,Most likely human-generated
TN_2024_d801b212f7a74c60a5db85bde6320f7b.html.gz,0.9921568632125854,Most likely human-generated
