Link,Score,Prediction
WV_2024_2b189e35902777d7ea97ed607e8b4977.html.gz,0.9947368502616882,Most likely human-generated
WV_2024_35d342552af992260d35943c399f8699.html.gz,0.9701492786407471,Most likely human-generated
WV_2024_9e9ccbf7ab1f2e1f3cb0e636861694f1.html.gz,1.0126582384109497,Most likely human-generated
