Link,Score,Prediction
OK_2024_25a213b71ec70fc3fdcafd8d61534369.html.gz,0.9523809552192688,Most likely human-generated
OK_2024_27a555e9c59015f9d5b0be180c081c30.html.gz,0.9753086566925049,Most likely human-generated
OK_2024_42f8894bdbb50463afd6b4171faa482a.html.gz,0.9635627269744873,Most likely human-generated
OK_2024_c1debc24cb0733bc7f848fa270e6035d.html.gz,1.0451977252960205,Most likely human-generated
OK_2024_c2b7ca5ac32e48c113d21a0709e31dca.html.gz,0.9731543660163879,Most likely human-generated
