Link,Score,Prediction
PA_2023_04fd420a5d0ed42ca987b29c93cca056.html.gz,1.0057142972946167,Most likely human-generated
PA_2023_652649ba9a7a37a6bbe2606872b67f83.html.gz,1.0178571939468384,Most likely human-generated
PA_2023_b646a753256382315e30114e0f8cb58f.html.gz,0.9941176176071167,Most likely human-generated
PA_2023_db9c41dedcf424430c54d6aa246bb109.html.gz,0.9683544039726257,Most likely human-generated
