Link,Score,Prediction
WI_2024_29527164b50c8234eb5d58ba922697a7.html.gz,0.9821428656578064,Most likely human-generated
WI_2024_43c1ead9c529636c50aee5cfc8b78f77.html.gz,1.0774648189544678,Most likely human-generated
WI_2024_e3ee98d3e0a3cc0874f6ca2c3a632fbd.html.gz,1.0691823959350586,Most likely human-generated
WI_2024_ed88b34d3a8f5f45620fc258f734d7b9.html.gz,0.9821428656578064,Most likely human-generated
