Link,Score,Prediction
KY_2024_25b1ce3ff1144a6d1f5f1ba6c2f3ce97.html.gz,1.042553186416626,Most likely human-generated
KY_2024_8777e5a1be9700db20357dd657489a73.html.gz,1.0279719829559326,Most likely human-generated
KY_2024_ab864906f7686343e9e442ed24026ead.html.gz,0.9605262875556946,Most likely human-generated
KY_2024_aedb2978a5041a86aab66b70eb51e84a.html.gz,1.0416666269302368,Most likely human-generated
KY_2024_b20b7b54f1870aa94a96d1c6bb76eef1.html.gz,1.013157844543457,Most likely human-generated
