Link,Score,Prediction
UT_2023_3540fd31dad8b0b3c3c854642a24133c.html.gz,0.9473684430122375,Most likely human-generated
UT_2023_702e28885f3947123e7e5f989ac930e9.html.gz,1.0133333206176758,Most likely human-generated
UT_2023_820e79c13aabaa3a7a8c2dfff91384ec.html.gz,0.987500011920929,Most likely human-generated
UT_2023_86557e9fd577cc5ae8d8349adec29917.html.gz,1.006622552871704,Most likely human-generated
UT_2023_9f7595e3e42edbaaec2fb906f81bc5fe.html.gz,0.9892473220825195,Most likely human-generated
