Link,Score,Prediction
DE_2024_4c549e55a7a8dfe003d4ac12f117c04c.html.gz,1.0,Most likely human-generated
DE_2024_633682f366fb99c23737ad643b43d078.html.gz,1.0273224115371704,Most likely human-generated
DE_2024_91f755ed4ed740701be317ae05108b95.html.gz,0.9513888955116272,Most likely human-generated
DE_2024_b805e083be1b93c43cbe032ed943ce15.html.gz,1.014814853668213,Most likely human-generated
DE_2024_ba8a7f736e4633a255a9f92c273a4f64.html.gz,1.089820384979248,Most likely human-generated
DE_2024_ca406b542bab8668ad7613c6f5776625.html.gz,0.9513888955116272,Most likely human-generated
DE_2024_fa81005a67dd2e751fb34243a7d5cc0f.html.gz,1.0,Most likely human-generated
