Link,Score,Prediction
OR_2023_08e5ac2d8d466f31c9682bd14bfd17a4.html.gz,0.9371069073677063,Most likely human-generated
OR_2023_197ae87ec860c5d1296bb013c69bf157.html.gz,0.9750000238418579,Most likely human-generated
OR_2023_2e4f9c759fda90425cf564effc2a6bbf.html.gz,0.9712643623352051,Most likely human-generated
OR_2023_9f590af402b2eda40960b4841f5cea1c.html.gz,0.9644970297813416,Most likely human-generated
