Link,Score,Prediction
MD_2023_02f75bc90aa8cca47f692ca836828298.html.gz,0.9730769395828247,Most likely human-generated
MD_2023_2c8e70bca8fe4e5176800d7c602faeea.html.gz,1.0252525806427002,Most likely human-generated
MD_2023_50d44d79e6018ee16d1209f15ed6a1ee.html.gz,0.9746835231781006,Most likely human-generated
MD_2023_58ba6e4605c203ace71dfc36ac59f348.html.gz,0.965753436088562,Most likely human-generated
MD_2023_6fbcd4668055a5c984f989771a347720.html.gz,1.0503144264221191,Most likely human-generated
MD_2023_748a76fbe0d29f65300d7ddb1e853cfb.html.gz,1.0135135650634766,Most likely human-generated
MD_2023_7877eb25be54b738d6375335342e4135.html.gz,0.9887640476226807,Most likely human-generated
