Link,Score,Prediction
NY_2023_03c7ae89cb17b40a50947b69d1406928.html.gz,0.9899497628211975,Most likely human-generated
NY_2023_2f5e71c74186948037e9d734d3c0a63a.html.gz,1.0310559272766113,Most likely human-generated
NY_2023_43e3e28dc5e34761b444db0f92fdddc6.html.gz,0.9290780425071716,Most likely human-generated
NY_2023_4697ae670a3b316c950f96eaf7c18cdc.html.gz,1.1333333253860474,Most likely human-generated
