Link,Score,Prediction
ND_2024_15a96ce0915e19ea46f7119a21daa8aa.html.gz,1.0140844583511353,Most likely human-generated
ND_2024_4c767949d41901fc12f7b404bb098eb0.html.gz,1.1777777671813965,Most likely human-generated
ND_2024_5fe863394f623b7ec22c5cb20df52a20.html.gz,1.0261437892913818,Most likely human-generated
ND_2024_e0653e438127828e883e5490a81cfc6f.html.gz,0.902877688407898,Most likely human-generated
