Link,Score,Prediction
NH_2024_1321a791d49514a6bd2f2165843ee1b0.html.gz,1.018633484840393,Most likely human-generated
NH_2024_5d9bfdd96ad869196367fd879a7be573.html.gz,1.0196079015731812,Most likely human-generated
NH_2024_9b7179121cb4c74e4f91c22c5bd1c558.html.gz,0.9200000166893005,Most likely human-generated
NH_2024_bd6693848de1599163d66b1e7f149320.html.gz,0.949367105960846,Most likely human-generated
