Link,Score,Prediction
NJ_2023_1a862451a2115698f71eac0ce928d0d0.html.gz,0.9290322661399841,Most likely human-generated
NJ_2023_327ef203a47c165263f141d0ae06eb95.html.gz,1.034883737564087,Most likely human-generated
NJ_2023_dc6fb5bc3b751e89ec25082cb9225b17.html.gz,1.0202702283859253,Most likely human-generated
