Link,Score,Prediction
LA_2023_4046629432fbb88a75ffc06dcf8b888b.html.gz,0.9716312289237976,Most likely human-generated
LA_2023_48f7ba802fcfa68ab8fd35719206e190.html.gz,0.9946236610412598,Most likely human-generated
LA_2023_6560306620681937d9812ff5ba4eb592.html.gz,1.0486111640930176,Most likely human-generated
