Link,Score,Prediction
LA_2023_0d76ce4cdb6fbc536021ed5ae158c0b3.html.gz,1.0296295881271362,Most likely human-generated
LA_2023_43e64eb5c22f0f0d0225f92cf5a201a2.html.gz,0.9720279574394226,Most likely human-generated
LA_2023_b4134680decbea53f01e2f8649ab2bec.html.gz,1.0125786066055298,Most likely human-generated
LA_2023_c4138401782cb0e876b29269558cd0d1.html.gz,1.037593960762024,Most likely human-generated
