Link,Score,Prediction
GA_2024_10ee14a78b6b62c3c892a7e53520d004.html.gz,1.044585943222046,Most likely human-generated
GA_2024_380395aa3769815229d74783599f949d.html.gz,1.0279330015182495,Most likely human-generated
GA_2024_91942a52bb52183b91894d0186ef453f.html.gz,1.034682035446167,Most likely human-generated
GA_2024_ac8390877bb0a261e4379cffb3896933.html.gz,0.8977272510528564,Most likely human-generated
GA_2024_cd79392e411852fab1f6e5d38e4df298.html.gz,1.0143884420394897,Most likely human-generated
GA_2024_d1796da1b89a28732cb895daefe5895f.html.gz,0.9202127456665039,Most likely human-generated
