Link,Score,Prediction
CT_2023_82bf81b2f7fed4a2611ed8158810d797.html.gz,0.9558233022689819,Most likely human-generated
CT_2023_b4a3a1696b338ee9617adda072da3293.html.gz,1.0063694715499878,Most likely human-generated
