Link,Score,Prediction
DE_2023_a03309f531f328b54eb3b30d119f1457.html.gz,1.0502793788909912,Most likely human-generated
DE_2023_b5f12c45a01801932e6c0a503c6401e3.html.gz,0.9716312289237976,Most likely human-generated
DE_2023_b871805396cdbc4f84ce6c959409a520.html.gz,0.9520547986030579,Most likely human-generated
DE_2023_e48157cdb6e368c28d19b607dafb18f8.html.gz,0.9789473414421082,Most likely human-generated
