Link,Score,Prediction
ME_2024_15121b0d0bf2a6f974a3da569001efaf.html.gz,1.0506329536437988,Most likely human-generated
ME_2024_6ab0ee5dd829c8eb4df2691529025145.html.gz,1.0192307233810425,Most likely human-generated
ME_2024_74cc70f3d556cbb69d01c1082d761885.html.gz,0.8881118893623352,Most likely human-generated
ME_2024_bb32465d933e4503069a66a1a40e96c1.html.gz,1.017241358757019,Most likely human-generated
ME_2024_c999f5215f37164d9782a8e7cab9c42c.html.gz,1.0285714864730835,Most likely human-generated
