Link,Score,Prediction
TX_2023_1ab5ba6d6277c4078d25f63348d16398.html.gz,1.0402299165725708,Most likely human-generated
TX_2023_47c260b58f58f560f78d5519c18baef6.html.gz,0.9602649211883545,Most likely human-generated
TX_2023_b2b09dbe5fc2d662b0ff8d6a515b531a.html.gz,0.9626865386962891,Most likely human-generated
TX_2023_b312f9232a304e54137d475b7180b27b.html.gz,0.9793103337287903,Most likely human-generated
TX_2023_b9ffb99f20831bebf2f6627a58b33a3f.html.gz,0.948051929473877,Most likely human-generated
TX_2023_c782b14012a2558dc3b13c413aacf785.html.gz,0.9367815852165222,Most likely human-generated
TX_2023_f4b8e2c28023fa740921f84e1e2123b2.html.gz,1.01129949092865,Most likely human-generated
TX_2023_f88af9ce3a8f6ec40e7717963e1ffe8f.html.gz,1.0368421077728271,Most likely human-generated
