Link,Score,Prediction
NJ_2023_2826396696939b5ad8546fcf5416b3bb.html.gz,1.0444444417953491,Most likely human-generated
NJ_2023_3e495cec558bf6f5cbc8fc8a4f0e8f2f.html.gz,0.9629629850387573,Most likely human-generated
NJ_2023_4e5873d3c60f6a866ac9933a56196e61.html.gz,1.0360825061798096,Most likely human-generated
NJ_2023_6a2ca441d7f163245cf5db1a65c29c2f.html.gz,0.9863945841789246,Most likely human-generated
NJ_2023_791d1eec7b73100d590d453796117b2a.html.gz,1.0,Most likely human-generated
