Link,Score,Prediction
ID_2023_10e0697fba7184dfc0aff40a39fd3150.html.gz,0.9113923907279968,Most likely human-generated
ID_2023_7407e3f6e0cf24d552bd72391dbe4fb1.html.gz,1.0121212005615234,Most likely human-generated
ID_2023_bd5989981d10a067bdaf092490461419.html.gz,1.0540540218353271,Most likely human-generated
ID_2023_e7fe0d8c796e52ad7667bd3dbcb89e50.html.gz,1.082191824913025,Most likely human-generated
ID_2023_eccbe418ec9ae925f0714e5c34cc6db2.html.gz,1.0116279125213623,Most likely human-generated
