Link,Score,Prediction
ID_2024_3205747342d5b481c2d6f5c4785fe832.html.gz,1.0913461446762085,Most likely human-generated
ID_2024_d68e6aaa577974d36fc6e300851b862a.html.gz,1.0913461446762085,Most likely human-generated
