Link,Score,Prediction
PA_2023_6d3797661c441c1fda7256d9e03ce78b.html.gz,1.018072247505188,Most likely human-generated
PA_2023_8d0d8355fe18049a0e685019245d6b0c.html.gz,1.0,Most likely human-generated
PA_2023_9695ecb611735d26db12c30b50f6bc6e.html.gz,1.038888931274414,Most likely human-generated
PA_2023_b7373cf15515416ea2c0278e3937b871.html.gz,1.018072247505188,Most likely human-generated
PA_2023_bc23f5439632f2904847e20a1181ea32.html.gz,0.95652174949646,Most likely human-generated
PA_2023_cad4d69542c4cce50f37656120db64e3.html.gz,1.0292397737503052,Most likely human-generated
