Link,Score,Prediction
ND_2023_04166bc1b4b0af1871083235856e44b3.html.gz,1.0437955856323242,Most likely human-generated
ND_2023_0c2cb43dd2a7afb714225ecdff7da54a.html.gz,0.8439306616783142,Most likely AI-generated
ND_2023_2141af85e1f65534495c3d800fe8fcd0.html.gz,1.0426828861236572,Most likely human-generated
ND_2023_270cb69ad7451ad69c549cd9f1aa10c6.html.gz,1.0538922548294067,Most likely human-generated
ND_2023_8d4f43c1a186fb8eb824f7a3b3687737.html.gz,1.0314465761184692,Most likely human-generated
ND_2023_98486977f81ae4130642fc88e2832642.html.gz,0.9580419659614563,Most likely human-generated
ND_2023_9996faa1204bdc7e9b3a4a4a182371dc.html.gz,0.9436619877815247,Most likely human-generated
ND_2023_a35837d1852542a064a45478e27e0e0b.html.gz,1.0719424486160278,Most likely human-generated
ND_2023_ca8d4758fbcbc61f547731e5d6e128a5.html.gz,0.9333333373069763,Most likely human-generated
