Link,Score,Prediction
HI_2023_1160899b4a67755672f19faaec70fd95.html.gz,0.9675324559211731,Most likely human-generated
HI_2023_334edce54199940cfecf2613d02bc03e.html.gz,0.9624060392379761,Most likely human-generated
HI_2023_6a9357afce5791f031b5a6ab5836a288.html.gz,0.9927536249160767,Most likely human-generated
HI_2023_6c1ad07d42e8658066a8f7198a80bf31.html.gz,0.993630588054657,Most likely human-generated
HI_2023_7aae098a6a6b0a8375f52c6daafa842a.html.gz,1.061855673789978,Most likely human-generated
HI_2023_8096118b54a55e32e70c9194ae080e15.html.gz,0.8888888955116272,Most likely human-generated
