Link,Score,Prediction
WY_2023_0010a57b7ed4c837c7b55bc8269410ed.html.gz,1.0055248737335205,Most likely human-generated
WY_2023_165c4fde61b905135a24ffddebe11a7d.html.gz,0.9939024448394775,Most likely human-generated
WY_2023_d0e298f73f85f097ffae092f1870d5a9.html.gz,1.088050365447998,Most likely human-generated
WY_2023_eba8fa6e63851c1ed7511f6163745207.html.gz,0.9808917045593262,Most likely human-generated
