Link,Score,Prediction
VA_2024_8fb2462d1223b4072322e71367a25fc8.html.gz,0.9791666865348816,Most likely human-generated
VA_2024_ed99c6c159e879f7230e387f05c64066.html.gz,0.9166666865348816,Most likely human-generated
