Link,Score,Prediction
WA_2024_056987bb8d1d21fbb2b037234316829a.html.gz,0.976047933101654,Most likely human-generated
WA_2024_9fe344b0cce984d772f591f530467823.html.gz,1.0058823823928833,Most likely human-generated
