Link,Score,Prediction
WA_2024_602958842449a059a1958c20950b7fd8.html.gz,1.034883737564087,Most likely human-generated
WA_2024_6272ea158a10a41ac49f26afe6d61ffb.html.gz,0.9343065619468689,Most likely human-generated
WA_2024_84e5ce23a26625b7c0cc6b34dc4b0b46.html.gz,0.954023003578186,Most likely human-generated
WA_2024_88e6f6d20d52eecdeea7dfad2ff50b0e.html.gz,0.9724137783050537,Most likely human-generated
WA_2024_8b2358b84d36e4a7ae28e6fb63ab20bb.html.gz,1.0292682647705078,Most likely human-generated
WA_2024_b4774a514ed727f101c3f946f999a8e7.html.gz,1.0204081535339355,Most likely human-generated
WA_2024_e787558232c28fc85bb4a64aa15a696d.html.gz,0.9811320900917053,Most likely human-generated
WA_2024_e9856e643ee628894e6924d6ce7353c6.html.gz,0.9829545617103577,Most likely human-generated
