Link,Score,Prediction
ID_2024_47e1cd3ab50fda3f5d1178a1851804c2.html.gz,0.9152542352676392,Most likely human-generated
ID_2024_53328404b28159e531d9f40694a7ef4c.html.gz,1.0253164768218994,Most likely human-generated
ID_2024_621f037ea153ee40766c3b1c47201180.html.gz,0.987500011920929,Most likely human-generated
ID_2024_9da07d57939fc55250474e59a6c09163.html.gz,0.97826087474823,Most likely human-generated
ID_2024_ad1fe20b0435eee2c928f2223ce138d8.html.gz,0.9448275566101074,Most likely human-generated
ID_2024_f9ea4045a4db8fbe844594c2127bde02.html.gz,0.9817073345184326,Most likely human-generated
