Link,Score,Prediction
ID_2024_03ab73ffa1493f89eb9d4a4f4dc4fca5.html.gz,1.0,Most likely human-generated
ID_2024_1b70613c4c5405e58c0a6ec4f3c80c45.html.gz,1.0,Most likely human-generated
ID_2024_44ee7381ddc3061aa0dbe2bda3aff260.html.gz,1.0544553995132446,Most likely human-generated
ID_2024_6a5ba5f84f3d5db66fa39d3ae0d390cb.html.gz,0.9940476417541504,Most likely human-generated
ID_2024_714a21265d7b66401a83b25c85489422.html.gz,0.9230769276618958,Most likely human-generated
ID_2024_7c107b0be8a117654139e17b4e7623c3.html.gz,0.9928571581840515,Most likely human-generated
ID_2024_df70aa488a1f039664d47118e01441c2.html.gz,1.038888931274414,Most likely human-generated
ID_2024_eb5cd266e02f51ab3663d615f0f09f6c.html.gz,0.9738219976425171,Most likely human-generated
