Link,Score,Prediction
CA_2023_19382365e1033a243877dfbc4ace6dc9.html.gz,0.9779411554336548,Most likely human-generated
CA_2023_563820774ff55ef4dc1efe515f2a7e30.html.gz,0.9090909361839294,Most likely human-generated
CA_2023_5af9e8b7dde8da9c792cdf2cc621d915.html.gz,0.9652777910232544,Most likely human-generated
