Link,Score,Prediction
NY_2023_07ca8a0e153a705cfe79705ff272905e.html.gz,1.09333336353302,Most likely human-generated
NY_2023_0e40b29590f784e34074d45f1bd75802.html.gz,1.0204081535339355,Most likely human-generated
NY_2023_8a75c539e4207d75a77d66c782185006.html.gz,1.0122699737548828,Most likely human-generated
NY_2023_d9fc6ad06a6b8e7c91be701236ca709e.html.gz,0.9746835231781006,Most likely human-generated
NY_2023_ed70e4babdf3a65b3000efdb3ab83293.html.gz,1.006622552871704,Most likely human-generated
NY_2023_ee959619479a679384867825f6ef91e2.html.gz,0.9510489702224731,Most likely human-generated
