Link,Score,Prediction
CT_2023_48790d5e0f153c883e3a56bbde2dc509.html.gz,0.9929577708244324,Most likely human-generated
CT_2023_9604ed024731b118692637c41ce49687.html.gz,0.9545454382896423,Most likely human-generated
CT_2023_9840573025a62caa9653272eaa1f5cdb.html.gz,1.0547945499420166,Most likely human-generated
