Link,Score,Prediction
NM_2024_ce5c231d57ae190bd569bc67ea9f027f.html.gz,0.970588207244873,Most likely human-generated
NM_2024_d26b59789c906f96e3743b5338be40e5.html.gz,0.9281045794487,Most likely human-generated
NM_2024_e8ad3ee97a7e5ff5fab278884eae05a4.html.gz,0.9785714149475098,Most likely human-generated
NM_2024_f5667f3fb83d02d4d09f116af9750985.html.gz,0.9246575236320496,Most likely human-generated
