Link,Score,Prediction
NE_2024_313f24c5697680d5693f6c7c9ed488bc.html.gz,0.9945651888847351,Most likely human-generated
NE_2024_568425d11325f46177620f7f48f12ffd.html.gz,1.0704225301742554,Most likely human-generated
NE_2024_6fda13607e5000454a68800fde5da748.html.gz,1.0671641826629639,Most likely human-generated
NE_2024_cd73c122e7b76b4bc96d7c90b6ae9de7.html.gz,0.9855072498321533,Most likely human-generated
NE_2024_f5a743c9082768466c7b2b2d27c29de9.html.gz,1.0268456935882568,Most likely human-generated
NE_2024_ff40b5b29542e078712d2cf6a9ab32f3.html.gz,1.007462739944458,Most likely human-generated
