Link,Score,Prediction
TN_2023_89578cf6f5c1dc8e970110c0b3bbb25c.html.gz,0.9664429426193237,Most likely human-generated
TN_2023_a74c7f535a6eb2156bfe21c13a3fe9d9.html.gz,1.0125786066055298,Most likely human-generated
TN_2023_ec13efaa55254b9558584f0a45221ae8.html.gz,1.0469799041748047,Most likely human-generated
