Link,Score,Prediction
NH_2023_30a7a643eafd5fb206fe39c41eccc020.html.gz,1.013071894645691,Most likely human-generated
NH_2023_319ccd6e4568bd46a5aebb5a6ef1bd49.html.gz,0.9865771532058716,Most likely human-generated
NH_2023_947b95a5a0a4ef80af8b735651a3f31c.html.gz,0.9817073345184326,Most likely human-generated
NH_2023_c0e94565f2185373c2f793ee2b0da7a7.html.gz,0.9715447425842285,Most likely human-generated
NH_2023_f6af854a7e57225e33cbae6af6411e92.html.gz,0.9230769276618958,Most likely human-generated
