Link,Score,Prediction
WY_2023_0747e9c42ff23f75ccfb45c2128349bd.html.gz,0.9875776171684265,Most likely human-generated
WY_2023_0e0fa912edd3606ff6b9ea3df3f0a861.html.gz,0.9589040875434875,Most likely human-generated
WY_2023_204a45d92b10c535973012f8a3d47e16.html.gz,1.006250023841858,Most likely human-generated
WY_2023_670f14ad54fafb27f1849185b83bf4f7.html.gz,1.0141843557357788,Most likely human-generated
