Link,Score,Prediction
OK_2024_0207adc8f3e2e0779965bf0e7a0fa515.html.gz,0.8458646535873413,Most likely AI-generated
OK_2024_08b6b493c69aa6a9f96df4cba738e2d5.html.gz,0.9710144996643066,Most likely human-generated
OK_2024_902bd8b0252b33f387bc9aa7eae698cc.html.gz,0.9649122953414917,Most likely human-generated
OK_2024_9e8d997ee7a3849aa34410ae701fba3e.html.gz,0.9683544039726257,Most likely human-generated
