Link,Score,Prediction
NV_2023_0eb3b3ef83c3f615c665618a4ea7396a.html.gz,0.9733333587646484,Most likely human-generated
NV_2023_31e1b981d6c4dfb062a6afdbf3caa0c7.html.gz,0.9863013625144958,Most likely human-generated
NV_2023_32049ebfd3cc1503b12d2f8e8fac0d25.html.gz,0.9897435903549194,Most likely human-generated
NV_2023_374bc80b708883c6c022e9e1d2a9b0c3.html.gz,0.9420289993286133,Most likely human-generated
NV_2023_48c56d0a4eda6e1b564c8bcdd9dccc9e.html.gz,1.0247933864593506,Most likely human-generated
NV_2023_5e8c51070df8e11a4505b197bd73bb5c.html.gz,0.9770641922950745,Most likely human-generated
NV_2023_6c82c70e7f6d64c3253d6d6fd3da6c5c.html.gz,0.9727891087532043,Most likely human-generated
NV_2023_a1f27bf8896fd64a3c43e2e8e860851e.html.gz,1.0134228467941284,Most likely human-generated
NV_2023_f6d477abcea1fc25e9c109f961324f27.html.gz,1.0308642387390137,Most likely human-generated
