Link,Score,Prediction
VT_2023_2cfb19ab80714a218a61f93b7568f5b9.html.gz,0.9160839319229126,Most likely human-generated
VT_2023_af1eecbe2e8302b25883e3a2aa5d479b.html.gz,0.9723756909370422,Most likely human-generated
VT_2023_cf5f51a91e0064e20226f68131d64554.html.gz,1.1071428060531616,Most likely human-generated
