Link,Score,Prediction
IN_2024_21c2a909e93647709468e697594ef26d.html.gz,1.077844262123108,Most likely human-generated
IN_2024_c7507490e121ec5b3ea60bbd1e98ab9e.html.gz,1.021276593208313,Most likely human-generated
