Link,Score,Prediction
ME_2023_0e21971b12b127147bf9b7afb6cb551f.html.gz,1.074324369430542,Most likely human-generated
ME_2023_682c12cf713c7bc4548a28c3231a1d0a.html.gz,1.0394736528396606,Most likely human-generated
ME_2023_9b92dff6fdd52714822f88b29d8fdcc2.html.gz,0.9120879173278809,Most likely human-generated
ME_2023_a736491f3598709d81dc21d24a788b65.html.gz,1.0,Most likely human-generated
ME_2023_a827b6f5f4b6017968e185e65276e6ee.html.gz,1.0230768918991089,Most likely human-generated
ME_2023_b393dbf519176014ef8bcb1365cb1bcf.html.gz,0.9764705896377563,Most likely human-generated
ME_2023_c65fc1e40558fce4494a30da98889fe4.html.gz,0.9930555820465088,Most likely human-generated
ME_2023_e1be8d973fb2bb00837b825faed02798.html.gz,0.9025974273681641,Most likely human-generated
