Link,Score,Prediction
WV_2023_05bd2e95944d4e4f9e53767ca6e3de12.html.gz,0.9738562107086182,Most likely human-generated
WV_2023_4e8e2d79e917d0e50310abdb4f5a4764.html.gz,0.9817351698875427,Most likely human-generated
WV_2023_5139ea6e9feb22ec97c224e304b68d65.html.gz,1.0225564241409302,Most likely human-generated
WV_2023_bc02c45983fa9ceab513dbf243d3536b.html.gz,1.0117647647857666,Most likely human-generated
WV_2023_bc4314a5404722c8d77fcd995e890f1e.html.gz,1.0534350872039795,Most likely human-generated
WV_2023_e14431a7734c67a797f14db409adb82c.html.gz,1.1029411554336548,Most likely human-generated
WV_2023_f3b34ef37b1ce5913a9ae24f20a408e7.html.gz,0.9253731369972229,Most likely human-generated
