Link,Score,Prediction
ME_2023_4a11c446d89ae9918465ca2c28757a33.html.gz,1.0209790468215942,Most likely human-generated
ME_2023_9ba0325744394a0ae0c311016b2c42f0.html.gz,0.9662162065505981,Most likely human-generated
