Link,Score,Prediction
TX_2024_3982f203678d05f91ee620228979975f.html.gz,0.9172932505607605,Most likely human-generated
TX_2024_62cb927523d1f888bfe21b2500feb87e.html.gz,0.9714285731315613,Most likely human-generated
TX_2024_a7fdd9d2dc6da124900fd6d18d83764a.html.gz,1.0067113637924194,Most likely human-generated
TX_2024_c4e2d9cc01c945178ac4969903a26edc.html.gz,0.9788732528686523,Most likely human-generated
