Link,Score,Prediction
KS_2024_05e69f03ce773f194e99d4f9cf470aaf.html.gz,1.060150384902954,Most likely human-generated
KS_2024_2814f7c966c0ce56953ca03d28e7b3bd.html.gz,0.9451219439506531,Most likely human-generated
KS_2024_3456f2213282e2b4c175a83c44b650cd.html.gz,1.0181818008422852,Most likely human-generated
KS_2024_52406829fb4577f2a56943a596dd5af6.html.gz,1.0352113246917725,Most likely human-generated
KS_2024_916e7dac2e5aa6615cc242bae7346120.html.gz,0.985401451587677,Most likely human-generated
KS_2024_97db30e5ed02b489b2f18510c720f714.html.gz,1.0075757503509521,Most likely human-generated
KS_2024_b01a12b7b36e4a0160f1b77ddadfcfc3.html.gz,0.969298243522644,Most likely human-generated
