Link,Score,Prediction
DE_2024_3f1c0ad2356662c1b4611a037b08214e.html.gz,1.0214285850524902,Most likely human-generated
DE_2024_ba9ce18856ddd1a8bfdbf173d8f1c39a.html.gz,0.9869281053543091,Most likely human-generated
DE_2024_e2c431c4341180c5261d81f09f52841d.html.gz,0.9789473414421082,Most likely human-generated
