Link,Score,Prediction
MD_2024_1768e81e8e54abe72a62ea7bb69bd452.html.gz,1.0201342105865479,Most likely human-generated
MD_2024_28cdb5fdfb3acee5858ce46c23b6cd79.html.gz,0.9709302186965942,Most likely human-generated
MD_2024_35a9c517099f627b840d2727e2490b66.html.gz,1.0416666269302368,Most likely human-generated
MD_2024_405eab06d91c733aaa5a89b4f8c32340.html.gz,0.9466666579246521,Most likely human-generated
MD_2024_60d58d84e7d50c7754a6026faa61a31c.html.gz,0.9794520735740662,Most likely human-generated
MD_2024_6f1827650e042c86319f49f5bde85608.html.gz,0.8862559199333191,Most likely human-generated
MD_2024_d66e9444021ba95a81720a080bb8c774.html.gz,1.0193548202514648,Most likely human-generated
