Link,Score,Prediction
VA_2024_1dba3239792ae03d44816810da911235.html.gz,1.0051546096801758,Most likely human-generated
VA_2024_798364c1d1c3ec80718f3ac3e0cf81ac.html.gz,1.0470588207244873,Most likely human-generated
