Link,Score,Prediction
IA_2023_c4888596e3cb293a002b4cc7a42b3632.html.gz,1.005555510520935,Most likely human-generated
IA_2023_f228fecb202a6341c8230065a24d6d0f.html.gz,1.0139859914779663,Most likely human-generated
