Link,Score,Prediction
CT_2023_2b219a66041d9ffd3a077933d03d76f8.html.gz,1.1458333730697632,Most likely human-generated
CT_2023_9f73dad0f003ad2bf1b0b088ea1a2d48.html.gz,1.0268456935882568,Most likely human-generated
CT_2023_ba19205d3329c2828061326e19bb6b44.html.gz,0.9387755393981934,Most likely human-generated
CT_2023_c4d3e89db122f1152ee3607d5225247c.html.gz,1.0192307233810425,Most likely human-generated
