Link,Score,Prediction
SD_2023_28c42761ced49ca1f8e0bc1eebb5f24e.html.gz,1.0487804412841797,Most likely human-generated
SD_2023_3337f32a0f0fa0e38217cfc673eccea0.html.gz,1.028777003288269,Most likely human-generated
SD_2023_56b99fcc9a61455a5471a69a1abb207d.html.gz,0.9959999918937683,Most likely human-generated
SD_2023_acd7cf15f8d11053449914c3d1983640.html.gz,0.9923664331436157,Most likely human-generated
SD_2023_af77d1777d49b12c8221a31c42cee761.html.gz,0.9798387289047241,Most likely human-generated
SD_2023_c8325607fb342aa94c515e122ae5d5a0.html.gz,0.9629629850387573,Most likely human-generated
