Link,Score,Prediction
WI_2023_3ce39876280ac336124a38824cd07f2d.html.gz,1.0072463750839233,Most likely human-generated
WI_2023_46916322eec042b9f629ceb9aa57656d.html.gz,0.9821428656578064,Most likely human-generated
WI_2023_4c53e86b9b1f490e0c453ac77ae35dab.html.gz,0.9821428656578064,Most likely human-generated
WI_2023_6385e32b53cf9b8926a7228e1976785d.html.gz,0.9821428656578064,Most likely human-generated
WI_2023_afeef18334023fc3b7e8796963a7a2db.html.gz,0.9491525292396545,Most likely human-generated
WI_2023_ba503edef17be45c33aa4fabd8d98bf7.html.gz,1.0333333015441895,Most likely human-generated
WI_2023_c2f0de77026a44dc989c4722dba5f2f0.html.gz,0.9545454382896423,Most likely human-generated
