Link,Score,Prediction
MI_2023_1746cc1dc6f0405df180979d915904b2.html.gz,0.9881423115730286,Most likely human-generated
MI_2023_4b01037e3856deb571735006851e2a0d.html.gz,0.9668874144554138,Most likely human-generated
