Link,Score,Prediction
KY_2023_1bbf3b2918b2d2245e84795d78b80523.html.gz,0.9876543283462524,Most likely human-generated
KY_2023_44ddba8b8f08d1cbb21002f09f50b35c.html.gz,0.9871794581413269,Most likely human-generated
KY_2023_4f0d878d5288630de07d26dd6e2f6027.html.gz,0.957446813583374,Most likely human-generated
KY_2023_7b745bce3b2aa9ee2ed8df57be00d129.html.gz,0.8716216087341309,Most likely human-generated
KY_2023_8f62d6f3b782bc581ffbcc2bfefdc752.html.gz,1.0225564241409302,Most likely human-generated
KY_2023_91b46268cf260ebe7cc5b707beaadf67.html.gz,1.0303030014038086,Most likely human-generated
KY_2023_c11778a9554a7415f05f2d3ab8214783.html.gz,0.9934210777282715,Most likely human-generated
KY_2023_d49730e7fd8e684d5b247550612f0c92.html.gz,0.9928057789802551,Most likely human-generated
