Link,Score,Prediction
DC_2024_1683594ce2bbef9a04aea4ea9c96049b.html.gz,1.0,Most likely human-generated
DC_2024_4d932847f14e0b012ff6a3e542d37b30.html.gz,1.0068026781082153,Most likely human-generated
DC_2024_4f49d69b92ec81fae2514fc3438d1b76.html.gz,1.0680272579193115,Most likely human-generated
DC_2024_6b7e5fca3f73aa299d90234b8954f32f.html.gz,0.9863013625144958,Most likely human-generated
DC_2024_7ac9beb6298e11ad86aa4ff01208128b.html.gz,1.0748299360275269,Most likely human-generated
