Link,Score,Prediction
AL_2023_13c66334bc1bfee6550b25806534156b.html.gz,0.9709302186965942,Most likely human-generated
AL_2023_2188341e53e367b381b338f070bea38e.html.gz,0.9822485446929932,Most likely human-generated
AL_2023_25ade6fa204dd30773c446e8610a1666.html.gz,0.9785714149475098,Most likely human-generated
AL_2023_6ac86b94ecec98be63dc5cd17217ad5b.html.gz,0.9652777910232544,Most likely human-generated
AL_2023_81949c1cb9dccb3bd413f4318e49b403.html.gz,1.0704225301742554,Most likely human-generated
AL_2023_97296337a903158b4958d8653cb8f16c.html.gz,0.9876543283462524,Most likely human-generated
AL_2023_b8586d8156c21f74ce0fe02853327140.html.gz,0.9677419066429138,Most likely human-generated
