Link,Score,Prediction
OH_2023_2d01d32d05a9bfcc063e3370d327ab68.html.gz,0.9466666579246521,Most likely human-generated
OH_2023_62f48bde395d1694cac386b6218758fc.html.gz,0.9757575988769531,Most likely human-generated
OH_2023_730e70bc5f2d335ed62893ad4c134f4f.html.gz,0.886956512928009,Most likely human-generated
OH_2023_de26e92d70e1e3d53ff6d8d7b7a2df1c.html.gz,0.9803149700164795,Most likely human-generated
