Link,Score,Prediction
CA_2024_3ac93c3d5b487c6486347f759f9b2044.html.gz,0.9559999704360962,Most likely human-generated
CA_2024_a63f0057470a08bf6abc1bc79dc82d96.html.gz,1.0393258333206177,Most likely human-generated
