Link,Score,Prediction
PA_2024_84c851cb993115f9630821fefbf2b673.html.gz,1.038888931274414,Most likely human-generated
PA_2024_88d4e30a504117688074c08e666b4f6d.html.gz,1.0978723764419556,Most likely human-generated
PA_2024_fd59700a5ed8a54e74f10a8cb4a42c61.html.gz,0.9776119589805603,Most likely human-generated
