Link,Score,Prediction
OH_2023_3a60e39257508f2160c83fdc100f307a.html.gz,1.0797545909881592,Most likely human-generated
OH_2023_473545df3ba1174062ac1dff0bdcedcf.html.gz,1.032679796218872,Most likely human-generated
OH_2023_4e2bea7617b745ce06c11313639ca5a0.html.gz,1.082872986793518,Most likely human-generated
OH_2023_f7856a64e2987c6f1f50b74a0f5fb290.html.gz,0.9870967864990234,Most likely human-generated
