Link,Score,Prediction
WV_2023_1ee67fc591681a182cbaf52f8aee9eb4.html.gz,1.0719424486160278,Most likely human-generated
WV_2023_24c6a7df550307eea9e2e0d3aa4a0924.html.gz,0.9428571462631226,Most likely human-generated
WV_2023_2fc0f49aaaf99cdfe6bc86f497df6d3b.html.gz,0.936170220375061,Most likely human-generated
WV_2023_61a3938bae2669561b51c8809151f42e.html.gz,0.9418604373931885,Most likely human-generated
WV_2023_9499649284a5136724128c0cae3c54b1.html.gz,0.9615384340286255,Most likely human-generated
WV_2023_a542b6592df4c18ce602dc7581a979c5.html.gz,0.9881656765937805,Most likely human-generated
WV_2023_b85fbca0285633b516a79b0171b28f0d.html.gz,1.023809552192688,Most likely human-generated
WV_2023_bdf77db0284850dc54fe47b9f3fd8958.html.gz,1.0242424011230469,Most likely human-generated
