Link,Score,Prediction
MS_2023_0425d4738f38b37d5abd328183faf1e9.html.gz,1.0138888359069824,Most likely human-generated
MS_2023_1a60650f34502e82551818c20c04524c.html.gz,0.9847328066825867,Most likely human-generated
MS_2023_29e746c57e7a67875bad2a6f5a59b314.html.gz,1.0055248737335205,Most likely human-generated
MS_2023_379c6ad33a4cb1597e942974edf1d718.html.gz,0.9765625,Most likely human-generated
MS_2023_7a8d8086a55055ec1ab6fbb6b4cf5096.html.gz,1.1210191249847412,Most likely human-generated
MS_2023_83f6331893edd4efadd2c9740816aed7.html.gz,0.9776119589805603,Most likely human-generated
MS_2023_a32f26b9608630d201f286e73d4d850b.html.gz,0.9399999976158142,Most likely human-generated
MS_2023_a954c21b4cd13d667f805ee0a4f76e91.html.gz,0.97826087474823,Most likely human-generated
MS_2023_f165aa254fb5902b4483b16ae6b351bc.html.gz,1.0923912525177002,Most likely human-generated
