Link,Score,Prediction
RI_2023_042d5cf876e1d9dd2201f9c599cb79df.html.gz,1.073825478553772,Most likely human-generated
RI_2023_1ee83a5050d213e6e32972938ae3790f.html.gz,0.9703390002250671,Most likely human-generated
RI_2023_35b06726210dd29c40ac1ef25d9cb2cf.html.gz,0.9256756901741028,Most likely human-generated
RI_2023_92684d3eb68b7ea3f904d797398aaf19.html.gz,1.0672645568847656,Most likely human-generated
