Link,Score,Prediction
AL_2023_033155ad7a055535af3e1594e2fea97c.html.gz,0.9379844665527344,Most likely human-generated
AL_2023_279b575c11a925e1620be1bd0f8f9aa9.html.gz,0.9870129823684692,Most likely human-generated
AL_2023_75cac47f5975a6b69ee514dba2db0e1b.html.gz,0.9710144996643066,Most likely human-generated
AL_2023_80ba48b6f3caea00b9a29519cee821de.html.gz,1.0065360069274902,Most likely human-generated
AL_2023_a40a2c23401ec783acf22eddfac14fe9.html.gz,0.9117646813392639,Most likely human-generated
AL_2023_a582fedcbe8356346ebc71a83e584b5d.html.gz,0.9387755393981934,Most likely human-generated
AL_2023_d13d1bcdfd501bb0dd24c85133cbdf4a.html.gz,1.0051546096801758,Most likely human-generated
AL_2023_f59c03205b945ae6536461f158b584c8.html.gz,0.9842519760131836,Most likely human-generated
