Link,Score,Prediction
NY_2023_28d7b18a5e0538c55c296895b695eeb5.html.gz,0.9585798978805542,Most likely human-generated
NY_2023_31427105d3107e4e006513a0de8da5c4.html.gz,0.983146071434021,Most likely human-generated
NY_2023_5dec4f3735a1ea63b69e98e61523ae7e.html.gz,0.9503816962242126,Most likely human-generated
NY_2023_60e55dec340ae28a6aef762083f9ee97.html.gz,1.0047392845153809,Most likely human-generated
NY_2023_75af4e3561be6ff66e1dfbe57607b048.html.gz,0.9428571462631226,Most likely human-generated
NY_2023_ceaaa6ee854ce2e296696dd8b0f7b70d.html.gz,1.0808080434799194,Most likely human-generated
NY_2023_ef5dcc11a803e8f932eebee2d7897d80.html.gz,1.0305343866348267,Most likely human-generated
NY_2023_ffa45ef4d279f51c627643dcf08491f4.html.gz,1.005128264427185,Most likely human-generated
