Link,Score,Prediction
TX_2023_12501f102b297848f6b434c33b54e0a4.html.gz,0.9865771532058716,Most likely human-generated
TX_2023_61113311ed0c4d81ede169480a55b102.html.gz,0.9624999761581421,Most likely human-generated
TX_2023_8037fd34729c8bd15e5d5fafee932a8a.html.gz,0.9924242496490479,Most likely human-generated
TX_2023_87d8f76492473371ab0b3c290bf7609e.html.gz,0.9929078221321106,Most likely human-generated
TX_2023_91dc1f00d5b887567655972d0c15fbf1.html.gz,1.0472972393035889,Most likely human-generated
TX_2023_b9ffb99f20831bebf2f6627a58b33a3f.html.gz,0.9539473652839661,Most likely human-generated
TX_2023_c782b14012a2558dc3b13c413aacf785.html.gz,0.9367815852165222,Most likely human-generated
TX_2023_ecb768d84eedc1334a33df929620a1a2.html.gz,1.0174418687820435,Most likely human-generated
