Link,Score,Prediction
IA_2024_172d4bf80b6cfe2777dd42bf2e7243e8.html.gz,1.0419580936431885,Most likely human-generated
IA_2024_1eb9efad8a4a308f3816051c738428a7.html.gz,1.0724637508392334,Most likely human-generated
IA_2024_4d9a348a90bc81ca372bb20cd31a863f.html.gz,0.9774436354637146,Most likely human-generated
IA_2024_84c0231335f30539e57aa2801b25ab68.html.gz,1.0370370149612427,Most likely human-generated
IA_2024_97a2e2981d08c030ee4b44a5d9b19976.html.gz,0.9835391044616699,Most likely human-generated
IA_2024_c1f8515bfacba2f952b7b92a55fe5873.html.gz,1.0065360069274902,Most likely human-generated
IA_2024_c938184943cbf4f37e6d352797df557e.html.gz,1.0132449865341187,Most likely human-generated
IA_2024_f52d4e579b8db6cfa56116237dadf8a0.html.gz,1.0432099103927612,Most likely human-generated
