Link,Score,Prediction
CA_2023_14fe53db62b8a559b087f54bbd02b05f.html.gz,0.7821428775787354,Most likely AI-generated
CA_2023_1fad4c6319456b15aca3a5f14b741a40.html.gz,0.9750000238418579,Most likely human-generated
CA_2023_351ef24fedd6e9b7f0b523d99fbf6fac.html.gz,1.034682035446167,Most likely human-generated
CA_2023_4f9c2a818b069cd178ba2633c3e56908.html.gz,0.9939024448394775,Most likely human-generated
CA_2023_6f35bb39a3ec09010eda00485b9d32c7.html.gz,1.0617283582687378,Most likely human-generated
CA_2023_9f8777be0af38aa4532fb07761526833.html.gz,1.0123456716537476,Most likely human-generated
CA_2023_a37572a35cfda0e1263b61d93e8329c8.html.gz,1.0206611156463623,Most likely human-generated
CA_2023_cea5be9083af43e0a2106a0569562443.html.gz,0.9433962106704712,Most likely human-generated
CA_2023_cf2a40bcaa24de361a9605bb761e9d62.html.gz,0.9274193644523621,Most likely human-generated
