Link,Score,Prediction
LA_2023_38fd0ab540498d41908d751ca2a24f4a.html.gz,1.0279719829559326,Most likely human-generated
LA_2023_3a88882b8061ae3961bd5b34091852f8.html.gz,1.0303030014038086,Most likely human-generated
LA_2023_e2d92387d836612c2da598ae2ab1bd1e.html.gz,1.0196079015731812,Most likely human-generated
