Link,Score,Prediction
IN_2024_3470c476707d337f6c004f323e767722.html.gz,0.9848484992980957,Most likely human-generated
IN_2024_4afee92aab6a5941a3044585fc5fb1f7.html.gz,1.0402299165725708,Most likely human-generated
IN_2024_bab3b8fb805af0610fb358d414cf42be.html.gz,1.004587173461914,Most likely human-generated
