Link,Score,Prediction
MT_2023_126a41e0fabec78495668b909ba74fe9.html.gz,0.9440993666648865,Most likely human-generated
MT_2023_378d6dcdcc4f0e131d99eeef2b09fbd3.html.gz,0.9479768872261047,Most likely human-generated
MT_2023_97deb05f2c4934d86be6a4211af578ce.html.gz,1.0509804487228394,Most likely human-generated
MT_2023_c53cc58812d747321bb6309136fa55b1.html.gz,1.0357142686843872,Most likely human-generated
MT_2023_c907d52b70f645e59b3cb6f8e645f166.html.gz,1.01694917678833,Most likely human-generated
MT_2023_e0abaf65512f98805b70c1cfc857a612.html.gz,1.0927152633666992,Most likely human-generated
MT_2023_e3516de0509b7ba88c3aefc1557592fd.html.gz,1.0359711647033691,Most likely human-generated
MT_2023_f9f8757de6edf707508c1831c30363cf.html.gz,0.9818181991577148,Most likely human-generated
