Link,Score,Prediction
ND_2023_64ad71d38ce1ef7c2fad26965cbc02d1.html.gz,1.0276243686676025,Most likely human-generated
ND_2023_6937e9ac843f6a688323f54217864074.html.gz,0.9750000238418579,Most likely human-generated
ND_2023_8e2dbd780394ea92f79dc548a926d81d.html.gz,1.047945261001587,Most likely human-generated
ND_2023_a869ddc24158d7b4724b92f385732ae5.html.gz,1.029850721359253,Most likely human-generated
ND_2023_b11a08691d3a06f7466eada6d8d0954e.html.gz,0.9696969985961914,Most likely human-generated
