Link,Score,Prediction
MO_2024_172614462451e4341be0db3928e0472f.html.gz,1.0161943435668945,Most likely human-generated
MO_2024_46b112c98fe1048f88090cd0339d6074.html.gz,1.0150753259658813,Most likely human-generated
MO_2024_484c03375681855c97fa2183020a5905.html.gz,0.9378238320350647,Most likely human-generated
MO_2024_4db5fe8d7f1a1d76108316c679b63c53.html.gz,1.0265957117080688,Most likely human-generated
MO_2024_ae5cad3fb5a746ecf4800230a85ced35.html.gz,0.9459459185600281,Most likely human-generated
MO_2024_fff8622ef249d2740d84b90aff8d51b6.html.gz,0.9623655676841736,Most likely human-generated
