Link,Score,Prediction
NC_2023_0834f02df421fb1e339e7ffc1f630b17.html.gz,1.0370370149612427,Most likely human-generated
NC_2023_69419a42170252ddef635f82f42c5ac7.html.gz,0.9870967864990234,Most likely human-generated
NC_2023_884f0713fbd2247c9a7057895b9c39e4.html.gz,0.9852941036224365,Most likely human-generated
NC_2023_932fc5823a3f14fc63811f23f32da364.html.gz,1.0119047164916992,Most likely human-generated
NC_2023_b484b4a966d5620213267a1651b8b0c0.html.gz,1.0064934492111206,Most likely human-generated
NC_2023_c3381a07684d986014f53aa850f9e5a0.html.gz,1.0581395626068115,Most likely human-generated
NC_2023_df4b2b605314a9701cc5b1f25e7594e4.html.gz,0.9867549538612366,Most likely human-generated
NC_2023_e3ac97715b48d765754c60930b1adc4b.html.gz,1.0222222805023193,Most likely human-generated
NC_2023_f53f489348db6f8f2dccc9f1aecd1578.html.gz,0.987500011920929,Most likely human-generated
