Link,Score,Prediction
GA_2023_094d98b6535ab78398b70b1ed9f045af.html.gz,1.034682035446167,Most likely human-generated
GA_2023_88a86ab7480ecc31d612e9619484cb73.html.gz,0.9735099077224731,Most likely human-generated
GA_2023_9d51ef8512444e9db0da98f327882340.html.gz,0.9345238208770752,Most likely human-generated
GA_2023_9f8c017fa9cb3ce693c695ad06a6c0b7.html.gz,0.9345238208770752,Most likely human-generated
GA_2023_aa22895e39ef2e8810144b0738bf9780.html.gz,1.0402684211730957,Most likely human-generated
