Link,Score,Prediction
NE_2023_4bc81447fc7b4380042bb7d0b3f8a87c.html.gz,0.9772727489471436,Most likely human-generated
NE_2023_6ce7767599a8e34accc3d2abff8cb278.html.gz,0.9407894611358643,Most likely human-generated
NE_2023_6fb854576e07267c2383c5f98e29747e.html.gz,0.9934640526771545,Most likely human-generated
NE_2023_b8efa686b500a41a105a3f2be35303e6.html.gz,0.9891892075538635,Most likely human-generated
NE_2023_bec9187d861f77c38b81b947ff2e44e0.html.gz,0.9102563858032227,Most likely human-generated
NE_2023_fb1658357026865b3dffa89cf701efc9.html.gz,1.0,Most likely human-generated
NE_2023_fdd91e5aa4f853e3ac8ec3a84d73deda.html.gz,0.9545454382896423,Most likely human-generated
