Link,Score,Prediction
LA_2024_51d0493dfe2bf99221a7e98a25dcee38.html.gz,0.9798657894134521,Most likely human-generated
LA_2024_7bab4348ed2b96cf1405ea72f489e8e6.html.gz,1.0763888359069824,Most likely human-generated
LA_2024_cba68bb3869256023af9a9c78f703293.html.gz,0.9740259647369385,Most likely human-generated
