Link,Score,Prediction
SC_2023_1fcbe88f4c275e466acbc34ef7e9d07d.html.gz,1.0328947305679321,Most likely human-generated
SC_2023_663c0b21e97c9654335fd09b81c26797.html.gz,0.9583333134651184,Most likely human-generated
SC_2023_70c027e3639c54a2c82bab269b4f6a1c.html.gz,1.007462739944458,Most likely human-generated
SC_2023_7e06e6912763045344823e24f784fc4a.html.gz,1.0384615659713745,Most likely human-generated
SC_2023_8afff41811dfa2e585cd4fc0aaa66476.html.gz,1.0,Most likely human-generated
SC_2023_bc619b081f77b21cd61e82a458b83594.html.gz,0.9440559148788452,Most likely human-generated
SC_2023_e64198853f3f4dd4a8a7020e09a0d4bd.html.gz,1.0065789222717285,Most likely human-generated
