Link,Score,Prediction
PA_2024_12ec83352ec8e24fded4a882fa4aeaa9.html.gz,1.023391842842102,Most likely human-generated
PA_2024_28acb24c7157097c04b855d3f62713c2.html.gz,0.9516128897666931,Most likely human-generated
PA_2024_6aaf95f99df3ff66b51aca5d9421fb57.html.gz,1.0119760036468506,Most likely human-generated
PA_2024_7a9c0df7b94a93f833a24ec304de4410.html.gz,1.0208333730697632,Most likely human-generated
PA_2024_cccf9c08b648f8c33c1e5ef3b334e53c.html.gz,1.017045497894287,Most likely human-generated
PA_2024_d6cf49c0a6e079cfe4b6d737e86314aa.html.gz,1.0327868461608887,Most likely human-generated
PA_2024_e9c06cea92add5634f7a52e658cabb07.html.gz,1.0508474111557007,Most likely human-generated
