Link,Score,Prediction
WI_2023_0dcfe5df44163482b1b6926823391472.html.gz,1.0304877758026123,Most likely human-generated
WI_2023_8f39d3169e10c2e60a07df5afd15c40f.html.gz,1.0340136289596558,Most likely human-generated
WI_2023_afbf21fa5f506224a4f1bdb98660b89a.html.gz,0.9496855139732361,Most likely human-generated
