Link,Score,Prediction
MN_2023_027ef8d278a22b67819c73ff8a69ecb5.html.gz,0.9536423683166504,Most likely human-generated
MN_2023_0c30a91ffb0f780d566204ca327dc7d5.html.gz,1.0,Most likely human-generated
MN_2023_0d365cb88dd2f2138d0fe5bf4a50f736.html.gz,0.9826589822769165,Most likely human-generated
MN_2023_6171d1f8e6ba8fbf80ab2c2b9555e30e.html.gz,0.9806763529777527,Most likely human-generated
MN_2023_aa4dd584f64dbd0450d44417c57c78a8.html.gz,1.0314135551452637,Most likely human-generated
MN_2023_cf958749aaaca6f5d13c1480dc585b62.html.gz,0.9806763529777527,Most likely human-generated
MN_2023_fc214a3ad97508b104863facc0aa736c.html.gz,0.9503105878829956,Most likely human-generated
