Link,Score,Prediction
MD_2024_1b0fb42bc5cc75c0b9750c24b6dde4de.html.gz,1.0,Most likely human-generated
MD_2024_4400138ab2ca8c8b01e6cd6fbfd27a64.html.gz,0.9848484992980957,Most likely human-generated
MD_2024_848d323d2865cab97b66da10e1d1ceca.html.gz,0.9867549538612366,Most likely human-generated
MD_2024_943b5a83f9f19378cb64c3b754915e60.html.gz,0.9896907210350037,Most likely human-generated
MD_2024_9c9380c482486e1a879959a56eb546ca.html.gz,1.0355029106140137,Most likely human-generated
MD_2024_d395244347f95dbcef06cc89696db8c5.html.gz,1.077519416809082,Most likely human-generated
