Link,Score,Prediction
PA_2024_9aa3360f4b9dbc213754387d31b3981a.html.gz,1.0138888359069824,Most likely human-generated
PA_2024_db9fa325895bd54eab0bb5fd4f855d49.html.gz,0.955974817276001,Most likely human-generated
PA_2024_f59a0393dc508e60a3c873fa6fee7a08.html.gz,1.0201342105865479,Most likely human-generated
