Link,Score,Prediction
OR_2024_23ac7477931730e242354ff2b5a1830b.html.gz,1.045454502105713,Most likely human-generated
OR_2024_45999afa05108cbb447263211a580410.html.gz,0.9181286692619324,Most likely human-generated
OR_2024_812c7a3d9c461c8a68981b1c5edba64c.html.gz,0.9204545617103577,Most likely human-generated
OR_2024_b97d3b8c569f44f7add742b37a6f2915.html.gz,1.0887573957443237,Most likely human-generated
OR_2024_e635e15cbfd1dc064e650ecef6d5a3cd.html.gz,0.9610389471054077,Most likely human-generated
