Link,Score,Prediction
FL_2023_63bcc2843de8b95d31895001993ecb44.html.gz,0.9617834687232971,Most likely human-generated
FL_2023_9130542172f3d34a29d77dd66d87e7ba.html.gz,0.9791666865348816,Most likely human-generated
FL_2023_998a974296d53185c85d23c9de3a9ff1.html.gz,1.035573124885559,Most likely human-generated
FL_2023_a06340309bf8c951113c75ba284ec789.html.gz,0.9801587462425232,Most likely human-generated
