Link,Score,Prediction
ID_2023_0bb16b88fc8a43194336473fc389a126.html.gz,0.9801980257034302,Most likely human-generated
ID_2023_148b946029f2326e143a8b145eed1d4e.html.gz,0.9919354915618896,Most likely human-generated
ID_2023_c8b081c31fd6a6bb6409d4667f9f72b3.html.gz,0.95652174949646,Most likely human-generated
