Link,Score,Prediction
NM_2023_21468f62217f12888a26b019a9b8fef6.html.gz,1.0211267471313477,Most likely human-generated
NM_2023_2efc14c57af6e27b0349187987fc6523.html.gz,0.9882352948188782,Most likely human-generated
NM_2023_38de4624323780c725fc70f06a8c224c.html.gz,1.0,Most likely human-generated
NM_2023_7820e8353b31b33675439ed879e6e015.html.gz,0.9791666865348816,Most likely human-generated
NM_2023_a361a3de8bc704b7446ad78897d2b6c7.html.gz,0.9930555820465088,Most likely human-generated
