Link,Score,Prediction
MO_2023_75d5e2491a5991e1dc17d93e552496b2.html.gz,0.9867549538612366,Most likely human-generated
MO_2023_c16ba7f10da17c8fa495f1b898525bb3.html.gz,1.0120482444763184,Most likely human-generated
