Link,Score,Prediction
CA_2023_237cbc9e66132bef658cef6a43ad74fb.html.gz,1.0109890699386597,Most likely human-generated
CA_2023_362285a7808890d734595978303ef984.html.gz,0.9938650131225586,Most likely human-generated
CA_2023_56237bfa48cd9f8a0ae182fd6c3bbecf.html.gz,1.0463917255401611,Most likely human-generated
CA_2023_84856a9df3a8f727c7d2144c398f9718.html.gz,1.017045497894287,Most likely human-generated
CA_2023_a8a5d577070094f684c5d0711b698edf.html.gz,1.0242424011230469,Most likely human-generated
CA_2023_b48b942b7bd6e04b41c393a0072aa202.html.gz,1.020100474357605,Most likely human-generated
CA_2023_cf2a40bcaa24de361a9605bb761e9d62.html.gz,0.9274193644523621,Most likely human-generated
CA_2023_e8173cc948a8a445a749b00771b3e432.html.gz,0.9337349534034729,Most likely human-generated
