Link,Score,Prediction
NY_2024_139074dbb426bae34f2f5272c3d92566.html.gz,1.0355329513549805,Most likely human-generated
NY_2024_57e22d7cc3d4ffc795f1e31c7ef10565.html.gz,0.9236640930175781,Most likely human-generated
NY_2024_6019f051fbcb3edce780d94f50d241e3.html.gz,1.0281124114990234,Most likely human-generated
NY_2024_70b225ab6feeb6598e405fc682ea7e86.html.gz,1.0273224115371704,Most likely human-generated
