Link,Score,Prediction
WV_2023_27fd564c384fe770bf8c054ae333129e.html.gz,0.9745222926139832,Most likely human-generated
WV_2023_341c02bdc57f1124c8f10962335b0e3f.html.gz,0.9677419066429138,Most likely human-generated
WV_2023_35d342552af992260d35943c399f8699.html.gz,0.9701492786407471,Most likely human-generated
WV_2023_c8c8da615f850d1127ad5303426d8358.html.gz,0.9701492786407471,Most likely human-generated
