Link,Score,Prediction
TX_2024_234ced7cefe76006ceadf6fc083f88b3.html.gz,0.9530201554298401,Most likely human-generated
TX_2024_250bff2a5dbd0981aab108a286f5cc77.html.gz,0.9503105878829956,Most likely human-generated
TX_2024_47b34b4e88fc4a79962b4e03ef26b3a9.html.gz,0.9800000190734863,Most likely human-generated
TX_2024_91dc1f00d5b887567655972d0c15fbf1.html.gz,1.0242424011230469,Most likely human-generated
