Link,Score,Prediction
ME_2023_13cda8e5dd1c9f956b0d0337f43d67d5.html.gz,1.085714340209961,Most likely human-generated
ME_2023_1edba16a85aef52dc777cdcc84d8f17d.html.gz,0.9743589758872986,Most likely human-generated
ME_2023_51282e5d8db9afc6a47edd502e4f7d1f.html.gz,0.9891892075538635,Most likely human-generated
ME_2023_84bcce414fd0f6b481daf77a8a6d5827.html.gz,1.0469799041748047,Most likely human-generated
ME_2023_f3f76e781d5fe634b290c12a1bb26842.html.gz,1.0120482444763184,Most likely human-generated
