Link,Score,Prediction
WV_2023_0a737ebe504f68fe4167359f833f59b2.html.gz,1.0184049606323242,Most likely human-generated
WV_2023_0c52b08a33c4caad0fd50c16448c3a20.html.gz,1.0785714387893677,Most likely human-generated
WV_2023_3129385957606f2d6006196a2aadb25c.html.gz,0.9777777791023254,Most likely human-generated
WV_2023_83a1488b496e0e8113ea9380a68b8689.html.gz,1.0081967115402222,Most likely human-generated
