Link,Score,Prediction
WA_2023_2146294fc51c286153189bb2e603812d.html.gz,1.0205479860305786,Most likely human-generated
WA_2023_237e51dfda51ed40ffef4eec6e0c4aa9.html.gz,0.9805194735527039,Most likely human-generated
WA_2023_774439891cee95f33aee5d4e22796224.html.gz,1.0361446142196655,Most likely human-generated
WA_2023_911a34cb7423e695327d6f84ae379190.html.gz,0.9575471878051758,Most likely human-generated
WA_2023_96eecec946d238d8b85fbecb6f39dc72.html.gz,0.9935064911842346,Most likely human-generated
WA_2023_9c01244fee6bf767b949cfca06cbb56b.html.gz,1.0193548202514648,Most likely human-generated
WA_2023_b211186d7199238ce3eacbee014ff9fa.html.gz,0.9825581312179565,Most likely human-generated
WA_2023_d5680313a0c1519f88923a8d3dd79b81.html.gz,0.956250011920929,Most likely human-generated
WA_2023_e722e1dc515d9f9579f6a634d56adab6.html.gz,0.9200000166893005,Most likely human-generated
