Link,Score,Prediction
IL_2023_57de140778428d18de46e8952b0ca639.html.gz,0.9832402467727661,Most likely human-generated
IL_2023_9bf070be824989d3670a5fc04a6835d5.html.gz,0.8974359035491943,Most likely human-generated
