Link,Score,Prediction
MN_2023_122b9a974a804c8e86c4331ce5095529.html.gz,1.0162161588668823,Most likely human-generated
MN_2023_30bc6dc61d461821880df6aa8482dd45.html.gz,1.0511363744735718,Most likely human-generated
MN_2023_646a085ef04eb1fe59a4b286447fe3e5.html.gz,1.0067113637924194,Most likely human-generated
MN_2023_d8bab2c9712486572f5fe7d052a75f92.html.gz,0.9710982441902161,Most likely human-generated
MN_2023_f1321c01001d6690d096c5cba9e2b91c.html.gz,0.9469696879386902,Most likely human-generated
MN_2023_fce642e941e8984140567e38b712df08.html.gz,0.9893617033958435,Most likely human-generated
