Link,Score,Prediction
NY_2024_1785213f889c5a8f55f8fdf37bf7be49.html.gz,0.9548386931419373,Most likely human-generated
NY_2024_864cc824b725dca7920cc409c59d564e.html.gz,0.970588207244873,Most likely human-generated
NY_2024_9887241f28596b5c7e43e713eb3d5134.html.gz,0.9383561611175537,Most likely human-generated
NY_2024_fc07dd4f4c7b10f6163f624d93a4644d.html.gz,0.9383561611175537,Most likely human-generated
