Link,Score,Prediction
CA_2023_3b3612015edb22c31a23e05e52f78acb.html.gz,1.023391842842102,Most likely human-generated
CA_2023_4657de55a78e34b72bbfdd5676561960.html.gz,1.0123456716537476,Most likely human-generated
CA_2023_67c306d545fdaf93915c34862a2e5a2d.html.gz,0.9937888383865356,Most likely human-generated
CA_2023_7ad2ed863b3e54af1574d9663ae74dff.html.gz,0.9959016442298889,Most likely human-generated
CA_2023_83361e5b99aecca940726aa46136a457.html.gz,1.08695650100708,Most likely human-generated
CA_2023_ab3be578f2bf9fafddb1d6e66df561b4.html.gz,0.970059871673584,Most likely human-generated
CA_2023_b03b18c7533e4859297cd0493a6db77d.html.gz,1.0393258333206177,Most likely human-generated
