Link,Score,Prediction
DC_2023_030a92b37b426401cb5c0973fd80565e.html.gz,1.04347825050354,Most likely human-generated
DC_2023_1182417a076c83b98e2fedb383af2f00.html.gz,1.0264900922775269,Most likely human-generated
DC_2023_24f9963b261d1fd7d18ba1602fa20ca3.html.gz,0.9345238208770752,Most likely human-generated
DC_2023_6475ee3dbd2c411acfdbcf995c3ad119.html.gz,0.9808917045593262,Most likely human-generated
DC_2023_e1a79e0b4e951a63f84e9257428abd41.html.gz,0.8771929740905762,Most likely human-generated
DC_2023_f85d743ed83f6d55502e0796417d86e8.html.gz,1.0486485958099365,Most likely human-generated
