Link,Score,Prediction
UT_2024_0def847673a4518709b3e506964bb5bd.html.gz,0.948387086391449,Most likely human-generated
UT_2024_b02f89e363be540646bb0456a8c4e397.html.gz,1.0264900922775269,Most likely human-generated
UT_2024_cc3aee7bff907a0725364a74a61b3ce9.html.gz,0.9933775067329407,Most likely human-generated
UT_2024_d3c636919259b8bda32632847a30a8af.html.gz,0.9431818127632141,Most likely human-generated
