Link,Score,Prediction
AR_2023_002fffc79ac21e43405036fb107eb630.html.gz,1.0403225421905518,Most likely human-generated
AR_2023_2de535d3572b47ab9e5d124b2db3bbf1.html.gz,1.1428571939468384,Most likely human-generated
AR_2023_2fda392d499ff8b4e6df6aef9f620903.html.gz,0.9931034445762634,Most likely human-generated
AR_2023_484641afe2ee997dec4d1f4f229d6c42.html.gz,0.9541984796524048,Most likely human-generated
AR_2023_6856ed5bc87842f144aa9575c034bc4d.html.gz,1.0370370149612427,Most likely human-generated
AR_2023_cb0dcbe7feddd5b55c3f04a596d50870.html.gz,0.9888268113136292,Most likely human-generated
AR_2023_f073933b06112d2a913f403467dabb37.html.gz,1.0620689392089844,Most likely human-generated
