Link,Score,Prediction
NV_2023_2c3e675e931b5bfb2468e2a7d0b88339.html.gz,1.0174418687820435,Most likely human-generated
NV_2023_317fa9594fda5a4931b2dc3a96a87b88.html.gz,0.9960317611694336,Most likely human-generated
NV_2023_433647c0debccfc6afc6d94a0b0c0731.html.gz,0.7980132699012756,Most likely AI-generated
NV_2023_460d095d3f8ca9a6d98ed27d59ad6a1a.html.gz,0.920634925365448,Most likely human-generated
NV_2023_d557829f67f8c660954cd8ed6130c1be.html.gz,0.9732824563980103,Most likely human-generated
