Link,Score,Prediction
ND_2024_53c5c5c8596076810cc3fe30a31f1727.html.gz,0.9627329111099243,Most likely human-generated
ND_2024_91447885b3eaaf4fbdfc8af6b1b11db4.html.gz,0.9815950989723206,Most likely human-generated
ND_2024_9e97f25a9bede0cc72610ced9d90a133.html.gz,0.9612902998924255,Most likely human-generated
ND_2024_d4b368cbded30cb3a3503418c6c784e9.html.gz,0.9548386931419373,Most likely human-generated
ND_2024_ddf04bc95dd093326beb72acfbdf7274.html.gz,0.9935064911842346,Most likely human-generated
