Link,Score,Prediction
CT_2024_08114f87503afc5fad5a11e49db454c4.html.gz,0.9468598961830139,Most likely human-generated
CT_2024_593b7dd49d14e029b293d452e6c0377b.html.gz,0.948387086391449,Most likely human-generated
