Link,Score,Prediction
MD_2024_240d8686134f7839d115100b97a62ba8.html.gz,1.138728380203247,Most likely human-generated
MD_2024_47376b3eab7861dbc8a2f8dbf8e21d40.html.gz,0.9677419066429138,Most likely human-generated
MD_2024_b6a244284827360f923eb721121f7798.html.gz,0.9090909361839294,Most likely human-generated
