Link,Score,Prediction
AK_2023_207dea8997d538834d39e6dafa8169d5.html.gz,1.0209424495697021,Most likely human-generated
AK_2023_22fbfa2f806256968212d2d9eb6568fa.html.gz,1.0317460298538208,Most likely human-generated
