Link,Score,Prediction
CO_2024_3215573d0a59aecde51cd01fe55c5fab.html.gz,1.0,Most likely human-generated
CO_2024_391a4e172f7ea0506e542b1bb6bc042e.html.gz,0.9716312289237976,Most likely human-generated
CO_2024_62787d806eb382af50fbc45bf882b7f4.html.gz,0.9514170289039612,Most likely human-generated
CO_2024_713fb7bbf4a815d886be434333197008.html.gz,0.977011501789093,Most likely human-generated
CO_2024_fd4500fad95f17dbeb368975f701526a.html.gz,0.9440559148788452,Most likely human-generated
