Link,Score,Prediction
CO_2020_900a48a1774e7ddc40d7c4a11ba6a7ba.html.gz,0.9740259647369385,Most likely human-generated
CO_2020_acbf64af532cb3552fe3b605c13bb149.html.gz,1.0119047164916992,Most likely human-generated
CO_2020_af45cac19625d8537d566707cc800bb4.html.gz,0.9622641801834106,Most likely human-generated
CO_2020_bc0ed1ece87162cd732f99a5822bb9db.html.gz,0.9887005686759949,Most likely human-generated
CO_2020_c1e7a51ceb3fce0473f9a808eb8af792.html.gz,0.9470198750495911,Most likely human-generated
CO_2020_cd50bd95ac6781d1cace8c05d00c69df.html.gz,0.9151515364646912,Most likely human-generated
