Link,Score,Prediction
AR_2020_68474f5b24d3d1330798b03830f684f7.html.gz,0.98591548204422,Most likely human-generated
AR_2020_6ea1fe2ac3f8ad39ac470ed38008e2d0.html.gz,1.058510661125183,Most likely human-generated
AR_2020_8eec4285b1dfab9a01c1bedeb934ed93.html.gz,1.0177514553070068,Most likely human-generated
AR_2020_d145479feb2f8dfeed1b14847e9e1361.html.gz,1.034883737564087,Most likely human-generated
AR_2020_d682933ab040f1f1ea231ba0b31c168e.html.gz,1.0546448230743408,Most likely human-generated
AR_2020_d8f7ad8951ae41c521b6ade5bdbb9078.html.gz,1.0723683834075928,Most likely human-generated
AR_2020_da3d3ec37845d93245ceaba28dfeadb2.html.gz,0.9432623982429504,Most likely human-generated
AR_2020_e414ed8af62383823138331c9d9919ca.html.gz,0.9624060392379761,Most likely human-generated
