Link,Score,Prediction
ID_2022_64affdf034748ff342f66497381d2e0a.html.gz,0.9696969985961914,Most likely human-generated
ID_2022_f1405c791a31446ea99dea24106d0a3b.html.gz,0.9681528806686401,Most likely human-generated
ID_2022_f3b75746f2e7b6ae3b37b5d3d2f30473.html.gz,0.988304078578949,Most likely human-generated
ID_2022_f7feeb246b324df12f3229866e567296.html.gz,0.948051929473877,Most likely human-generated
