Link,Score,Prediction
MN_2022_2af9c1ec1442e3f387e201964414c048.html.gz,0.9677419066429138,Most likely human-generated
MN_2022_c553ad5cf42e021920ecc685bd09dec0.html.gz,1.0282257795333862,Most likely human-generated
