Link,Score,Prediction
WV_2020_4c2714d103a88ff3b235e52aa77342ce.html.gz,0.9615384340286255,Most likely human-generated
WV_2020_9b0d2abcccaa13032c9fb06326d5ca73.html.gz,0.9419354796409607,Most likely human-generated
WV_2020_bf12f87e8e3b9449c6a07db375017d61.html.gz,1.013157844543457,Most likely human-generated
WV_2020_fbd3261789616c05990f4fec2c8fa585.html.gz,1.0068492889404297,Most likely human-generated
