Link,Score,Prediction
MD_2020_1906ea5c4d208886e6c9490df49d79ea.html.gz,0.9347826242446899,Most likely human-generated
MD_2020_813f65df7c8669d590b5a731e54e1c3a.html.gz,0.9932432174682617,Most likely human-generated
MD_2020_8e32c81f6becf1e37ba0d1bae9dd3402.html.gz,0.9941520690917969,Most likely human-generated
