Link,Score,Prediction
KY_2020_6e673e5952e15e7f7969651220acfb77.html.gz,1.0753424167633057,Most likely human-generated
KY_2020_7c2ca90b0756b94cc3e110941457254d.html.gz,1.059999942779541,Most likely human-generated
KY_2020_8affc7b4449a54871508b58c276b269a.html.gz,0.9215686321258545,Most likely human-generated
KY_2020_de0befead34becfd7c1685dbcd9a4ad2.html.gz,0.956204354763031,Most likely human-generated
KY_2020_e18f1d590934911e87259a23de6e7c45.html.gz,0.935251772403717,Most likely human-generated
