Link,Score,Prediction
AK_2020_0635a22af20da0e4ec18711d67fb9133.html.gz,0.9746835231781006,Most likely human-generated
AK_2020_c8951c2de1822241268c54c03c6a7229.html.gz,0.9746835231781006,Most likely human-generated
AK_2020_dc0920962726b776cf57267d0cb152aa.html.gz,0.9537572264671326,Most likely human-generated
AK_2020_f15e45cb20a2cf8d64677642b9296aa6.html.gz,1.0,Most likely human-generated
