Link,Score,Prediction
ID_2021_340e02a6f9f2117e24046c4bb92a7ebc.html.gz,0.9325153231620789,Most likely human-generated
ID_2021_351ffa58799dc66211db7c0e473fb2d5.html.gz,0.9479768872261047,Most likely human-generated
ID_2021_7562ee2e684f3f0273b53debfdec7933.html.gz,0.9399999976158142,Most likely human-generated
ID_2021_8670a6b1b035f9672b042049afc3e1c2.html.gz,0.9931034445762634,Most likely human-generated
ID_2021_c3742d7d724990c7a39bf642ea60032c.html.gz,1.0621761083602905,Most likely human-generated
ID_2021_fa3a5131c8eb0055a3e627806ce1fe0f.html.gz,0.9545454382896423,Most likely human-generated
ID_2021_fe8fef276674a9676157af6396ed1701.html.gz,0.949367105960846,Most likely human-generated
