Link,Score,Prediction
TN_2020_83c03306bbec9d970c679acdb48a5571.html.gz,0.9694656729698181,Most likely human-generated
TN_2020_c3e3b7126c7e91d547b7b8f6538e6c98.html.gz,0.9503546357154846,Most likely human-generated
TN_2020_ff2a06969e085758da8bd7c4b33f0b46.html.gz,0.9822485446929932,Most likely human-generated
