Link,Score,Prediction
IA_2021_13baec15bf4f3e7162ff2ed89d528dc0.html.gz,1.0290697813034058,Most likely human-generated
IA_2021_64cafcbd2143b0e00bff96e16831c758.html.gz,1.0182926654815674,Most likely human-generated
IA_2021_8c9410feb5ec1f5c4dc0bffff9427700.html.gz,0.978723406791687,Most likely human-generated
IA_2021_94495a3dc3c04e7db498f952f5f0fd8e.html.gz,0.957446813583374,Most likely human-generated
IA_2021_c7307c0570490fb1e55cbc366df653eb.html.gz,1.0611110925674438,Most likely human-generated
IA_2021_d39b0dd6af0f1378f698183b2bf94104.html.gz,0.9696969985961914,Most likely human-generated
IA_2021_efe57629a0c504dae4ad93e11a56a544.html.gz,0.9628099203109741,Most likely human-generated
