Link,Score,Prediction
NM_2021_325806443435c10edd2455d6c255eeaa.html.gz,1.0039682388305664,Most likely human-generated
NM_2021_56668f42c22bfbb21ac3d5aaada08833.html.gz,1.0072463750839233,Most likely human-generated
NM_2021_974801c67986911661ed4f98978dec8a.html.gz,1.045454502105713,Most likely human-generated
