Link,Score,Prediction
NE_2020_11bfa4d97d13fc2f0addf16d06f19239.html.gz,0.9659863710403442,Most likely human-generated
NE_2020_57919f24b406dfe75a9c3935a2df7943.html.gz,1.0331125259399414,Most likely human-generated
NE_2020_e7b4a51a6134e252cc796ae1cb08a064.html.gz,0.4190751314163208,Most likely AI-generated
NE_2020_f05e326f666745bce1c2c077a267a3ff.html.gz,1.0413793325424194,Most likely human-generated
