Link,Score,Prediction
VT_2022_253e9bf44b2157fbf9eb8fee38ec648e.html.gz,0.8846153616905212,Most likely human-generated
VT_2022_af1eecbe2e8302b25883e3a2aa5d479b.html.gz,0.9723756909370422,Most likely human-generated
VT_2022_af913aa85f653e21ac051b813e767592.html.gz,0.9662162065505981,Most likely human-generated
VT_2022_db82523239bd39f82d25151cfcff7eb7.html.gz,0.9481481313705444,Most likely human-generated
