Link,Score,Prediction
CA_2021_351ef24fedd6e9b7f0b523d99fbf6fac.html.gz,1.0228571891784668,Most likely human-generated
CA_2021_37e6daeaba3d36376a92218c1ce9b57d.html.gz,1.0341463088989258,Most likely human-generated
CA_2021_5af095e3ab692f861ef0dc3e39e0a2a7.html.gz,0.9862068891525269,Most likely human-generated
CA_2021_9cad95899ca8374fb2e865b5113329f0.html.gz,1.0511363744735718,Most likely human-generated
CA_2021_b569d8b11ad50a5cf2750bc89e34209b.html.gz,1.0534759759902954,Most likely human-generated
CA_2021_f29b9c4889385696a5439b1ba962861f.html.gz,1.0536912679672241,Most likely human-generated
