Link,Score,Prediction
NC_2020_a894c67ccdc8f24835435f3d777018c8.html.gz,1.0144927501678467,Most likely human-generated
NC_2020_b7e6eb5969b8c943b7f3b8618703a30e.html.gz,1.1134752035140991,Most likely human-generated
