Link,Score,Prediction
MS_2020_330b9ecf3c8235c6aee3ac68a5e33d73.html.gz,0.9473684430122375,Most likely human-generated
MS_2020_37fd356a42514d23590013a56d32be56.html.gz,0.9357143044471741,Most likely human-generated
MS_2020_57df4e516c9ec40e3d66769c962a507a.html.gz,0.9855072498321533,Most likely human-generated
MS_2020_607a00006f5d2bde8e0b918bc7754782.html.gz,1.0437955856323242,Most likely human-generated
MS_2020_658de064acdd65f5c8eb03f152d44bda.html.gz,1.0402299165725708,Most likely human-generated
MS_2020_6ae0bbfc419e6a745cc051d80f621c03.html.gz,0.9924812316894531,Most likely human-generated
MS_2020_6ae6da82cdf6e8dc754f23596eb2996b.html.gz,1.0604395866394043,Most likely human-generated
MS_2020_900473c2498af95adaf33419d2dd2861.html.gz,1.0421686172485352,Most likely human-generated
