Link,Score,Prediction
NM_2021_30f67a74261761c0ea307c6a2fd6efb4.html.gz,1.012195110321045,Most likely human-generated
NM_2021_8e37848e782845e3e64467edaff74379.html.gz,0.9855072498321533,Most likely human-generated
NM_2021_b4aeca0afa3e83be6312fe086ddf5b61.html.gz,0.9279999732971191,Most likely human-generated
NM_2021_be498044010ec7c649c359130a8edfc8.html.gz,1.0057470798492432,Most likely human-generated
NM_2021_c1d12ba794960c6eb9b6cd65ce03c8d3.html.gz,0.9527027010917664,Most likely human-generated
NM_2021_c653250fc2dd6000abbee029e760a064.html.gz,1.005555510520935,Most likely human-generated
NM_2021_ded977485b0beb0de0423a5d85a57fee.html.gz,0.9545454382896423,Most likely human-generated
NM_2021_e4c81ac20841d8e2f61ba240827902aa.html.gz,1.045454502105713,Most likely human-generated
