Link,Score,Prediction
NC_2022_19a512da102bc47bda35a50304ecf007.html.gz,1.0253164768218994,Most likely human-generated
NC_2022_29dcefbb97eab0a216fce2beee774206.html.gz,1.029411792755127,Most likely human-generated
NC_2022_64006a85977090f4c27c7a7e522b831e.html.gz,1.0988372564315796,Most likely human-generated
NC_2022_a56c703dfcd26fd36a4c8c5f7f808767.html.gz,0.987261176109314,Most likely human-generated
