Link,Score,Prediction
HI_2021_76b88687466cec11d76cf990069e4a1d.html.gz,0.9436619877815247,Most likely human-generated
HI_2021_c27b54c4bd20641246ee2338525e1764.html.gz,1.0133333206176758,Most likely human-generated
