Link,Score,Prediction
MO_2021_2b3c7aa4517e32db26cdabcd20549079.html.gz,0.936170220375061,Most likely human-generated
MO_2021_721388bc40804d83ca1c720235cabfaa.html.gz,1.0119760036468506,Most likely human-generated
MO_2021_74ab6cbc0697816a1afb028b7b34c9b3.html.gz,0.9928057789802551,Most likely human-generated
MO_2021_9584f90a77a302a781718ebb21c2aa9a.html.gz,0.9934640526771545,Most likely human-generated
MO_2021_9876d16a16aedd6f334c9892f4bc3079.html.gz,1.0347222089767456,Most likely human-generated
MO_2021_9f11128fcb579a7fa079b5a71a7cb751.html.gz,1.0196079015731812,Most likely human-generated
MO_2021_a7fad26fcbab34508d97b0f43f1c9620.html.gz,0.9865771532058716,Most likely human-generated
MO_2021_f9b4ea67768fee2565d9c2f87b9e8da6.html.gz,0.953125,Most likely human-generated
