Link,Score,Prediction
MO_2021_4288ebf7d6de9b01d3e09f0e25d4affc.html.gz,1.0368098020553589,Most likely human-generated
MO_2021_989196b8616a98880638e34397cd054a.html.gz,0.927480936050415,Most likely human-generated
MO_2021_ae0f59e041511e49c87e3c46fc738c79.html.gz,0.9523809552192688,Most likely human-generated
MO_2021_ef13a6531275a346876f9c899e6490ed.html.gz,1.0,Most likely human-generated
