Link,Score,Prediction
OR_2022_56e4e1da4a30bc128c6961559ed472c0.html.gz,0.9806451797485352,Most likely human-generated
OR_2022_8c71b34ee6f44a031151eb0016b33ec1.html.gz,0.9779005646705627,Most likely human-generated
OR_2022_b183fdae94d656745f6cff1074138a55.html.gz,1.0486111640930176,Most likely human-generated
