Link,Score,Prediction
OR_2022_1b5985028d69c7a4a618d78304eb25ca.html.gz,0.9512194991111755,Most likely human-generated
OR_2022_31305724ea94e8ff2ec79c1b1d2cd822.html.gz,0.9121338725090027,Most likely human-generated
OR_2022_32e60f7cdd2fe946ccdc34f8493e56de.html.gz,1.1241830587387085,Most likely human-generated
OR_2022_61c4e64f5a2613ab9ee70d93d918fdac.html.gz,1.0413793325424194,Most likely human-generated
OR_2022_76a1819007f5acc22412f974133dfd7d.html.gz,1.0069444179534912,Most likely human-generated
OR_2022_e873f1320a16254835d58d6aad4deffb.html.gz,0.9539473652839661,Most likely human-generated
OR_2022_fd2cb3e4ca117640cfb1103c90aceb5a.html.gz,0.9033613204956055,Most likely human-generated
OR_2022_fead528337bbf1e9c9788d8c5ddbd0a0.html.gz,0.9878048896789551,Most likely human-generated
