Link,Score,Prediction
WA_2020_47feaa256954e8a9073029d965828afe.html.gz,1.0065789222717285,Most likely human-generated
WA_2020_5b140f7637054bb1a319962e77fc658e.html.gz,1.0117647647857666,Most likely human-generated
WA_2020_686c0d419307458a3e80af5bb46565de.html.gz,1.0478469133377075,Most likely human-generated
WA_2020_6e951029122409531cd2dad74601e5ab.html.gz,1.0064516067504883,Most likely human-generated
WA_2020_72437c5ad4ec6f310da95849d6c01010.html.gz,1.0185185670852661,Most likely human-generated
WA_2020_9d0a022dcd767c8c132a0d4898bb28db.html.gz,1.0,Most likely human-generated
WA_2020_baa76f80e0a62edcc1f0b02c875100d7.html.gz,1.0661157369613647,Most likely human-generated
WA_2020_e12029a2b5c4dc07120c1ee947d2627d.html.gz,1.047619104385376,Most likely human-generated
