Link,Score,Prediction
WA_2022_599a276a9fa4e61891d1702a78210a81.html.gz,0.9932432174682617,Most likely human-generated
WA_2022_7d43ad3d9b2440475b406d16a3dade06.html.gz,1.0382513999938965,Most likely human-generated
WA_2022_922b6da74d24eae7b12b97c48a9e8187.html.gz,1.017937183380127,Most likely human-generated
WA_2022_996f3921fbb8d2ecec93bddd03b313d2.html.gz,0.970588207244873,Most likely human-generated
WA_2022_9fe344b0cce984d772f591f530467823.html.gz,1.0486111640930176,Most likely human-generated
WA_2022_c9a42d2991c3cb9351c603900e45ac5b.html.gz,1.0277777910232544,Most likely human-generated
WA_2022_cb48a68a60a0151be3b1b166991d09bf.html.gz,0.9954128265380859,Most likely human-generated
WA_2022_ed6ef5d08b46242f9b520f9c982a2369.html.gz,1.0389610528945923,Most likely human-generated
WA_2022_f7d9b20397201f9837af8da7a7bd069d.html.gz,1.0602409839630127,Most likely human-generated
