Link,Score,Prediction
WI_2021_0a6040a3123c7f5037f49c4542fce870.html.gz,0.9492385983467102,Most likely human-generated
WI_2021_416ae9cf6ca39fb00b5c85a4bf30996d.html.gz,0.988304078578949,Most likely human-generated
WI_2021_5a8d625a0bfc23fe63a360882f1361c3.html.gz,1.0361446142196655,Most likely human-generated
WI_2021_7be4f35eefef9d6631b320c82dd2bbe3.html.gz,0.914893627166748,Most likely human-generated
WI_2021_8d5af254945c9b32d55be4e36d023ea3.html.gz,0.9869281053543091,Most likely human-generated
WI_2021_9436058d5a6c672e86dd60532082633f.html.gz,0.9221556782722473,Most likely human-generated
WI_2021_a79792f958c906616890349413f6f08b.html.gz,0.9347826242446899,Most likely human-generated
