Link,Score,Prediction
OH_2020_1f82cb71d06583358728251e4a8d6e4e.html.gz,0.9935064911842346,Most likely human-generated
OH_2020_7aa920f38e8883d75810f038e1706149.html.gz,1.0204081535339355,Most likely human-generated
OH_2020_7f4392c7cca267518c3fc3b1b68f2e07.html.gz,0.9720279574394226,Most likely human-generated
OH_2020_9511de2185d6886bd9735f79ecd0deb1.html.gz,0.9125000238418579,Most likely human-generated
OH_2020_e4ce81a8f9285441b9a04fd45af92dc1.html.gz,1.0177514553070068,Most likely human-generated
