Link,Score,Prediction
CA_2022_2df6c9642ed0f9668cac6ea1b1fc617d.html.gz,1.0416666269302368,Most likely human-generated
CA_2022_33ff30e29e5e630e488fb7b6d9898199.html.gz,0.9437500238418579,Most likely human-generated
CA_2022_3416ee0d874a3e2c4145bc28540cf4b9.html.gz,0.9431818127632141,Most likely human-generated
CA_2022_b93b6f5e519cfd83b1518659ed68533d.html.gz,0.9813953638076782,Most likely human-generated
CA_2022_c970bf2be4cab40ffd3de1d32535fb5d.html.gz,0.9594594836235046,Most likely human-generated
