Link,Score,Prediction
IA_2021_30e98aff6038d225de875e1acbea917c.html.gz,0.9264705777168274,Most likely human-generated
IA_2021_3fb07d9759423c67e6040f6743e79ee1.html.gz,1.006993055343628,Most likely human-generated
IA_2021_80249e91c78ddd46348d6c3993e72ca3.html.gz,0.970370352268219,Most likely human-generated
IA_2021_abc01f35d72d118a294a5cfc08e02574.html.gz,0.9943820238113403,Most likely human-generated
IA_2021_b67101c56ba47c6a1abc0cfd4252176a.html.gz,0.9604743123054504,Most likely human-generated
IA_2021_e52fa074688e66ee9d960e7bffc9b0ef.html.gz,0.9828571677207947,Most likely human-generated
IA_2021_e817422258324f989f991dedd23edbbc.html.gz,0.9798657894134521,Most likely human-generated
IA_2021_e8446c3909cd6176ce145df8cfdd2200.html.gz,0.9935064911842346,Most likely human-generated
IA_2021_fa5d95ae42268a7ae9b2e3c0fe32a5d5.html.gz,0.9820359349250793,Most likely human-generated
