Link,Score,Prediction
WV_2021_09a4208935edd50fc210373b11da4260.html.gz,0.9836065769195557,Most likely human-generated
WV_2021_5c184b2323125d5ce494b56faf8b687e.html.gz,0.993630588054657,Most likely human-generated
WV_2021_cbd777fd118b2addfaf5db582813ca0b.html.gz,1.0432432889938354,Most likely human-generated
WV_2021_f01ea2def6be5a007208aa45f2620416.html.gz,0.9876543283462524,Most likely human-generated
WV_2021_f749621e7cc5e8cdb5d6afd62cc3c08c.html.gz,1.0071429014205933,Most likely human-generated
