Link,Score,Prediction
NY_2020_28e2d14e8f51a34c23c7a71dcad1d55a.html.gz,1.0282485485076904,Most likely human-generated
NY_2020_8a75c539e4207d75a77d66c782185006.html.gz,1.0122699737548828,Most likely human-generated
NY_2020_e57616684457e1133c6d35dcbc5cb18f.html.gz,1.0128204822540283,Most likely human-generated
