Link,Score,Prediction
ME_2021_05014e281ea1a8f517924dc3d4f2ab79.html.gz,1.0115606784820557,Most likely human-generated
ME_2021_104d579523ef21167379afd84522fa97.html.gz,0.9111111164093018,Most likely human-generated
ME_2021_182a39f4a6d49164eed24d5da18d90fb.html.gz,0.9813664555549622,Most likely human-generated
ME_2021_2be51bdd2296d2650a122b14f5379bc5.html.gz,1.0,Most likely human-generated
ME_2021_5a92ae7ebfdbd85d28a117a2ecbd398c.html.gz,1.029197096824646,Most likely human-generated
ME_2021_c1114773a74da0c25e80d82e11372f4b.html.gz,0.9518716335296631,Most likely human-generated
ME_2021_c7c1b5ccf92bde6a36acf594756454ad.html.gz,1.0508474111557007,Most likely human-generated
ME_2021_c8168ca7daf936a71940095d4402c8b6.html.gz,1.0279330015182495,Most likely human-generated
