Link,Score,Prediction
MO_2021_548eed961f7339b264678505ca641f13.html.gz,0.9718309640884399,Most likely human-generated
MO_2021_758a343be979aa72b3c05c7cdd404ef3.html.gz,0.984375,Most likely human-generated
MO_2021_9a7f0c82286e60f5f4fb8f737a7f8a74.html.gz,0.9411764740943909,Most likely human-generated
MO_2021_ad7189c7c6ba331bf240ae4fd08f2489.html.gz,0.9357143044471741,Most likely human-generated
MO_2021_d4e15adeb41130853e057ec9d9286f3f.html.gz,0.9932432174682617,Most likely human-generated
MO_2021_e5bba7a47469a753ee94537bc513202c.html.gz,1.0,Most likely human-generated
MO_2021_ee3ef78c74b3a0fd90685b5f9e3a9be8.html.gz,0.9547511339187622,Most likely human-generated
