Link,Score,Prediction
NJ_2022_0ebf292292f43833902931d22cac651d.html.gz,1.0120482444763184,Most likely human-generated
NJ_2022_1bebfb7831416daecdf8ab2425b1d6d0.html.gz,0.9741935729980469,Most likely human-generated
NJ_2022_a7f413b3b1e7a511001ca6a6282ac928.html.gz,0.9864864945411682,Most likely human-generated
NJ_2022_cb56189218ebd6559d53d7fe9b9aaf8e.html.gz,0.95652174949646,Most likely human-generated
NJ_2022_dc980601ad8b3348f922d4a804d44fd3.html.gz,1.038759708404541,Most likely human-generated
NJ_2022_e65523bad10d39e52763ab8c2e73585b.html.gz,0.9700854420661926,Most likely human-generated
NJ_2022_fe4569054ac260cb8114ffa07a36fb65.html.gz,1.0,Most likely human-generated
