Link,Score,Prediction
WY_2022_2e7f87a5c50d7ed578bc668fb3ea4433.html.gz,1.0581395626068115,Most likely human-generated
WY_2022_3d8ddc15a8468d520949b7c049ee9e6e.html.gz,0.9492753744125366,Most likely human-generated
WY_2022_736a79552c50bc9056b76fa42619233a.html.gz,0.9210526347160339,Most likely human-generated
WY_2022_85eea36d0d861f621e7026d53fe2e86a.html.gz,1.0256410837173462,Most likely human-generated
WY_2022_dec7e262852995115c1c145538c526c9.html.gz,1.0,Most likely human-generated
