Link,Score,Prediction
MO_2022_0dcc34a2c9efabce1720a723232897cf.html.gz,1.0064102411270142,Most likely human-generated
MO_2022_106d7418c92414525683c5fd9325914b.html.gz,1.0202429294586182,Most likely human-generated
MO_2022_1ce6401e800b48043e939079664f2f33.html.gz,1.042424201965332,Most likely human-generated
MO_2022_8b0824923a722e9c62be92d6feb55e80.html.gz,1.0437955856323242,Most likely human-generated
MO_2022_95e0bb832d58cf1513aad627ab85d89e.html.gz,0.9924242496490479,Most likely human-generated
MO_2022_d81a9c0e1af2948eb337d5e300837ae4.html.gz,0.9492753744125366,Most likely human-generated
MO_2022_fbc8b99367404afc80ea54546c911061.html.gz,0.9932432174682617,Most likely human-generated
MO_2022_fc1534b4d9a70f51e7948566a57bc541.html.gz,0.9606741666793823,Most likely human-generated
MO_2022_fd9ce4972e9489aa98ac530a6ade92f7.html.gz,0.932330846786499,Most likely human-generated
