Link,Score,Prediction
OH_2021_00623d83cf701d9d0e3f3e8ca5ba6b9b.html.gz,0.9819276928901672,Most likely human-generated
OH_2021_38af72a59eb5e0a97e592368dc89b4f8.html.gz,0.8879310488700867,Most likely human-generated
OH_2021_755dce389744dc91811809e9d6e2692f.html.gz,1.0166666507720947,Most likely human-generated
OH_2021_803226b7136a89c5178d6a1cfffdb899.html.gz,0.9476743936538696,Most likely human-generated
OH_2021_81b07275a59b1b704ec5d5806c0fd099.html.gz,1.0621469020843506,Most likely human-generated
OH_2021_c600a2d24973a72a0c7aab08111ccf69.html.gz,1.029197096824646,Most likely human-generated
OH_2021_d1046a4c4aeaa133ddbef21c4ac71f7c.html.gz,0.9014084339141846,Most likely human-generated
OH_2021_d34f8744eb208d73435409bd15459585.html.gz,0.9858155846595764,Most likely human-generated
OH_2021_e774964fb1f50912ad86d63f48c5dab2.html.gz,0.9554139971733093,Most likely human-generated
