Link,Score,Prediction
DE_2020_13fd999bdfa1396d81e986f576d746bf.html.gz,0.91796875,Most likely human-generated
DE_2020_4252ef4c3206927635cb7f0475aae32c.html.gz,1.0399999618530273,Most likely human-generated
DE_2020_9695ecb611735d26db12c30b50f6bc6e.html.gz,1.0052632093429565,Most likely human-generated
DE_2020_a03309f531f328b54eb3b30d119f1457.html.gz,1.0502793788909912,Most likely human-generated
DE_2020_d17a95ef17d5203b3a2b4c7cf7126ad3.html.gz,1.0,Most likely human-generated
DE_2020_d5d6723cec090492d40a3b9190eb9574.html.gz,1.032679796218872,Most likely human-generated
DE_2020_f97432d48bf7a6c08b73427c4ad5c570.html.gz,0.9830508232116699,Most likely human-generated
