Link,Score,Prediction
MS_2022_019ef09ed79c84bf521d19c60311f3f1.html.gz,0.9860140085220337,Most likely human-generated
MS_2022_29e746c57e7a67875bad2a6f5a59b314.html.gz,1.0055248737335205,Most likely human-generated
MS_2022_ae8725edd9e2e156d14cee26763e9b99.html.gz,0.9913793206214905,Most likely human-generated
