Link,Score,Prediction
IN_2020_2f1aeeded803a48431ff6491d2beae17.html.gz,0.8992805480957031,Most likely human-generated
IN_2020_804f958cd914693ac1c065afee6ccf33.html.gz,1.0191082954406738,Most likely human-generated
IN_2020_83edea98d7fd2328caf51299961f9491.html.gz,0.9130434989929199,Most likely human-generated
IN_2020_88015723fc203de55e89d8f831ce66c0.html.gz,1.0076335668563843,Most likely human-generated
IN_2020_8b729187f1caea868374647a2df864d1.html.gz,1.0800000429153442,Most likely human-generated
IN_2020_a0534c6b88bd3ef8ee217bb65671082d.html.gz,0.9166666865348816,Most likely human-generated
IN_2020_eb967afc0885e26b7a7eedd44828975f.html.gz,0.95652174949646,Most likely human-generated
