Link,Score,Prediction
PA_2022_097452226ce019be40ccafd0bd7530c5.html.gz,0.9597315192222595,Most likely human-generated
PA_2022_0fb6a95a07f670eed442d9626af92c18.html.gz,0.9404761791229248,Most likely human-generated
PA_2022_266b8ad48c618381e2d62a97679c0f37.html.gz,0.9784946441650391,Most likely human-generated
PA_2022_68863e4c57ad13cd4239020e4cdd937a.html.gz,0.8795180916786194,Most likely human-generated
PA_2022_72d0ea6c8e4dee0e3b8cc95650bb5485.html.gz,0.9821428656578064,Most likely human-generated
PA_2022_83d559cfd74bc70ed7187cb81f3a02f1.html.gz,0.9375,Most likely human-generated
PA_2022_a587a809336c329102e03cc64922eb6c.html.gz,0.9580838084220886,Most likely human-generated
PA_2022_b5ab4c7a4837ddf7c194cce981499966.html.gz,1.0229885578155518,Most likely human-generated
PA_2022_dd220819aa79889636bc2dc2ed42aa50.html.gz,0.9931972622871399,Most likely human-generated
