Link,Score,Prediction
SD_2021_021176655236cf4202292a95b5aa85f4.html.gz,0.9733333587646484,Most likely human-generated
SD_2021_131e661747e2a3b7fc5760032ddb7e97.html.gz,1.0206611156463623,Most likely human-generated
SD_2021_45c5c51d441ba03c9a0ad568fb1461db.html.gz,1.006666660308838,Most likely human-generated
SD_2021_629d3d35e238bd60adb4551e7fb009ae.html.gz,1.0,Most likely human-generated
SD_2021_7c99c3221be98845242a88332a61e106.html.gz,0.9269230961799622,Most likely human-generated
SD_2021_bd562e9935c23107cac919e44b70c6bd.html.gz,1.059288501739502,Most likely human-generated
SD_2021_d04190076aaadbb3b267822308527ae9.html.gz,1.0320855379104614,Most likely human-generated
SD_2021_db7fb8101afe72d7a141a6373bed22fd.html.gz,0.9407407641410828,Most likely human-generated
