Link,Score,Prediction
NJ_2020_05cc20cd5b13217f620fa3374fb50ba2.html.gz,0.9791666865348816,Most likely human-generated
NJ_2020_3e52ef721d9cf2f821c64390f4d000d1.html.gz,0.9736841917037964,Most likely human-generated
NJ_2020_49bc8be1f3e52e62c49c6716de88a0f3.html.gz,1.0239521265029907,Most likely human-generated
NJ_2020_fd3874d77013bdb9c97b961a1e508ec3.html.gz,1.0303030014038086,Most likely human-generated
