Link,Score,Prediction
WA_2020_0eb326377e71617436b5fe65eab50a4b.html.gz,0.9871244430541992,Most likely human-generated
WA_2020_555ef8285e5a4c0efb92ed66ee66c6aa.html.gz,1.020304560661316,Most likely human-generated
WA_2020_68dd930147528e74851a86de32adbbfa.html.gz,1.0392156839370728,Most likely human-generated
WA_2020_7a88b021fcb1d5687c286209c11cda9f.html.gz,1.0059880018234253,Most likely human-generated
WA_2020_900695539b37e8a2658e5db32c5d56a8.html.gz,0.9714285731315613,Most likely human-generated
WA_2020_92a874da054acff39a28ac0b4b07fa4f.html.gz,1.0,Most likely human-generated
WA_2020_cb5f7606791a8dcb962b292d9976a094.html.gz,0.9931972622871399,Most likely human-generated
