Link,Score,Prediction
FL_2020_4be478525fc9e46dbbeb7c997cb369bc.html.gz,0.934108555316925,Most likely human-generated
FL_2020_570a598a5fa8fe4399aad317cfb1c1bf.html.gz,1.0112359523773193,Most likely human-generated
FL_2020_5824318d06e32a556901ac5fcc0edc70.html.gz,1.047619104385376,Most likely human-generated
FL_2020_7707fc678697ac4a9afad1aa90e73d26.html.gz,0.9683257937431335,Most likely human-generated
FL_2020_7ff9fc1f19823f974bea2d04f01fae50.html.gz,1.0523256063461304,Most likely human-generated
FL_2020_b6d058eaade4f1e6f778afe00a2e961a.html.gz,0.9382022619247437,Most likely human-generated
FL_2020_c64ff5e2d462746c0eaccf00a25dc6f7.html.gz,0.9730769395828247,Most likely human-generated
FL_2020_c800be9111d406d0f52d2a9571a6a356.html.gz,1.0112359523773193,Most likely human-generated
