Link,Score,Prediction
KS_2022_4e104614e11e06076d91aa96ca4635e3.html.gz,1.048387050628662,Most likely human-generated
KS_2022_8098cc77f82d25f6d15e95d706e24b74.html.gz,0.9929577708244324,Most likely human-generated
KS_2022_f7b1c9bc1e96f77772579d4207735a31.html.gz,1.0406503677368164,Most likely human-generated
