Link,Score,Prediction
SC_2020_15845d7803bc4a9d2776ee3cc3d2623f.html.gz,0.9363057613372803,Most likely human-generated
SC_2020_4fddc89d073a83bffce91da32a47efd4.html.gz,1.0584415197372437,Most likely human-generated
SC_2020_6491fcbd32fb763b7d1d51111381c91b.html.gz,0.9868420958518982,Most likely human-generated
SC_2020_6a64caecd4a934a427c7593c5870aa90.html.gz,1.0378787517547607,Most likely human-generated
SC_2020_932bda21bf715d4eefd82c412c90bdad.html.gz,0.9430379867553711,Most likely human-generated
SC_2020_c674215633e2dc7f549c8e2505b200fa.html.gz,0.9858155846595764,Most likely human-generated
SC_2020_f750f845335f99350c4136492265154d.html.gz,0.9662162065505981,Most likely human-generated
