Link,Score,Prediction
WV_2022_0d34cd0242075b87796a6e93716f29bc.html.gz,1.0496894121170044,Most likely human-generated
WV_2022_4ad695a4f988b2d3bb3b1c929c172d89.html.gz,0.9652777910232544,Most likely human-generated
WV_2022_59c152711f59ecb78a11d2c068b564ba.html.gz,0.9655172228813171,Most likely human-generated
WV_2022_b4d2971017fefd72309b92e33f69acd2.html.gz,0.9933333396911621,Most likely human-generated
WV_2022_fea3c0e5f280a2b557f3b4e1d309d291.html.gz,0.9629629850387573,Most likely human-generated
