Link,Score,Prediction
MS_2020_0759f2409e240f6ac5bfd4fa1b26ae64.html.gz,1.0133333206176758,Most likely human-generated
MS_2020_417c9e83e15745f8ed29e81f90cecaa1.html.gz,0.8720378875732422,Most likely human-generated
MS_2020_45fa9f2fcc25a17ef764cf1d0345deef.html.gz,1.0340908765792847,Most likely human-generated
MS_2020_76eb0b24be234b19f449cf8036fc9733.html.gz,0.8720378875732422,Most likely human-generated
