Link,Score,Prediction
TN_2022_35cb2b2925eebe977bdf8e715a0b31a6.html.gz,0.9431818127632141,Most likely human-generated
TN_2022_3cee1d3e49321e7ced001b6a155ded24.html.gz,0.9864864945411682,Most likely human-generated
TN_2022_3e0b46a937db2a471b34a72c283a3481.html.gz,1.0289855003356934,Most likely human-generated
TN_2022_544bac9b27eca057648d7c9f37cc660c.html.gz,1.0136985778808594,Most likely human-generated
TN_2022_68506d4f2b4150565c9eb530d0af67f7.html.gz,1.0285714864730835,Most likely human-generated
TN_2022_8021a1e09c3e728e9e8379e9535df3c9.html.gz,1.0204081535339355,Most likely human-generated
TN_2022_82c2d33f87c07e7293ba52f430873e9a.html.gz,0.9716312289237976,Most likely human-generated
TN_2022_9f0f0bd51c7aab39123bd34c7ddd0f7b.html.gz,0.9725274443626404,Most likely human-generated
TN_2022_dcb3a6ddb652095e3f4af6de6799eeb1.html.gz,0.9940119981765747,Most likely human-generated
