Link,Score,Prediction
FL_2020_15649b7a0658ef1813414eed301af791.html.gz,1.0280898809432983,Most likely human-generated
FL_2020_295b87af699d052c1ef2aae4015c0db8.html.gz,0.9927007555961609,Most likely human-generated
FL_2020_84d1b3a79a87890a94d04d17259523a2.html.gz,1.0177514553070068,Most likely human-generated
FL_2020_92ac3727f391462bc97c6f08f1d68076.html.gz,0.9958847761154175,Most likely human-generated
FL_2020_a3c604cdbb1375a6ee728bd0cac7080a.html.gz,1.122340440750122,Most likely human-generated
FL_2020_af48718ce44cbff06dc93960b96abc8b.html.gz,1.0266666412353516,Most likely human-generated
FL_2020_d349f490905d429a85baac721c20cbed.html.gz,1.0,Most likely human-generated
FL_2020_e36ce7cb1cc37dee767da07ad4725056.html.gz,0.9743589758872986,Most likely human-generated
FL_2020_f4ae4b899322793d14132fb5f6fe6572.html.gz,0.9689440727233887,Most likely human-generated
