Link,Score,Prediction
IN_2022_3871bd6bfbe89d2894a87b9502e96e12.html.gz,0.949999988079071,Most likely human-generated
IN_2022_55165a92d9b4b6e9efcb45fbbbbb5c8e.html.gz,0.8544601202011108,Most likely human-generated
IN_2022_5864adda8597c62bf00c4ab62f944b32.html.gz,1.0273972749710083,Most likely human-generated
IN_2022_b013ea965a0691708e9273bb54b40444.html.gz,0.9696969985961914,Most likely human-generated
IN_2022_c879f4d79344f276740769f4ad11adda.html.gz,1.0187499523162842,Most likely human-generated
IN_2022_cbedac5aa2138400405c3cb107a8af2d.html.gz,0.9379310607910156,Most likely human-generated
IN_2022_cc92f0dbac0f4a64086ef52795dbf809.html.gz,0.9444444179534912,Most likely human-generated
IN_2022_d82246ab0a66a38da925598cf4978697.html.gz,0.9471544623374939,Most likely human-generated
IN_2022_ebfcfef3c1ea51a274511c113a4938b3.html.gz,0.95333331823349,Most likely human-generated
