Link,Score,Prediction
CA_2022_607d00f506c6cd0904f1e927e76bb485.html.gz,0.929729700088501,Most likely human-generated
CA_2022_6e046105dada0e387c7ce15f11b0ed52.html.gz,0.9570552110671997,Most likely human-generated
CA_2022_9794aedf1b0bd6d4ef8a9f8b32e7b142.html.gz,0.9213483333587646,Most likely human-generated
CA_2022_9f8777be0af38aa4532fb07761526833.html.gz,1.0,Most likely human-generated
CA_2022_ccdd9c160eb796186c2d9ee0f7719a0f.html.gz,1.0761420726776123,Most likely human-generated
