Link,Score,Prediction
DE_2022_5088730fe9d51a6076460589927935ed.html.gz,1.038888931274414,Most likely human-generated
DE_2022_8b0270d28b0f9badd6a385fc1ddd0a73.html.gz,1.0816326141357422,Most likely human-generated
DE_2022_a3c9af2c3e13dbbbb149640dd8d28261.html.gz,0.9580152630805969,Most likely human-generated
