Link,Score,Prediction
NJ_2022_6bd97b46f4c959c9a66ee1ca10676f64.html.gz,0.9591836929321289,Most likely human-generated
NJ_2022_9b436c030a8504437ae19ac84b3e2a79.html.gz,0.9934210777282715,Most likely human-generated
NJ_2022_c6bb9473a2599a2c12013d358a642124.html.gz,0.965753436088562,Most likely human-generated
