Link,Score,Prediction
ND_2022_457f20d18039217bd2969d452ce9ad93.html.gz,0.9383561611175537,Most likely human-generated
ND_2022_5344098f96479b808f43bdfc3cd7648a.html.gz,1.0611110925674438,Most likely human-generated
ND_2022_c1e4f283a0d91b6922d8b0afe27a7e6e.html.gz,0.9731543660163879,Most likely human-generated
