Link,Score,Prediction
IN_2020_250e1f7a918948c4babf074cf3bab847.html.gz,0.988950252532959,Most likely human-generated
IN_2020_4c8c69c5c117b795117b9633ee1c97b5.html.gz,0.9819276928901672,Most likely human-generated
IN_2020_4fba4fde6de3229a82c4cbe89955aac2.html.gz,0.9891892075538635,Most likely human-generated
IN_2020_d1299ae6fd686bac8f2224a47d05ef3f.html.gz,0.9440993666648865,Most likely human-generated
IN_2020_f87d2fc4deeb25b71877a9115ad3a6cb.html.gz,1.0047619342803955,Most likely human-generated
