Link,Score,Prediction
TN_2020_043dbec98b9712046f928bd46acebf4b.html.gz,0.988095223903656,Most likely human-generated
TN_2020_2856d8814a86165d0cdeca54ed2c6a5a.html.gz,0.9107142686843872,Most likely human-generated
TN_2020_5a72f47cd6ef53e4660f54862f428fc6.html.gz,1.0306748151779175,Most likely human-generated
TN_2020_609eb2fab4387c7b0c4b3f0e101f6fbb.html.gz,1.0135135650634766,Most likely human-generated
TN_2020_e788c56b757ba57d70552b45044d30bc.html.gz,0.9856114983558655,Most likely human-generated
TN_2020_ee02f12acd775ae265d594b958e3fbec.html.gz,0.9270073175430298,Most likely human-generated
TN_2020_fd40be15be92a3758dd6db5951a96caa.html.gz,1.044025182723999,Most likely human-generated
