Link,Score,Prediction
OR_2022_098a24444ba968b57bd4fef72e09a524.html.gz,0.9060402512550354,Most likely human-generated
OR_2022_1240de82d5fae01b924aadef244897b2.html.gz,1.0,Most likely human-generated
OR_2022_5e123fdb9a4e64b4ae333407d96c3981.html.gz,0.9659090638160706,Most likely human-generated
OR_2022_847b1979d77386a883f9526f7b57af75.html.gz,0.9577465057373047,Most likely human-generated
OR_2022_87a86047544ff76268767200b678d819.html.gz,0.9535865187644958,Most likely human-generated
OR_2022_b7dded640300f55ab7588c6b34f3cd29.html.gz,0.9830508232116699,Most likely human-generated
OR_2022_d93a94f0cc9d66ce3aa4d7c78a97636f.html.gz,1.0324674844741821,Most likely human-generated
OR_2022_fdae6fdf139e21191d9c9e9370fbbd03.html.gz,0.8893280625343323,Most likely human-generated
