Link,Score,Prediction
NC_2021_4ac50a2b782193429ef4cf5585785521.html.gz,0.9939393997192383,Most likely human-generated
NC_2021_89259413204c4b4772be6feb3778bdb4.html.gz,0.9431818127632141,Most likely human-generated
NC_2021_900bd410cae76a9cd61e84f635f472a4.html.gz,1.0340136289596558,Most likely human-generated
