Link,Score,Prediction
FL_2022_23188e7bc6892b5ca5686ebf95c66a54.html.gz,0.9677419066429138,Most likely human-generated
FL_2022_3a95175122334a58df9c53fb8d921586.html.gz,0.9729729890823364,Most likely human-generated
FL_2022_590f7d2d13494424a108117a3432cfdc.html.gz,0.9932432174682617,Most likely human-generated
FL_2022_617520baad9b4350a68789678e8cc722.html.gz,0.8888888955116272,Most likely human-generated
FL_2022_78da2960b9e1e110f72a210d7c868adf.html.gz,0.9245283007621765,Most likely human-generated
