Link,Score,Prediction
PA_2020_272dfea79ed86dd8b63062d7cd4bf543.html.gz,0.9677419066429138,Most likely human-generated
PA_2020_40254b5fbc4656a1957d663541c99540.html.gz,1.0428571701049805,Most likely human-generated
PA_2020_95329831784b5f8db518d51f09a21d78.html.gz,0.9518072009086609,Most likely human-generated
PA_2020_9924d92daf6528d43f30ace616499804.html.gz,1.0303030014038086,Most likely human-generated
PA_2020_a491231e0a7a56e4c6ea743ec0acfacd.html.gz,0.9379844665527344,Most likely human-generated
PA_2020_b20bcfdceb3fee20257210810f6f5360.html.gz,0.9931034445762634,Most likely human-generated
PA_2020_da6614738cffe44660ae2a2da626bbb3.html.gz,0.9626865386962891,Most likely human-generated
