Link,Score,Prediction
VA_2021_1b7ff3dd2a028663b980b181661f8579.html.gz,1.0728477239608765,Most likely human-generated
VA_2021_3a56b32399d0e8ae50488cce2d6fa92e.html.gz,0.9736841917037964,Most likely human-generated
VA_2021_9a257208e0825c104b84b61028d90b6b.html.gz,1.1210191249847412,Most likely human-generated
VA_2021_f89202d91a0ae55c2b4e703540f59a0f.html.gz,1.0,Most likely human-generated
