Link,Score,Prediction
OR_2021_044bd521ec30dcaf297ba895ef861c02.html.gz,0.9561753273010254,Most likely human-generated
OR_2021_452f131ce05dd9261ed0d2fa70deaf03.html.gz,1.0489130020141602,Most likely human-generated
OR_2021_56232462b37ab65078f3f08b760936e0.html.gz,1.0584415197372437,Most likely human-generated
OR_2021_5a27a407d1ec6e0abfa05c847848dfc4.html.gz,0.9937499761581421,Most likely human-generated
OR_2021_7a7dc474d84a22267547aed55143d95a.html.gz,0.9337748289108276,Most likely human-generated
OR_2021_7f9e574de415250ca21f7761e00487f0.html.gz,0.9066666960716248,Most likely human-generated
OR_2021_db3105ee95b1f8568034900df2ea4004.html.gz,1.0,Most likely human-generated
OR_2021_fe227cec019ca9288128c4275aec06d8.html.gz,1.0194804668426514,Most likely human-generated
