Link,Score,Prediction
CT_2022_82bf81b2f7fed4a2611ed8158810d797.html.gz,0.9558233022689819,Most likely human-generated
CT_2022_85080e7548becfcd64984e608775ced1.html.gz,1.04347825050354,Most likely human-generated
