Link,Score,Prediction
ND_2022_67cf80f48f654405ba3480c797997faa.html.gz,0.9829545617103577,Most likely human-generated
ND_2022_75791ea6006cf25f8cc725873a213564.html.gz,1.0406091213226318,Most likely human-generated
ND_2022_8886dabf8156605ed636f82c895e7ad8.html.gz,0.9939758777618408,Most likely human-generated
