Link,Score,Prediction
VA_2020_0df6e6ea1ce4d740dc914768b0819ac1.html.gz,0.9939024448394775,Most likely human-generated
VA_2020_3c6d1f0bf17fa026008134e23961a224.html.gz,0.9734042286872864,Most likely human-generated
