Link,Score,Prediction
AZ_2021_0b05f449ed30203e5508a1a8e75da3af.html.gz,0.935251772403717,Most likely human-generated
AZ_2021_b7a722017d6682cb230452ff9c0a18a1.html.gz,1.051094889640808,Most likely human-generated
AZ_2021_b90f26b2eb2f8bbee17f5fd2a0bfa382.html.gz,1.0194804668426514,Most likely human-generated
AZ_2021_df66f7526e37eca2bcc13ce3d1e59a6d.html.gz,0.9748427867889404,Most likely human-generated
AZ_2021_ecf45b380c89096a52b3ea0ebbc1253e.html.gz,1.0047619342803955,Most likely human-generated
AZ_2021_f47291083c16589e3d05d716355a33f7.html.gz,0.90625,Most likely human-generated
