Link,Score,Prediction
NE_2022_c5a0450dcb2134963bd1ba5ede7d1324.html.gz,0.9662162065505981,Most likely human-generated
NE_2022_d3eb0a13716f1114351aa1045bd6b9b6.html.gz,0.8488371968269348,Most likely AI-generated
NE_2022_d9cab984310ec8ea583b33993c50985b.html.gz,0.9481481313705444,Most likely human-generated
