Link,Score,Prediction
MA_2022_4ed4e7dfe001d4fad8760f7acfc0a327.html.gz,0.9433962106704712,Most likely human-generated
MA_2022_600eac1fb8c1d81c1154e7425f18d5e5.html.gz,0.9716312289237976,Most likely human-generated
MA_2022_60c35303b868f77754d51427cbd5ec75.html.gz,1.0324674844741821,Most likely human-generated
MA_2022_cd4956f5f945f3db385c1a1721d60772.html.gz,0.940397322177887,Most likely human-generated
MA_2022_f04ffcf6ec17a7e470b2283d76f3a8c6.html.gz,1.0384615659713745,Most likely human-generated
