Link,Score,Prediction
ID_2020_0007b196671236809528b88d2bc3574c.html.gz,0.9798387289047241,Most likely human-generated
ID_2020_0bb16b88fc8a43194336473fc389a126.html.gz,0.9801980257034302,Most likely human-generated
ID_2020_6afaf0171a2f3da2a389a76f6f774c13.html.gz,0.9605262875556946,Most likely human-generated
ID_2020_79f40cda212c098b7bc41848226d5220.html.gz,1.1090047359466553,Most likely human-generated
ID_2020_c680cf21a0ae40c7f939ab2bcc5aa29a.html.gz,0.9935897588729858,Most likely human-generated
ID_2020_f04895105c2a93c243fbd5d7669b1af6.html.gz,1.0,Most likely human-generated
