Link,Score,Prediction
KS_2020_0f8d6d703931f3271804a67d4171f7be.html.gz,0.9800000190734863,Most likely human-generated
KS_2020_1e091f28c773f7026ce540c31991a27e.html.gz,0.9945945739746094,Most likely human-generated
KS_2020_4200695abcb546c81af198f16b62a87c.html.gz,0.9931507110595703,Most likely human-generated
KS_2020_90d4006f9e0e0a83b1bd7342c034c4c7.html.gz,1.023391842842102,Most likely human-generated
KS_2020_9be6d124e1d8bee8c344438c278b05f7.html.gz,0.9776119589805603,Most likely human-generated
KS_2020_9f806c5113f41495e47296175e13fea4.html.gz,0.9696969985961914,Most likely human-generated
KS_2020_b739417aa8a50941f45674e29345d81a.html.gz,1.014285683631897,Most likely human-generated
KS_2020_efddba66468ed625a073fe31dd0ab90f.html.gz,1.0,Most likely human-generated
