Link,Score,Prediction
VT_2020_13252e0cf5900f9d70524015eb96733c.html.gz,0.9879518151283264,Most likely human-generated
VT_2020_995b3ee316b74182aa853cd1e601132c.html.gz,0.9034482836723328,Most likely human-generated
VT_2020_c329157fdd8c169ac0c0eabca19b603a.html.gz,0.9154411554336548,Most likely human-generated
VT_2020_e55b2a15b0a1cb26d1bd8f7428d18b16.html.gz,0.988304078578949,Most likely human-generated
