Link,Score,Prediction
SD_2021_6906e71f9973f896937059f828608771.html.gz,1.00632905960083,Most likely human-generated
SD_2021_6efa209463a4c259f71a564e1a848a3a.html.gz,1.0533332824707031,Most likely human-generated
SD_2021_db48c4c252c269f18528e608306c4061.html.gz,0.9448819160461426,Most likely human-generated
