Link,Score,Prediction
IN_2021_02413042c58218bf8e3854e83ff753f6.html.gz,0.988950252532959,Most likely human-generated
IN_2021_379aac28f1fd998e84ac0c8ac9507818.html.gz,1.0431654453277588,Most likely human-generated
IN_2021_9fa9b233bcd3e67898165ff18ae4b3ac.html.gz,0.9090909361839294,Most likely human-generated
IN_2021_b98ccdf952698446ac29753e9f78604d.html.gz,1.0071429014205933,Most likely human-generated
