Link,Score,Prediction
CA_2020_10025f44d15f2d3e04875348555ce0f8.html.gz,0.8802395462989807,Most likely human-generated
CA_2020_a63f0057470a08bf6abc1bc79dc82d96.html.gz,1.0393258333206177,Most likely human-generated
