Link,Score,Prediction
KS_2021_63ab68d991b96962ec5796e9bac9bd81.html.gz,1.0253164768218994,Most likely human-generated
KS_2021_76e4a562ddd174bac9a588f3d832150e.html.gz,1.0274724960327148,Most likely human-generated
KS_2021_ba2497638d179d529b5e6d48b4422b6a.html.gz,0.9424460530281067,Most likely human-generated
