Link,Score,Prediction
NV_2021_262117e4e574ef55acacfa0edcdaeef3.html.gz,1.0813953876495361,Most likely human-generated
NV_2021_a8ea90ec543808286bb0676eaf67c604.html.gz,0.9647887349128723,Most likely human-generated
NV_2021_b10a0ad750a26fc1f336485161e6cd4a.html.gz,0.9378530979156494,Most likely human-generated
NV_2021_d8b52678d34f12c68f099112b5a3420f.html.gz,0.9869281053543091,Most likely human-generated
