Link,Score,Prediction
AR_2021_2e14b2020823412ad8b5e9beacd46098.html.gz,1.0499999523162842,Most likely human-generated
AR_2021_35286856e99e3daf039fd401535f0931.html.gz,0.9716312289237976,Most likely human-generated
AR_2021_d4bf5e21f65cbb03214b05eec2b6ce24.html.gz,0.9668874144554138,Most likely human-generated
AR_2021_f00e6860dfe911f2ae541fb4b2168544.html.gz,1.0753424167633057,Most likely human-generated
AR_2021_f44d93e11e6f9b159d8217debd00b64e.html.gz,1.029197096824646,Most likely human-generated
