Link,Score,Prediction
AR_2021_2195e434408a816d2bda84a1f6508bae.html.gz,0.9820359349250793,Most likely human-generated
AR_2021_2685c163f0fb328cbf33ae9ceb4373dd.html.gz,0.9679144620895386,Most likely human-generated
AR_2021_2b0ef3be9033fc8d89f446c0fcbe3398.html.gz,0.9942196607589722,Most likely human-generated
AR_2021_4326e32f104be407491056a1db7a28b3.html.gz,0.9070796370506287,Most likely human-generated
AR_2021_7a3c8bdcf97bccdc3eb45fbda7d38f70.html.gz,0.9503105878829956,Most likely human-generated
AR_2021_86a28b213e63d1b07281cd5c01499e8c.html.gz,1.1075268983840942,Most likely human-generated
AR_2021_a0be94ede84fde16d482eefa38d3e543.html.gz,1.0641710758209229,Most likely human-generated
AR_2021_d411e8553106ce1622009f3f3859d265.html.gz,0.9814814925193787,Most likely human-generated
