Link,Score,Prediction
FL_2021_0b04b8cb26e51f35e55abe9c286c8d22.html.gz,0.9760000109672546,Most likely human-generated
FL_2021_5cc097f7824177cd27339191e51d2237.html.gz,0.8742514848709106,Most likely human-generated
FL_2021_7ee9ef929eea7524d46e12aca784341c.html.gz,0.9932885766029358,Most likely human-generated
FL_2021_926f3245a91fc0d9fd67269f7cf48bc8.html.gz,0.9269230961799622,Most likely human-generated
FL_2021_c4e075de1bfa4fcd00c5809876bf4c2f.html.gz,0.9846153855323792,Most likely human-generated
FL_2021_d9c5aa6f37fa5ab2f00a9b40ff246046.html.gz,1.0062893629074097,Most likely human-generated
FL_2021_eaab8e30d0a3c094e64c31084862c1db.html.gz,1.0179641246795654,Most likely human-generated
FL_2021_eca58e70ee0a5629a1417272687f1ce8.html.gz,1.0109890699386597,Most likely human-generated
FL_2021_fc0bb7e0529309f8c09fbaf30bf34941.html.gz,0.988095223903656,Most likely human-generated
