Link,Score,Prediction
CO_2021_015a9f17badfb22d9a19812e48badb29.html.gz,0.9489051103591919,Most likely human-generated
CO_2021_16063b37b1197b2468f0390a309cd86a.html.gz,0.9936708807945251,Most likely human-generated
CO_2021_2a90e4a19f6361c47fc4066d8695fa38.html.gz,1.0235294103622437,Most likely human-generated
CO_2021_31683c1a7824b1274a90e69de35d4e68.html.gz,0.9718309640884399,Most likely human-generated
CO_2021_364700fe9be0f5c150362bfd0f26ede9.html.gz,0.970588207244873,Most likely human-generated
CO_2021_6e9048863bc5041f3c13a0fcf3f36501.html.gz,0.9566929340362549,Most likely human-generated
CO_2021_73fea38ac6f87d0fbadbfb6fa5899d89.html.gz,0.940397322177887,Most likely human-generated
CO_2021_7f79e4878dd91d95222921cd3fcd205f.html.gz,0.985401451587677,Most likely human-generated
CO_2021_ff6753f700dc8b7e14870d10872fe818.html.gz,1.0101009607315063,Most likely human-generated
