Link,Score,Prediction
NE_2022_24ee44d6511951ddec0cfd112a372a44.html.gz,1.0394736528396606,Most likely human-generated
NE_2022_a4800abff9727c507921f749da30209a.html.gz,0.9671052694320679,Most likely human-generated
