Link,Score,Prediction
SC_2020_070ab01d6f7de347c9e845945956d6b7.html.gz,1.0214285850524902,Most likely human-generated
SC_2020_1cb4025e34a23f89612d9eab7d05469d.html.gz,0.9874213933944702,Most likely human-generated
