Link,Score,Prediction
LA_2021_1f4e460ef8136114d2110cd2ceb2220f.html.gz,1.0882352590560913,Most likely human-generated
LA_2021_41a5c8f072b107182b2d21bf13110536.html.gz,0.985401451587677,Most likely human-generated
LA_2021_6ffed5173cdb883bcd3eb0cddabb5d67.html.gz,1.0645161867141724,Most likely human-generated
LA_2021_92ef5bd0030b4932b28d7af7263f8b9e.html.gz,1.0071429014205933,Most likely human-generated
LA_2021_bb19a52c6f5e2dd5c967f6eb29d87831.html.gz,0.9741935729980469,Most likely human-generated
LA_2021_d2c1fe6040c174aee33b042fc2e60bfb.html.gz,1.0,Most likely human-generated
LA_2021_d967bcb051c188fe0b5605da9f3eadf3.html.gz,0.9620253443717957,Most likely human-generated
LA_2021_f77ebf4f6e9edad5594166a9f012134a.html.gz,0.9520547986030579,Most likely human-generated
