Link,Score,Prediction
MO_2021_0572a08c3839f663f97f4ab20afba369.html.gz,0.9481865167617798,Most likely human-generated
MO_2021_5c6f3bea143b5823893525b39a8ed6de.html.gz,1.0123456716537476,Most likely human-generated
MO_2021_86dbe87cf23a8f380fac4f30f2193982.html.gz,0.9713114500045776,Most likely human-generated
MO_2021_96c4b538033df6c687f000de72a40fe1.html.gz,1.013157844543457,Most likely human-generated
MO_2021_a724b834bf12ad154a3908ae9ce99310.html.gz,1.0184049606323242,Most likely human-generated
MO_2021_bbec41501d3cdca7e8e3a7ff2cf2d6d7.html.gz,1.0113636255264282,Most likely human-generated
MO_2021_bf00802dd55105cc8b5f3f29d3112399.html.gz,0.976047933101654,Most likely human-generated
