Link,Score,Prediction
KS_2022_0367eb9a3ca662e288106997e5775047.html.gz,1.0064102411270142,Most likely human-generated
KS_2022_41c3ecc26740942a6142dce0ef62acba.html.gz,0.9602649211883545,Most likely human-generated
KS_2022_59901e767b60c062e2c05d61ec064374.html.gz,0.9805194735527039,Most likely human-generated
KS_2022_8322737c8748555314e5fab94c97ff72.html.gz,1.0354609489440918,Most likely human-generated
KS_2022_99f72463750ee7014d3e907f1e4c41eb.html.gz,1.0076335668563843,Most likely human-generated
KS_2022_9ccf8f0e3babfa29a8e9dc7e6bace70e.html.gz,1.020100474357605,Most likely human-generated
KS_2022_a3319f9db318cf8bf2796295d512b455.html.gz,1.0789474248886108,Most likely human-generated
KS_2022_d45fe033a83963bd377a2d73f6a0f95b.html.gz,0.9929577708244324,Most likely human-generated
KS_2022_e5086fbaeb8962508d1ac314b47f25cb.html.gz,0.9407114386558533,Most likely human-generated
