Link,Score,Prediction
KY_2020_21191dfd003803c37b8305d41a0d7215.html.gz,1.0120482444763184,Most likely human-generated
KY_2020_3ae1a46387f3f396d6cb378ed9961241.html.gz,0.9513888955116272,Most likely human-generated
KY_2020_76dd27c20fffa7ce78df4d68302bbaf0.html.gz,1.0153846740722656,Most likely human-generated
KY_2020_79a38302867eceda5af38508f4123b14.html.gz,0.9539749026298523,Most likely human-generated
KY_2020_99ec3fe2e00dca6c7ca442e3ea132912.html.gz,0.9586206674575806,Most likely human-generated
KY_2020_a65b15bd7860a9cabd8e401eb692e6b5.html.gz,1.0208333730697632,Most likely human-generated
KY_2020_dcf9e65a9342eb097763a02815725884.html.gz,0.9710144996643066,Most likely human-generated
KY_2020_f576d60aaa6c23dc396cfae7c7cb0485.html.gz,1.0,Most likely human-generated
