Link,Score,Prediction
TX_2021_1876cc70390b3bc657e4af331c161c6b.html.gz,1.0,Most likely human-generated
TX_2021_7b45077224c36d6821cada77f68c669d.html.gz,1.021276593208313,Most likely human-generated
TX_2021_7d35020e851eedb9caa70e6e2e821919.html.gz,1.0387096405029297,Most likely human-generated
TX_2021_8a66f75250a6829c2e0e75960504d02e.html.gz,1.0051813125610352,Most likely human-generated
TX_2021_b6e4e7c0f3ff83333d4f182642fe551b.html.gz,0.9923664331436157,Most likely human-generated
