Link,Score,Prediction
CT_2020_ba19205d3329c2828061326e19bb6b44.html.gz,0.9387755393981934,Most likely human-generated
CT_2020_d3901ed1dc1ab328643c6951e13bd714.html.gz,0.9435483813285828,Most likely human-generated
