Link,Score,Prediction
MD_2021_1e32cf59134d91da53f22508e6d98c76.html.gz,1.0314960479736328,Most likely human-generated
MD_2021_3bcc5463988f3e97b65d09eba8e64ba6.html.gz,1.0410958528518677,Most likely human-generated
