Link,Score,Prediction
NY_2022_133242e39134ad2ac7089c8473f5693e.html.gz,0.9878787994384766,Most likely human-generated
NY_2022_1ecbfac5dddd3579356c0b38bcf427fd.html.gz,0.9689440727233887,Most likely human-generated
NY_2022_4c275ce353bd2e34760de3a5d88d4857.html.gz,0.708791196346283,Most likely AI-generated
NY_2022_e57616684457e1133c6d35dcbc5cb18f.html.gz,1.0128204822540283,Most likely human-generated
