Link,Score,Prediction
SD_2021_41862670fb2e1ca84149946346cd43a3.html.gz,0.9679487347602844,Most likely human-generated
SD_2021_a73ffb3b8999e0217e7d082c8dfc1034.html.gz,0.9530201554298401,Most likely human-generated
