Link,Score,Prediction
AK_2022_42409b7977ebe8550812370dae4c306a.html.gz,1.0177514553070068,Most likely human-generated
AK_2022_55b574e8645c217e982bc306dfb53806.html.gz,1.0496894121170044,Most likely human-generated
AK_2022_7209d3d7d8643b7e6215c3c338c14310.html.gz,1.0496894121170044,Most likely human-generated
AK_2022_b82fc80aaa37449b0d71c1ca76ff6cde.html.gz,1.0047847032546997,Most likely human-generated
AK_2022_e80f721eec4022bac13ad214288e8127.html.gz,1.057692289352417,Most likely human-generated
