Link,Score,Prediction
ME_2021_401d07d18c548864708ff13a649773eb.html.gz,1.0310559272766113,Most likely human-generated
ME_2021_7d27937b0407b175839c98ff082b62f7.html.gz,0.9487179517745972,Most likely human-generated
ME_2021_85d5c0b398250a88393b7ed4f6138b82.html.gz,1.0,Most likely human-generated
ME_2021_e5c17c9b99dc3d6067369be330290075.html.gz,1.0319149494171143,Most likely human-generated
