Link,Score,Prediction
NJ_2020_a3ac733e36b8e4ddf6d0a12465100231.html.gz,1.0522875785827637,Most likely human-generated
NJ_2020_e091fd79a463708b466b7b1aea61e20b.html.gz,0.9939024448394775,Most likely human-generated
