Link,Score,Prediction
KS_2021_4b28a8be19a1988d7401319bfa7112bf.html.gz,0.9214285612106323,Most likely human-generated
KS_2021_63db703fda7e671a16cad365a66f0ebf.html.gz,0.9225806593894958,Most likely human-generated
KS_2021_86c0650330b2046ee04aafb79a92ff32.html.gz,0.9857142567634583,Most likely human-generated
KS_2021_9f336cfd4293c37063ee0e18dcf4d3b0.html.gz,0.9583333134651184,Most likely human-generated
KS_2021_b6b2666af8529330a2e95550dfa8a007.html.gz,0.9857142567634583,Most likely human-generated
KS_2021_e33d862a389b89c478aa32ec4e58d4b1.html.gz,0.9748427867889404,Most likely human-generated
KS_2021_e6968e2eb9b257377388ac852a5162a5.html.gz,1.0443037748336792,Most likely human-generated
KS_2021_e96f95002ee10ca68392599945ccd68e.html.gz,0.9006622433662415,Most likely human-generated
