Link,Score,Prediction
KY_2022_1fa12bfb1191bd6feebd9a667ac32039.html.gz,0.9824561476707458,Most likely human-generated
KY_2022_7d1096f0b2daab54375ceabbc6180194.html.gz,1.0141843557357788,Most likely human-generated
KY_2022_ab60a2cea4c0ee705811312754351232.html.gz,1.0561797618865967,Most likely human-generated
