Link,Score,Prediction
IL_2022_0096d0d9265204abffac3cc52d3da8fe.html.gz,0.9928057789802551,Most likely human-generated
IL_2022_2395f2edcd2a93db7d0e0f2ab1ac4af2.html.gz,1.038277506828308,Most likely human-generated
IL_2022_4cfa5b709b18c99987d7c0f0fc03ef93.html.gz,0.95652174949646,Most likely human-generated
IL_2022_61337b852a5c109f130aeb43969f8c3c.html.gz,0.9357798099517822,Most likely human-generated
IL_2022_848914af2d3bcff88c34747cce60eb84.html.gz,1.0123456716537476,Most likely human-generated
IL_2022_8a76dd65bc2ba12cd0d9b3d898ac955f.html.gz,0.9115384817123413,Most likely human-generated
IL_2022_adff934c592f84e2be2a2e4712c8042e.html.gz,0.9942196607589722,Most likely human-generated
IL_2022_f68ba4922956a94de18cf400d7b02389.html.gz,1.0382165908813477,Most likely human-generated
IL_2022_ffc6f72985a57984bec53492e9bde3e0.html.gz,1.0264900922775269,Most likely human-generated
