Link,Score,Prediction
CA_2022_19ce851cef45abd784a4f313e1c0a172.html.gz,1.034246563911438,Most likely human-generated
CA_2022_33f0919954389a5e860eaff8e0515331.html.gz,0.9550561904907227,Most likely human-generated
CA_2022_c28d626ad35b3253517ac3adc37fa11a.html.gz,1.0382513999938965,Most likely human-generated
