Link,Score,Prediction
MO_2020_1547d87d88336d16cc86c1445adb7b81.html.gz,0.8969696760177612,Most likely human-generated
MO_2020_282371403b6354f37b0dfa3ba873f84f.html.gz,0.970588207244873,Most likely human-generated
MO_2020_4589a54b96703827e9b9a7a9a3347e62.html.gz,1.0211267471313477,Most likely human-generated
MO_2020_a9d2d491c45bafc09d6f0e5a7daa5c04.html.gz,0.9865771532058716,Most likely human-generated
MO_2020_aeaa7319cb6f36d571117a1184447fef.html.gz,0.9837398529052734,Most likely human-generated
MO_2020_e5c623e5b6820bb425a1a6f8e512f5f7.html.gz,0.8853503465652466,Most likely human-generated
