Link,Score,Prediction
MA_2022_39f24205b8fd863b8b336632022206ce.html.gz,0.9781022071838379,Most likely human-generated
MA_2022_7bc10bcc1d64e3062bc33110173db648.html.gz,1.0060241222381592,Most likely human-generated
MA_2022_d1d660871561cc2fef2a770812d1cfdf.html.gz,0.9886363744735718,Most likely human-generated
