Link,Score,Prediction
AL_2021_22874abaa96ecd1be26b876a720c216f.html.gz,0.9333333373069763,Most likely human-generated
AL_2021_39e2419bed0850b1cd3eff57872a4170.html.gz,0.9946523904800415,Most likely human-generated
AL_2021_785ce4f931d3a8deec74426ad06a400f.html.gz,1.0568181276321411,Most likely human-generated
AL_2021_8997ba810911150c0d69152d3735fdf4.html.gz,0.8860759735107422,Most likely human-generated
AL_2021_9ee5792a22032475c177fb25040f7837.html.gz,0.9677419066429138,Most likely human-generated
AL_2021_aac25f856fdf9028623e131145a5f393.html.gz,1.0065360069274902,Most likely human-generated
AL_2021_b27d92106f2f9039ed3426897568bc17.html.gz,1.0123456716537476,Most likely human-generated
