Link,Score,Prediction
MD_2022_0423b20cbea80f690ff84d5f0b7380b8.html.gz,0.9673202633857727,Most likely human-generated
MD_2022_9ab56b8156228ee99e16602690619203.html.gz,0.9872340559959412,Most likely human-generated
MD_2022_b84d467d7ade7df284b55b7f748ed38b.html.gz,1.0184049606323242,Most likely human-generated
