Link,Score,Prediction
ID_2021_0d36aab29021e227236b87dfa23675a8.html.gz,1.006666660308838,Most likely human-generated
ID_2021_15ad32bbc6bff5a88788e75ff581164d.html.gz,1.0120482444763184,Most likely human-generated
ID_2021_6da80c4d2aee92d3392ebfcfcdd39e32.html.gz,0.9873417615890503,Most likely human-generated
ID_2021_79fc5cc5100de79f27d13ce89cd070ff.html.gz,1.0320513248443604,Most likely human-generated
ID_2021_bae592c176cffb93cfecc3e3261f2812.html.gz,0.9370629191398621,Most likely human-generated
