Link,Score,Prediction
PA_2022_33b872f808a9445b3a28ec494863f80a.html.gz,0.9541984796524048,Most likely human-generated
PA_2022_3d84d4731cd78dd1e874c5565c48f0d4.html.gz,0.9635036587715149,Most likely human-generated
PA_2022_64bd959b8255626501731cfa1f69b4dd.html.gz,1.0059171915054321,Most likely human-generated
PA_2022_7e9e78fa9015de2274f7f5a1191275f1.html.gz,0.9851852059364319,Most likely human-generated
PA_2022_94aa1d346d3a51a5a2c0a775ad93e4f8.html.gz,0.9624060392379761,Most likely human-generated
PA_2022_b6de7be414bd9ee61f40a7ce69f0987b.html.gz,0.9869281053543091,Most likely human-generated
PA_2022_c6fdec727171825f6af060406b962148.html.gz,0.9375,Most likely human-generated
PA_2022_db52c8e250f2fcd0275ccbb76366a7af.html.gz,1.0039682388305664,Most likely human-generated
