Link,Score,Prediction
SC_2022_3465f64f6385a298f9886f76941dde0d.html.gz,1.0756757259368896,Most likely human-generated
SC_2022_4a6a12971db5df7ea8d0e9238c039004.html.gz,1.0764330625534058,Most likely human-generated
SC_2022_6d62fbb84d572a4cc32182765a26256e.html.gz,1.0779221057891846,Most likely human-generated
SC_2022_f19e95a9d0073d696d09961961bdce87.html.gz,0.9881656765937805,Most likely human-generated
