Link,Score,Prediction
WI_2022_0a08424d4f5775546239719ec7f1c35b.html.gz,1.0,Most likely human-generated
WI_2022_2253f56e02d37eaf383f82da4e82da53.html.gz,1.0318471193313599,Most likely human-generated
WI_2022_6e23e8aa5b000e552bce752ed825286a.html.gz,1.0327868461608887,Most likely human-generated
WI_2022_7e8c96d8838fbb2d20036cca41a013dd.html.gz,0.9585492014884949,Most likely human-generated
WI_2022_8fa29f71384f400763fcee79efb7c78d.html.gz,1.0,Most likely human-generated
WI_2022_a99564287aa7e30c865d44462c457a14.html.gz,1.012195110321045,Most likely human-generated
WI_2022_aa92d5769e423810abd1adb4028e4d3c.html.gz,1.023668646812439,Most likely human-generated
