Link,Score,Prediction
CO_2021_38530066bd8fe384ec393428233a5141.html.gz,0.9870967864990234,Most likely human-generated
CO_2021_4130509c93f9ed02d3afc602cfaceb3a.html.gz,1.0,Most likely human-generated
CO_2021_425e6163113d7c4aae417a8accfe5da7.html.gz,0.9806451797485352,Most likely human-generated
CO_2021_46d4bb6fc6d24a880ba443f374d2657c.html.gz,0.9599999785423279,Most likely human-generated
CO_2021_4ca8111a5bdb599d4ae2aa6281b818e9.html.gz,0.9937499761581421,Most likely human-generated
CO_2021_6e7a953bd66c4d7695762aa5d9204f5d.html.gz,1.0057470798492432,Most likely human-generated
CO_2021_6eddeee2e4d6f82533801fc5142cf796.html.gz,1.0128204822540283,Most likely human-generated
CO_2021_a6f55726e588d63cdbe0dff00adf7b70.html.gz,1.0701754093170166,Most likely human-generated
