Link,Score,Prediction
IN_2022_858682057b62c7ce6ba15d71df1cc462.html.gz,0.9651162624359131,Most likely human-generated
IN_2022_a21cb62992bcaeb1c994f28fffcd7243.html.gz,1.0144927501678467,Most likely human-generated
IN_2022_f02d3c2b7ac4031407f40a807135487a.html.gz,0.8901960849761963,Most likely human-generated
