Link,Score,Prediction
TN_2020_1020ecf924e3183048ec6a3a72a47c5e.html.gz,0.9777777791023254,Most likely human-generated
TN_2020_29112f979839dc304965e73ccd12ca28.html.gz,1.0789474248886108,Most likely human-generated
TN_2020_32ba8c24e8aa5accf35319e9fc00da01.html.gz,1.006666660308838,Most likely human-generated
TN_2020_398e0f566bc9533d2286bc78ac9f969b.html.gz,1.0,Most likely human-generated
TN_2020_442c124a60263683088b1fc53cacd233.html.gz,1.0053476095199585,Most likely human-generated
TN_2020_8232c65d85a3ab8e05e14d356bb04cc1.html.gz,0.9382715821266174,Most likely human-generated
TN_2020_8df1d3c786c7fc662dabd9e1d3db3775.html.gz,0.9899497628211975,Most likely human-generated
TN_2020_b81e01907e8c34ddc413e9c50833940a.html.gz,1.0190476179122925,Most likely human-generated
TN_2020_eecb0059bd7f38f7336dcf5df63a2024.html.gz,1.0071429014205933,Most likely human-generated
