Link,Score,Prediction
DC_2020_3e6e572be746b8d48387baf5e484195a.html.gz,1.0064516067504883,Most likely human-generated
DC_2020_a889b664b3f2a4484a02c423f2fed067.html.gz,0.9820359349250793,Most likely human-generated
DC_2020_be6b36ac92015b91515dd9f991fe30e5.html.gz,0.9930555820465088,Most likely human-generated
DC_2020_fc95058125d03218c50598c3c7a5e2ee.html.gz,0.9851852059364319,Most likely human-generated
