Link,Score,Prediction
OH_2020_0de07eab8e53f663ccff005ab07de1e3.html.gz,0.9655172228813171,Most likely human-generated
OH_2020_1834213f0ed7b6f19b578259e9afc073.html.gz,1.0067113637924194,Most likely human-generated
OH_2020_5c30a1f3a3ec02bba4499d8b1ad7c85c.html.gz,0.9576923251152039,Most likely human-generated
OH_2020_7d1cd2f388d1c89298d5240bbf67d0f4.html.gz,1.0448718070983887,Most likely human-generated
OH_2020_bd57e6d52673a11c68d65126cde2ab97.html.gz,0.9818181991577148,Most likely human-generated
OH_2020_be3a29eecb0a7f9165439c8d386a4ec4.html.gz,0.9645669460296631,Most likely human-generated
