Link,Score,Prediction
LA_2020_0de12c53abc1ef9bd5045e9b9fc51493.html.gz,0.9641434550285339,Most likely human-generated
LA_2020_29db753670e04b45069b98af8af38413.html.gz,1.023809552192688,Most likely human-generated
LA_2020_659a571bf4aacc6c86fb33a0e0981f84.html.gz,1.0909091234207153,Most likely human-generated
LA_2020_682b2671cb5132d1cd963a29b75a4385.html.gz,0.9786096215248108,Most likely human-generated
LA_2020_ac23d0a3e41eb5ae47c7d00191212383.html.gz,1.0331491231918335,Most likely human-generated
