Link,Score,Prediction
WV_2021_0921da66d96233397033db6f9162982d.html.gz,1.0061349868774414,Most likely human-generated
WV_2021_25fb28b629b0d2ba43c841063e18cba6.html.gz,1.0068026781082153,Most likely human-generated
WV_2021_42dbc2df0ee9efb54ffec592f0cc8cc9.html.gz,0.9851852059364319,Most likely human-generated
WV_2021_4ee013f69e809e51a59fe801a50bb8de.html.gz,1.012195110321045,Most likely human-generated
WV_2021_5655c73ca7d947b6fee5e9d2e776f47c.html.gz,1.0384615659713745,Most likely human-generated
WV_2021_adfc2c4d7ad4616eb00b1140378a8b8b.html.gz,1.0699588060379028,Most likely human-generated
