Link,Score,Prediction
NC_2020_29f47b0372a0c3ae4648cd40c5e78131.html.gz,0.9506173133850098,Most likely human-generated
NC_2020_635eec9c9b5c57e61a6fb29fa9d78fa2.html.gz,0.9234693646430969,Most likely human-generated
NC_2020_9744ec57af773597df83989dde29aa7e.html.gz,0.956250011920929,Most likely human-generated
NC_2020_d10a8a163e2676f73eafc6012db79cb6.html.gz,0.8909952640533447,Most likely human-generated
NC_2020_d8f2b402209730ebfc84b881001c84aa.html.gz,1.0189872980117798,Most likely human-generated
NC_2020_e66fc1deb96feddb675a232d60eb3946.html.gz,0.9107142686843872,Most likely human-generated
