Link,Score,Prediction
AL_2021_5414082e613662d069bf6866b820b2d3.html.gz,1.0566037893295288,Most likely human-generated
AL_2021_5dcdd6ca4529404d3c1d8a48eecdfb09.html.gz,0.75,Most likely AI-generated
AL_2021_6458e1c96617675cf803eeef7752216d.html.gz,0.921875,Most likely human-generated
AL_2021_6533eb592350359a59b698c61dd28cbb.html.gz,1.0215827226638794,Most likely human-generated
AL_2021_76189af6b23562c4735d9ddbe23b5583.html.gz,0.932539701461792,Most likely human-generated
AL_2021_aa77749fc5f6a9642317d3492db6a5c0.html.gz,0.8678414225578308,Most likely human-generated
AL_2021_c3685dadaa9ff57b2ec5afca81122b31.html.gz,0.9375,Most likely human-generated
AL_2021_c83cbd4b3b86874a1f98ef1367f09a4e.html.gz,0.9629629850387573,Most likely human-generated
AL_2021_d72fe7fc7914cd58647ae997f4315cab.html.gz,0.8876811861991882,Most likely human-generated
