Link,Score,Prediction
LA_2022_15bdf6ae022a6daf0bac90b680b73f8d.html.gz,0.9503105878829956,Most likely human-generated
LA_2022_2ec9328a746dbf877d24b16ea549967e.html.gz,0.9308176040649414,Most likely human-generated
LA_2022_643cd188c6e8ba6cde1c888468d6f521.html.gz,1.0,Most likely human-generated
LA_2022_6a349937a2cd4ce88de7212b4928c692.html.gz,0.9933333396911621,Most likely human-generated
LA_2022_7cd246281212981b27aaca5ca8179cbe.html.gz,0.9939758777618408,Most likely human-generated
LA_2022_88ae81fae216c239eb8d616a2fb03482.html.gz,0.9772727489471436,Most likely human-generated
LA_2022_b8e43061cfaf907e3fbbbe6750d52ecc.html.gz,1.0,Most likely human-generated
LA_2022_c93028d704930a91a8de4d7bb22cd885.html.gz,0.9933333396911621,Most likely human-generated
LA_2022_e9c569a0fec75c1b0c968f70f0dd7292.html.gz,0.9808917045593262,Most likely human-generated
