Link,Score,Prediction
AR_2021_204e82af5693a1ce90e15de12cc94ab5.html.gz,0.9805194735527039,Most likely human-generated
AR_2021_314e143879ae14f16d577a2eff991451.html.gz,0.9620253443717957,Most likely human-generated
AR_2021_e1d9b6b23c87630250d1223201ce496c.html.gz,0.9378882050514221,Most likely human-generated
