Link,Score,Prediction
MO_2020_3a58f8d33c4504aff4a774e90898acd6.html.gz,0.978723406791687,Most likely human-generated
MO_2020_3c67c2a0df98a74a30cb11700664ca5a.html.gz,0.9440298676490784,Most likely human-generated
MO_2020_5434e4c550df00fb44adb158fe665e83.html.gz,0.9862068891525269,Most likely human-generated
MO_2020_69f9055dcd3a9a70abd0a46eac81f5a7.html.gz,0.9647887349128723,Most likely human-generated
MO_2020_719bf0bfd563fda0449740416ecd5cd4.html.gz,1.0062111616134644,Most likely human-generated
MO_2020_adf7ee8d78930b30cee144a941b3bc64.html.gz,0.9319728016853333,Most likely human-generated
