Link,Score,Prediction
TX_2020_80d75200bafbca052f79074d9f6f32d6.html.gz,1.0573248863220215,Most likely human-generated
TX_2020_9ad1d7a77931b3651ccd4d1f4c732391.html.gz,0.9924242496490479,Most likely human-generated
TX_2020_d839fd9e322dc905c2c523248c5289e4.html.gz,1.0119760036468506,Most likely human-generated
