Link,Score,Prediction
NJ_2020_63359f65964d788ff151dd4d4f2d9d5e.html.gz,1.0379747152328491,Most likely human-generated
NJ_2020_bc78efb9e50ddc4e5d8fa62749f6b5ae.html.gz,1.0068964958190918,Most likely human-generated
NJ_2020_d52184af84fae3b084e95d28811e7295.html.gz,1.0116279125213623,Most likely human-generated
NJ_2020_f5feda2980df1d9395d1c7aca1a707c9.html.gz,1.0099999904632568,Most likely human-generated
