Link,Score,Prediction
AK_2021_0f4cf692f6e93a72d2421e45c2b1cd67.html.gz,1.0188679695129395,Most likely human-generated
AK_2021_62cef94eb1294a0d6b4633e73d0ffe66.html.gz,0.9451219439506531,Most likely human-generated
AK_2021_8f375827012b5a777a8f7ccd7c7cde40.html.gz,1.03125,Most likely human-generated
AK_2021_9eca5589e73139ebea4d32b464d699d0.html.gz,0.978723406791687,Most likely human-generated
AK_2021_c7cba8317ce124bc9ce22adc55e37a51.html.gz,0.8905109763145447,Most likely human-generated
AK_2021_ce6ce357cdce421693c80d1d6ee2901c.html.gz,0.9857142567634583,Most likely human-generated
AK_2021_d0be5d9ff93f6b6d9ce1960ce11c34c4.html.gz,1.0193548202514648,Most likely human-generated
