Link,Score,Prediction
MT_2020_844444a75ed1967f92afbeaf212a87ba.html.gz,0.9862068891525269,Most likely human-generated
MT_2020_9c126bb400d212ba41e446a297149589.html.gz,1.0451127290725708,Most likely human-generated
MT_2020_d94eea4e9b7f9461b7a5dd5426366d34.html.gz,0.9810126423835754,Most likely human-generated
