Link,Score,Prediction
ME_2020_390306cf074f14f5076c7341c0633ea4.html.gz,0.9696969985961914,Most likely human-generated
ME_2020_4a73a14c1061681016c095a0965117e2.html.gz,1.0176470279693604,Most likely human-generated
ME_2020_7d2ae7561e3ff247f6f9716f2de7bc3c.html.gz,0.9599999785423279,Most likely human-generated
ME_2020_d386c142b8c92238ff3ea52224b31d30.html.gz,0.9740259647369385,Most likely human-generated
