Link,Score,Prediction
SD_2022_49b3a6207dae1cf996652fc2afcf3dc2.html.gz,1.0072993040084839,Most likely human-generated
SD_2022_626eb7419b1549f61eaccda19f69ae00.html.gz,1.057692289352417,Most likely human-generated
SD_2022_80c0c0d657e74e906a24974f4f7944c2.html.gz,1.045714259147644,Most likely human-generated
SD_2022_c4ba8141d0df65641a8a192c56118bc9.html.gz,0.9671052694320679,Most likely human-generated
SD_2022_c999a79ee48343047a1f1507dcd59251.html.gz,0.9589040875434875,Most likely human-generated
SD_2022_f4fbcdef58113e1d67d96b134e9054f7.html.gz,1.0723683834075928,Most likely human-generated
