Link,Score,Prediction
KS_2020_034bf74c039fd26d0d9ec66f5e8fbb08.html.gz,0.9503105878829956,Most likely human-generated
KS_2020_557b7fcfaa910c6fc200d4f47148e8bb.html.gz,0.9757575988769531,Most likely human-generated
KS_2020_586a60d2f3bf1db8dcf75a5f15f6156b.html.gz,1.0199999809265137,Most likely human-generated
KS_2020_81cd6b2dd7e129962b2e44973ba3c9b9.html.gz,0.9947090148925781,Most likely human-generated
KS_2020_9f336cfd4293c37063ee0e18dcf4d3b0.html.gz,0.9583333134651184,Most likely human-generated
KS_2020_e22bfd466791286f94cf353ed5b9e4a3.html.gz,0.9710144996643066,Most likely human-generated
