Link,Score,Prediction
PA_2021_19388f40e940410190611c65f339b5f0.html.gz,1.0160000324249268,Most likely human-generated
PA_2021_7a9c0df7b94a93f833a24ec304de4410.html.gz,1.0208333730697632,Most likely human-generated
