Link,Score,Prediction
PA_2021_218907577bf165f5cd4cb4048a820eef.html.gz,0.9555555582046509,Most likely human-generated
PA_2021_36b0729274b63775fef347e940cc545f.html.gz,1.0070922374725342,Most likely human-generated
PA_2021_3f60dd4ce4b2d8b220b3275cfd4d4b4c.html.gz,1.0399999618530273,Most likely human-generated
PA_2021_57903c65afa3633e961b1a1b6c732950.html.gz,0.9107142686843872,Most likely human-generated
PA_2021_65a01f44b9cf94127f91e8ba1b3c3b40.html.gz,0.9220778942108154,Most likely human-generated
PA_2021_9c7a4673fea0f3e268963779a14abd23.html.gz,0.9710982441902161,Most likely human-generated
PA_2021_e6b006ac1ec4786f0898ffff2e06ee18.html.gz,0.9351145029067993,Most likely human-generated
