Link,Score,Prediction
GA_2021_b2c5c672a80c453a61ba1e40a2132370.html.gz,0.935251772403717,Most likely human-generated
GA_2021_f7eaa4a73dc897248430c70b0c478454.html.gz,0.9629629850387573,Most likely human-generated
GA_2021_fad09f02ccfa373c4396757fd78f966a.html.gz,1.0522875785827637,Most likely human-generated
