Link,Score,Prediction
SD_2020_14037f77d2f7e1d5b62e4cc4157bda35.html.gz,0.9591836929321289,Most likely human-generated
SD_2020_1dd96e7578c3308c4882c30baade36da.html.gz,1.0253164768218994,Most likely human-generated
SD_2020_6214ec0b8fa103cec40d160a1198e5b4.html.gz,0.9912663698196411,Most likely human-generated
SD_2020_7cd5e8fac786753c1e07ddd54dd13317.html.gz,1.0444444417953491,Most likely human-generated
SD_2020_b0dd293d307f84de284150fd6beefd35.html.gz,1.0242424011230469,Most likely human-generated
SD_2020_de8a111a07b45965dd1b88299cf40862.html.gz,1.0278884172439575,Most likely human-generated
