Link,Score,Prediction
NE_2020_0b90c3280cbb544556e6db1d788bed5e.html.gz,1.0068964958190918,Most likely human-generated
NE_2020_5add32961398f3b5346d10a343afa84d.html.gz,0.9166666865348816,Most likely human-generated
NE_2020_6b666fe6fb140368c75a5c21146de0b7.html.gz,0.9338235259056091,Most likely human-generated
NE_2020_9c40e15f42a8a95d626227692e933de7.html.gz,0.9701492786407471,Most likely human-generated
NE_2020_eca1da31c8bf4bdfe5369c3d4e338d67.html.gz,0.9850746393203735,Most likely human-generated
NE_2020_fd79fb37fc40aef15fb4b57fb77c61e0.html.gz,1.0070422887802124,Most likely human-generated
