Link,Score,Prediction
DE_2021_068c72e5e88f6ea60a3e64017be6352d.html.gz,1.0067113637924194,Most likely human-generated
DE_2021_4b6e2ba74b5040e4296a9baaefb9934f.html.gz,1.0426828861236572,Most likely human-generated
DE_2021_4c81dd318c3a17a740fc10376b50986c.html.gz,0.9558823704719543,Most likely human-generated
DE_2021_6ff047b0c61b930a414801c7cf865096.html.gz,0.9111111164093018,Most likely human-generated
DE_2021_b805e083be1b93c43cbe032ed943ce15.html.gz,1.014814853668213,Most likely human-generated
DE_2021_dfb0956d2370f6ed4ce480f680195364.html.gz,0.9797297120094299,Most likely human-generated
DE_2021_e403b8a86804cb059e2911e57ba6b3df.html.gz,1.0,Most likely human-generated
DE_2021_f03012baaa8652776d738d8f5825fcd9.html.gz,0.9692307710647583,Most likely human-generated
