Link,Score,Prediction
NH_2022_07856904fb1df8daa9740c0b24e2add0.html.gz,1.0817610025405884,Most likely human-generated
NH_2022_4c3fd99029e45f5ac6841b8a27cc4650.html.gz,0.9589040875434875,Most likely human-generated
NH_2022_78e4a7f53a7d57aa6394e61979ffa443.html.gz,1.0810810327529907,Most likely human-generated
NH_2022_a3e2ae77af6b979b43ce3b41fd49e0b4.html.gz,1.024999976158142,Most likely human-generated
NH_2022_c05463e5a136359c509df81ed926f28d.html.gz,1.024999976158142,Most likely human-generated
NH_2022_c838ca6c4dbae4ac9d5585656182006c.html.gz,1.0535714626312256,Most likely human-generated
