Link,Score,Prediction
WI_2020_0148d17453189d5f11933c1d1f4b9551.html.gz,1.0700637102127075,Most likely human-generated
WI_2020_088d4cadde3e7e93f914666694711091.html.gz,0.9802631735801697,Most likely human-generated
WI_2020_1429d2bac03e1abd1af2daaad1f8d060.html.gz,1.0072993040084839,Most likely human-generated
WI_2020_21c5095d7c52e10d6d1117ed9d4b167d.html.gz,1.0,Most likely human-generated
WI_2020_361f74854a486c6e707ca37aa9ce68dd.html.gz,0.9580838084220886,Most likely human-generated
WI_2020_784787204af20306b3f773a10841b4eb.html.gz,0.8993710875511169,Most likely human-generated
WI_2020_808df041e4d4df2708daa1c0db3b54a3.html.gz,1.034482717514038,Most likely human-generated
