Link,Score,Prediction
VA_2022_227e496d4107886610a3ad5ee8b8313c.html.gz,1.059259295463562,Most likely human-generated
VA_2022_474f9d2417aa5f7be642c273e0cb3e68.html.gz,0.9534883499145508,Most likely human-generated
VA_2022_946a76115a19df2d81b647487059a3e4.html.gz,0.9629629850387573,Most likely human-generated
VA_2022_f74e3e3d1dd99e815abaf7a090df9038.html.gz,1.0120967626571655,Most likely human-generated
