Link,Score,Prediction
NY_2021_019603d301b30a1372fe431cffd0611e.html.gz,0.9793103337287903,Most likely human-generated
NY_2021_1ba3c031914eb2609a8dc78bd952e98c.html.gz,1.0441988706588745,Most likely human-generated
NY_2021_61cb046ffb63fc3dd918db06954e821c.html.gz,0.9934640526771545,Most likely human-generated
NY_2021_864cf0676eca4ad8c7387d6cf5c3b573.html.gz,0.981249988079071,Most likely human-generated
NY_2021_c1157e8415d8065ef511d44eed401b54.html.gz,1.0338983535766602,Most likely human-generated
NY_2021_d23e08a8f9ad9768c5e2af7b420d82b6.html.gz,0.9526627063751221,Most likely human-generated
