Link,Score,Prediction
GA_2020_3c6059776c00ef9a30aebe34ffb21885.html.gz,0.9800000190734863,Most likely human-generated
GA_2020_6056fe2b98e81bd6a05e1f733437d235.html.gz,1.0,Most likely human-generated
GA_2020_641b758e710c94dc0b0792b3415db990.html.gz,0.9236640930175781,Most likely human-generated
GA_2020_660de9cd9ee05dfc3d3bf28844a841ef.html.gz,1.021897792816162,Most likely human-generated
GA_2020_ce82e1baabfb55c43b4cbc74aef28ceb.html.gz,0.9743589758872986,Most likely human-generated
GA_2020_def6af9a39ddb5a02ce6731e07209cb0.html.gz,0.9880239367485046,Most likely human-generated
GA_2020_e402244c722cf14e616bd27af9146cc2.html.gz,0.9817073345184326,Most likely human-generated
