Link,Score,Prediction
AL_2022_020f1614fd57002328fab4cbb098ee2f.html.gz,0.9718309640884399,Most likely human-generated
AL_2022_0696dd2c49ba2ce4b7c06af4e355cf02.html.gz,0.9863013625144958,Most likely human-generated
AL_2022_2f9f425bd667b2afe3eee342786a8503.html.gz,0.9794520735740662,Most likely human-generated
AL_2022_4c62324b3022aa20c84688f0f5672c0c.html.gz,0.9490445852279663,Most likely human-generated
AL_2022_509c01103c033dd2af075691c0ebaa41.html.gz,0.9637681245803833,Most likely human-generated
AL_2022_6764321aaf5a578d620578a4727cea94.html.gz,1.0073529481887817,Most likely human-generated
AL_2022_90155d364a410bb5d42f67668a7bd923.html.gz,1.024844765663147,Most likely human-generated
