Link,Score,Prediction
MO_2022_46b112c98fe1048f88090cd0339d6074.html.gz,1.0150753259658813,Most likely human-generated
MO_2022_470291ebccff0ab9f5784ea9108cd37c.html.gz,1.0559440851211548,Most likely human-generated
MO_2022_6419daad871871f426e6ead3466dc50d.html.gz,1.024271845817566,Most likely human-generated
MO_2022_9785227bbc65c19e747eab41f43dff97.html.gz,0.9657142758369446,Most likely human-generated
MO_2022_e9d42bc05249b92c62affb2a7f341990.html.gz,0.9047619104385376,Most likely human-generated
