Link,Score,Prediction
OR_2020_1226aa97613bb5d5b2d0e0df6e6fa125.html.gz,0.9942196607589722,Most likely human-generated
OR_2020_c9c61405204c0d3d17e6fa2c24328517.html.gz,0.9729729890823364,Most likely human-generated
