Link,Score,Prediction
ND_2022_586945ef091cbaf08f623c7d7f8a845b.html.gz,1.0214285850524902,Most likely human-generated
ND_2022_a74e7a82723cbc0821134a735ce18ca9.html.gz,1.0211267471313477,Most likely human-generated
