Link,Score,Prediction
AL_2020_1a0426dc6fabc6f3a57d771534ec2411.html.gz,1.0105262994766235,Most likely human-generated
AL_2020_79c299dace7444d36b2a9c19ffe7df0d.html.gz,1.0714285373687744,Most likely human-generated
AL_2020_8124c9fa2268ea444d2a0e60542a4527.html.gz,1.0176470279693604,Most likely human-generated
AL_2020_b4707929ef42dd40df1a45127baef20e.html.gz,0.9671052694320679,Most likely human-generated
