Link,Score,Prediction
NJ_2021_3ea7633c90253315acbd27e46b8c4a93.html.gz,1.0555555820465088,Most likely human-generated
NJ_2021_4717f2c3bb2c9a542585b78150d51c1c.html.gz,1.0073529481887817,Most likely human-generated
NJ_2021_7a2cd543ecd727b5c675706fa6656620.html.gz,1.0073529481887817,Most likely human-generated
