Link,Score,Prediction
SC_2021_209faa7603eb895fdd165ac44318f628.html.gz,1.006250023841858,Most likely human-generated
SC_2021_36d846b46a77dcc56490cecb436acab0.html.gz,1.0272108316421509,Most likely human-generated
SC_2021_79b5cc745e96faa6913c9ff9765f2108.html.gz,0.913294792175293,Most likely human-generated
SC_2021_8f8398020eb72b965a7577eb7d6d571c.html.gz,1.0526316165924072,Most likely human-generated
SC_2021_e7b9f0a8780aee11ba9f91f5fd193aee.html.gz,0.9305555820465088,Most likely human-generated
