Link,Score,Prediction
DC_2021_56b2208fcb2efdb6cd58821955f7ff3a.html.gz,1.1206896305084229,Most likely human-generated
DC_2021_61848157c827d9c4aa04d2a29462bb2e.html.gz,1.012195110321045,Most likely human-generated
DC_2021_7ef23aa9a7594eccb000c2e5bba383e0.html.gz,1.0,Most likely human-generated
DC_2021_aa160d4eb177a9603c10eb8b22a0214b.html.gz,1.0116958618164062,Most likely human-generated
DC_2021_d5420d2c24ecfd945710ccc35640aae8.html.gz,0.9941520690917969,Most likely human-generated
DC_2021_e376480a358b306fa8113480ae1c2436.html.gz,1.0418410301208496,Most likely human-generated
DC_2021_ed1aec2c7044ca578f7fb22af1101441.html.gz,0.9541984796524048,Most likely human-generated
