Link,Score,Prediction
ME_2022_3c3bee2f708dabfec31406eac7d35708.html.gz,1.0068026781082153,Most likely human-generated
ME_2022_4c8a6ac518d71998e319c784cd44d9fb.html.gz,1.0,Most likely human-generated
ME_2022_a2b2b2b3769d1b6e9a9a65aaff29309e.html.gz,0.9655172228813171,Most likely human-generated
ME_2022_b6c4ad32234a1086607b14a2a08f2de2.html.gz,0.925000011920929,Most likely human-generated
ME_2022_c435d933a1313e86fa56be643f689593.html.gz,1.0310559272766113,Most likely human-generated
