Link,Score,Prediction
SD_2020_42ef2ceb1257a056a6b76fa1a1306617.html.gz,1.0696202516555786,Most likely human-generated
SD_2020_4f1a312742f1787b083e9524a5034d93.html.gz,0.8933333158493042,Most likely human-generated
SD_2020_539f0205a628378e1808f26b77b65ce3.html.gz,1.0125000476837158,Most likely human-generated
SD_2020_5dfeca17add739a336ca02cff3a42836.html.gz,0.9166666865348816,Most likely human-generated
SD_2020_aa59ffa0c784e4e6e6f66eadf2f5e888.html.gz,1.0266666412353516,Most likely human-generated
SD_2020_b9f4e59d8d3b18e937c50b6103e5ffa8.html.gz,0.9452054500579834,Most likely human-generated
SD_2020_c5b0d75f1d775166e8b08150886dce02.html.gz,0.9756097793579102,Most likely human-generated
SD_2020_cd199c6eab690ae445a068d8c4c70f92.html.gz,0.9801324605941772,Most likely human-generated
SD_2020_e4fc506c8ac63f437c0865cf6122dcd7.html.gz,1.0263158082962036,Most likely human-generated
