Link,Score,Prediction
MT_2022_23c5470283cbe22ad46c558f19bcce4c.html.gz,0.9865771532058716,Most likely human-generated
MT_2022_8e4b289511da2f61b37ae89c674666b1.html.gz,1.0327868461608887,Most likely human-generated
MT_2022_bf01498efd47956c02fe888128b18e80.html.gz,0.9536423683166504,Most likely human-generated
