Link,Score,Prediction
AK_2021_675d005998b8f724814e5977c3bcd528.html.gz,1.0,Most likely human-generated
AK_2021_ac9bc3ce227d134cc8693b260e42d169.html.gz,0.9142857193946838,Most likely human-generated
AK_2021_d12d3015590722a82503d6de04ab8df8.html.gz,1.0182926654815674,Most likely human-generated
AK_2021_fa87ede2fbb259b9df7483d28b1f4f52.html.gz,0.969924807548523,Most likely human-generated
