Link,Score,Prediction
ID_2022_0b9114c536fe6a57c485e367ae65e6e9.html.gz,0.969924807548523,Most likely human-generated
ID_2022_66b4b1c1812a82505dd13154f5b7561f.html.gz,1.024844765663147,Most likely human-generated
ID_2022_a3eec943e608d39f859b9a750a8bbbd9.html.gz,1.0714285373687744,Most likely human-generated
ID_2022_f5bafa2fd5176b8a34161060afa2f475.html.gz,0.939393937587738,Most likely human-generated
ID_2022_f660cd3226aaa93105d8ba587aa8f292.html.gz,0.9607843160629272,Most likely human-generated
ID_2022_ff91f50db30f2d3163ae7fe45470889e.html.gz,1.0109890699386597,Most likely human-generated
