Link,Score,Prediction
OH_2022_9db1c7bf589bba2196dbf01502f90348.html.gz,0.9729729890823364,Most likely human-generated
OH_2022_b6f7e3ea2fb2626adca659dba6b582a5.html.gz,0.9929078221321106,Most likely human-generated
OH_2022_babd6ee83eb7b741371465e7c052f904.html.gz,1.057692289352417,Most likely human-generated
OH_2022_bea77977f1008d5252cb8bfd7e193fc2.html.gz,1.0451127290725708,Most likely human-generated
OH_2022_ff333c13c0465ac95e7d5855b17d234a.html.gz,1.0839694738388062,Most likely human-generated
