Link,Score,Prediction
DE_2021_316883bf72df029ca849499f62b19d5f.html.gz,1.0441988706588745,Most likely human-generated
DE_2021_6631ab4ae741d6646513c4456878cb69.html.gz,1.0456852912902832,Most likely human-generated
DE_2021_e2c431c4341180c5261d81f09f52841d.html.gz,0.9789473414421082,Most likely human-generated
