Link,Score,Prediction
MI_2021_3848a9ee9eb54cadac9fc67db3e52385.html.gz,0.9885057210922241,Most likely human-generated
MI_2021_b3635bea88709ff238edc99e9d15f44b.html.gz,0.9791666865348816,Most likely human-generated
MI_2021_d57132ff90a454731ed0630cedb1091e.html.gz,1.0253164768218994,Most likely human-generated
