Link,Score,Prediction
AR_2020_114772d3c45c2f66600c0f84af998aaa.html.gz,1.0135135650634766,Most likely human-generated
AR_2020_2de829aad24880e0a2cf8684a45b4226.html.gz,0.9740259647369385,Most likely human-generated
AR_2020_680a2f252c5d568fa5e792c737474a5b.html.gz,0.9868420958518982,Most likely human-generated
AR_2020_96450b645521a185b474dd75214e023c.html.gz,0.9416058659553528,Most likely human-generated
AR_2020_98b365fc9fa9a4d6746a4cb95454030e.html.gz,1.0155038833618164,Most likely human-generated
AR_2020_ba59f51afc73a62abe93516fcfc74cfb.html.gz,1.0,Most likely human-generated
AR_2020_d0f6164d6c03e1b033e343e3ff50931c.html.gz,1.0225564241409302,Most likely human-generated
