Link,Score,Prediction
AR_2021_11339726db5ce938e88ed8591b62e56f.html.gz,0.9032257795333862,Most likely human-generated
AR_2021_79fde6f6049fa39beebaffa4a0694066.html.gz,0.951127827167511,Most likely human-generated
AR_2021_a7a04a11c99130f859e3a10db449b7ff.html.gz,1.0340136289596558,Most likely human-generated
AR_2021_c8f7f7c8d1f570eaec5e38cf401c4239.html.gz,1.0261437892913818,Most likely human-generated
AR_2021_f682de8274088ee4b26dd635986edcbf.html.gz,0.9937499761581421,Most likely human-generated
