Link,Score,Prediction
NY_2022_0d86b6aab233c4f2fdb196228a7419cc.html.gz,1.0357142686843872,Most likely human-generated
NY_2022_2178d40bce9f506ddb99c9f842049df3.html.gz,0.9818181991577148,Most likely human-generated
NY_2022_7aa2a44931e3cb511901c6ad80faa656.html.gz,1.042553186416626,Most likely human-generated
NY_2022_96951d29c7549d5ff06a6a79ae252446.html.gz,1.0816326141357422,Most likely human-generated
