Link,Score,Prediction
SD_2020_b84135555854e48d570b8d463fc06ff7.html.gz,0.9716312289237976,Most likely human-generated
SD_2020_cb6d261310d3dee131a9eb4536efff52.html.gz,1.0206611156463623,Most likely human-generated
