Link,Score,Prediction
UT_2022_6e5de4d4e839ad004e784b38aebd7fc2.html.gz,0.9722222089767456,Most likely human-generated
UT_2022_83b253387d71f489275f1cf45979a47c.html.gz,1.0070422887802124,Most likely human-generated
UT_2022_90086cb47f1cd169c3f960eea6de0a90.html.gz,0.9482758641242981,Most likely human-generated
