Link,Score,Prediction
CO_2022_4028a94690a0cd876f6a5b2f888b2d97.html.gz,0.9473684430122375,Most likely human-generated
CO_2022_542860e71ded1ea434dbe01c4eebaf5b.html.gz,1.0192307233810425,Most likely human-generated
CO_2022_58555204e995c795487e182bbce63458.html.gz,1.0070422887802124,Most likely human-generated
CO_2022_8538a85a836a6ca70752137d1df0f5f1.html.gz,1.0,Most likely human-generated
CO_2022_a1ed3a3492878532d03b4e72aee08ac8.html.gz,1.0117647647857666,Most likely human-generated
CO_2022_cb792ad01c4ebce6d5e4a1bd48c5960a.html.gz,0.9444444179534912,Most likely human-generated
