Link,Score,Prediction
MN_2022_0c30a91ffb0f780d566204ca327dc7d5.html.gz,1.0046948194503784,Most likely human-generated
MN_2022_2fceae7bf8c1cab27db06d2b13b74018.html.gz,1.0662983655929565,Most likely human-generated
MN_2022_904d3d9440735d044dac51f405445961.html.gz,1.034883737564087,Most likely human-generated
MN_2022_97dc8f481913bbac9dcf2dd98a9302a4.html.gz,0.9776119589805603,Most likely human-generated
MN_2022_d8c9b176fe8a52487a15a063578b9fa6.html.gz,0.9931034445762634,Most likely human-generated
MN_2022_db621c1068001739990143f9c3cd96d1.html.gz,1.0059880018234253,Most likely human-generated
MN_2022_ddddb758949e7f859ff47e418a548913.html.gz,0.9790209531784058,Most likely human-generated
MN_2022_f3f8eecfc094469f7321324f7ab21cdc.html.gz,1.0972222089767456,Most likely human-generated
