Link,Score,Prediction
CA_2020_16f6dc4e7265c3952ca966913a0c21a4.html.gz,1.0514285564422607,Most likely human-generated
CA_2020_3f3bc70b23e07836aa3e9c6173156269.html.gz,0.970370352268219,Most likely human-generated
CA_2020_5d82e15abe673a05ffd5be188b0508cf.html.gz,0.9650349617004395,Most likely human-generated
CA_2020_6af0b137c8ebad58a8a0806351aec94d.html.gz,1.0791367292404175,Most likely human-generated
