Link,Score,Prediction
KY_2021_3d087693ba91954fbb164e4c0743fcca.html.gz,1.0122699737548828,Most likely human-generated
KY_2021_451fa7ab285030b163889bcba02b1e7e.html.gz,1.0489130020141602,Most likely human-generated
KY_2021_5a67323065fad3fd4fa65503ff262bc1.html.gz,0.9290780425071716,Most likely human-generated
KY_2021_75c31bbc1cb7ab3e057e986242818b5e.html.gz,1.0188679695129395,Most likely human-generated
KY_2021_a1071cc72e8c74eaff18da9c7d0a3ea4.html.gz,1.0,Most likely human-generated
KY_2021_a41786faf4e02b14a695c4ef9085842e.html.gz,0.9824561476707458,Most likely human-generated
KY_2021_a48494b39dc4b2dd6ef02b33f467597b.html.gz,1.012195110321045,Most likely human-generated
KY_2021_c9f1616ca142ff6af2839c5e14415ad1.html.gz,1.0182926654815674,Most likely human-generated
