Link,Score,Prediction
CT_2020_12b456e05f68fa9bf27b2d8a10e8c8a2.html.gz,1.0105262994766235,Most likely human-generated
CT_2020_801a0d9333005df75950a1f872ff07df.html.gz,0.9932885766029358,Most likely human-generated
