Link,Score,Prediction
ID_2020_1b58d7f1dc1574c28f9d4d7be204f303.html.gz,1.0277777910232544,Most likely human-generated
ID_2020_7af3fc39ee1ffa379446290e6cbd7897.html.gz,1.0671141147613525,Most likely human-generated
ID_2020_d1c2324a04859e45bf8aa73471656170.html.gz,1.0634146928787231,Most likely human-generated
ID_2020_e88f755bf2f414c35128b9221ee8d076.html.gz,1.0573248863220215,Most likely human-generated
ID_2020_ebe78248457ed779b99a1c25d53da225.html.gz,0.987500011920929,Most likely human-generated
