Link,Score,Prediction
MO_2022_1c6214f2c2d9a3c1b69841bc1ae08933.html.gz,0.9527559280395508,Most likely human-generated
MO_2022_76e4303f9fa69e67f98d9141b5305e79.html.gz,0.9691358208656311,Most likely human-generated
MO_2022_b3b7335189e161efb6c8c322a34b2ec4.html.gz,1.0140844583511353,Most likely human-generated
MO_2022_b7b35635ca06d71eccafb92931dd8e87.html.gz,1.0391061305999756,Most likely human-generated
MO_2022_dca645775465c21c2e8b1d686be44008.html.gz,1.0075757503509521,Most likely human-generated
