Link,Score,Prediction
LA_2020_3c278e21230ca2709f37ef849d0e844c.html.gz,0.987730085849762,Most likely human-generated
LA_2020_41c110a1b411657f73336aff5931d7bd.html.gz,0.95652174949646,Most likely human-generated
LA_2020_76988739df38ec76d0e6837180297498.html.gz,0.9923076629638672,Most likely human-generated
LA_2020_91e59d8772594b8891d73a7dd7f7edb2.html.gz,0.9754601120948792,Most likely human-generated
LA_2020_932e926ad29ec32e993e32766732d9c7.html.gz,1.0289855003356934,Most likely human-generated
LA_2020_ad5db3169a9dbac26f57af033c0c2722.html.gz,0.9385964870452881,Most likely human-generated
LA_2020_d97d75cb186eeaebe9ab811797bd2d45.html.gz,1.0992366075515747,Most likely human-generated
LA_2020_d9b1aca7443a4c7012c4f562ec764d08.html.gz,1.0266666412353516,Most likely human-generated
LA_2020_e8c20019dc5c93f77863290a3c10b42c.html.gz,0.95652174949646,Most likely human-generated
