Link,Score,Prediction
NH_2020_1164720d7d1c2618ef98dfff423b77ff.html.gz,0.9664429426193237,Most likely human-generated
NH_2020_67c499eb87f963b66c9afd8ba3df5ef8.html.gz,1.0128204822540283,Most likely human-generated
NH_2020_78e4a7f53a7d57aa6394e61979ffa443.html.gz,1.0810810327529907,Most likely human-generated
NH_2020_8007d3afc0eb0903e94918afe70f3562.html.gz,1.0177514553070068,Most likely human-generated
