Link,Score,Prediction
OK_2020_113c4852beb06e97c57977c381441432.html.gz,0.9510489702224731,Most likely human-generated
OK_2020_3c7540feeef1183d3b44d7b4a9621da6.html.gz,1.0071429014205933,Most likely human-generated
OK_2020_4f6614aae363795ce4b2f42d8cb390aa.html.gz,0.9518072009086609,Most likely human-generated
OK_2020_b44a101cb74e9d0e6942b429f5efc097.html.gz,0.9959514141082764,Most likely human-generated
OK_2020_d08774e745d4164e8bd1f194787281c1.html.gz,0.9878787994384766,Most likely human-generated
OK_2020_d9e1826e7d346239fe326f0b089c4618.html.gz,0.9928571581840515,Most likely human-generated
OK_2020_ee3e809da439642067e3aa4a8d97a5c8.html.gz,0.9924812316894531,Most likely human-generated
OK_2020_ff288c2c43f801a3d896ba55a3353e87.html.gz,1.016853928565979,Most likely human-generated
