Link,Score,Prediction
OK_2022_4113b71f9a5780113e154a3fba3138ac.html.gz,1.0414201021194458,Most likely human-generated
OK_2022_5e93f71ecd851af718e760da436351d9.html.gz,0.9724137783050537,Most likely human-generated
OK_2022_7691497ced4a6afba27618f4b36f9f64.html.gz,1.0822784900665283,Most likely human-generated
OK_2022_88bc40fd0dd785ab903679dbeb31ae06.html.gz,0.951724112033844,Most likely human-generated
OK_2022_d8cf928451b8aadaaca645a849bd7069.html.gz,0.9867549538612366,Most likely human-generated
OK_2022_df953fbd862f2c12ece73602c39ba3eb.html.gz,0.9599999785423279,Most likely human-generated
OK_2022_efe70ef6287fbd007c4b133351254b0e.html.gz,1.0252525806427002,Most likely human-generated
