Link,Score,Prediction
IA_2020_2beaf3ddbd6f171fcb70cf813821b3bb.html.gz,0.985401451587677,Most likely human-generated
IA_2020_c32f97100913f0e74115545a2ae0839d.html.gz,0.9863945841789246,Most likely human-generated
IA_2020_c6972f38071fc6617bdad889124b985d.html.gz,1.0347222089767456,Most likely human-generated
