Link,Score,Prediction
MS_2021_16371f55354b03dfd610512b044db8e7.html.gz,1.004328966140747,Most likely human-generated
MS_2021_542f47c1d73d802f612f31732ab01a94.html.gz,1.0349650382995605,Most likely human-generated
MS_2021_65968ff2b3e85a75510a6661a9add420.html.gz,0.9372549057006836,Most likely human-generated
MS_2021_6ec58c8b1c96821c511df2806e23103d.html.gz,1.0202020406723022,Most likely human-generated
MS_2021_9db7f95bc251eff77f23c203ee46cf98.html.gz,1.0076335668563843,Most likely human-generated
MS_2021_ba538c82f3d1c5ccda692650f02bb92a.html.gz,0.9803149700164795,Most likely human-generated
