Link,Score,Prediction
GA_2021_1d211f52b71e07b9ec098afd389ec1e7.html.gz,0.9364162087440491,Most likely human-generated
GA_2021_27bea730d5c9cbe588b2789bf0377ae0.html.gz,0.9730769395828247,Most likely human-generated
GA_2021_5943ecae56ab12e400cb2360c3855e0c.html.gz,0.9364162087440491,Most likely human-generated
GA_2021_8f2fac6b1363d9eb1b70764c7ed6695c.html.gz,1.0065789222717285,Most likely human-generated
GA_2021_932887fb11035107fbaedfae7beb03d0.html.gz,1.0225988626480103,Most likely human-generated
GA_2021_eb847cee1739b2fa9b53906cd7b85c3e.html.gz,0.9735099077224731,Most likely human-generated
