Link,Score,Prediction
KY_2021_05e2233a4f2ac0c218317c1825246ef6.html.gz,1.0536912679672241,Most likely human-generated
KY_2021_12b9a9da758885b7fd1c69a4de23ddbe.html.gz,0.971222996711731,Most likely human-generated
KY_2021_3fe2c1140441bbe372f49a44abd90d3a.html.gz,1.034246563911438,Most likely human-generated
KY_2021_7897dc5dadca9dd53b11da34fb78768c.html.gz,0.9444444179534912,Most likely human-generated
KY_2021_92a0c275f960bf86809fa78757cb5e19.html.gz,1.034482717514038,Most likely human-generated
KY_2021_939799832c2ebbbe3c54c09966854e40.html.gz,0.9869281053543091,Most likely human-generated
KY_2021_a118c512ac045fb18c06f2a094725eb2.html.gz,0.9710144996643066,Most likely human-generated
KY_2021_b90e69a8527620bf5d087202e7d3ca40.html.gz,1.006622552871704,Most likely human-generated
KY_2021_dfaf9439046f7deff8e3745094e01bfb.html.gz,0.9627329111099243,Most likely human-generated
