Link,Score,Prediction
AL_2020_14655d4e3a6fc0ad8d81d1a772e8a883.html.gz,1.0,Most likely human-generated
AL_2020_18671b17aa41d3c7b4fe9cd707efec63.html.gz,1.034482717514038,Most likely human-generated
AL_2020_3720c4d06dc4080a5b3496bfc357eba3.html.gz,0.942307710647583,Most likely human-generated
AL_2020_4157de58e72c1539ef5a982a72a6345d.html.gz,1.0082987546920776,Most likely human-generated
AL_2020_9e1ab24023b051480bcc8a0669e1e48d.html.gz,0.957446813583374,Most likely human-generated
AL_2020_a6d44865e86615ced9f16035b3ca6b02.html.gz,1.0674846172332764,Most likely human-generated
AL_2020_a92286ba276c2dd23daa72702bdcf263.html.gz,1.0290697813034058,Most likely human-generated
AL_2020_c9633564db15d6cbc95932ab846db810.html.gz,1.0584795475006104,Most likely human-generated
AL_2020_dbe75d8af828366b7fc137b92ff40c70.html.gz,0.9932885766029358,Most likely human-generated
