Link,Score,Prediction
UT_2021_11a43c3363b01f0b8e4771ad6036e3a7.html.gz,1.0310077667236328,Most likely human-generated
UT_2021_b1292998f4dea5fcaf9d46a0a9904c71.html.gz,0.9589040875434875,Most likely human-generated
UT_2021_d3c636919259b8bda32632847a30a8af.html.gz,0.9431818127632141,Most likely human-generated
UT_2021_fe51d7ad402eacd6548ef3d7d200b636.html.gz,1.0116958618164062,Most likely human-generated
