Link,Score,Prediction
OR_2022_21690dcff7cd1e63b6259d9a2859c1f6.html.gz,0.976047933101654,Most likely human-generated
OR_2022_3363633c9ef9bfcd6c444013636593e1.html.gz,1.0522388219833374,Most likely human-generated
OR_2022_722b937f8263a5b822029107b6b341be.html.gz,0.9807692170143127,Most likely human-generated
OR_2022_a47f3e01fa5b0ce8b2ebba02f3eb6495.html.gz,1.0189872980117798,Most likely human-generated
OR_2022_bc49bbedeb5f1b3ac6d228f3c2f630b1.html.gz,1.0360825061798096,Most likely human-generated
