Link,Score,Prediction
IA_2022_28edf245af63df8730351270cb037ea4.html.gz,1.0134228467941284,Most likely human-generated
IA_2022_492e694916c8d53ed90d6103d23a5a96.html.gz,0.9793103337287903,Most likely human-generated
IA_2022_53848756ecd434cf2fb72022e07de868.html.gz,0.9473684430122375,Most likely human-generated
IA_2022_9367c537ae65f2fc497c76cd3c5438db.html.gz,1.0548779964447021,Most likely human-generated
IA_2022_abb21f12ba26dcd8831f612d67741320.html.gz,1.0072993040084839,Most likely human-generated
IA_2022_c376f3632eb815259296a25fb320d0b2.html.gz,0.9871244430541992,Most likely human-generated
IA_2022_ccf102895a952e78a54d7313e96bbce9.html.gz,1.0617283582687378,Most likely human-generated
IA_2022_dfca7b6392021e104a215bec7bf0e843.html.gz,0.9888888597488403,Most likely human-generated
