Link,Score,Prediction
UT_2022_34b671dccc354d10c88855d006ae2dcd.html.gz,0.9294871687889099,Most likely human-generated
UT_2022_36c2ddc0be27e7b7df8fa9404cd43143.html.gz,0.9469696879386902,Most likely human-generated
UT_2022_b7abe6d1e16f47701c039cf2664c3206.html.gz,1.057692289352417,Most likely human-generated
