Link,Score,Prediction
SC_2020_0ff2a8c931a1c3fb3dd3a4b9a6f07c1a.html.gz,0.9200000166893005,Most likely human-generated
SC_2020_a68796254362bb6a00a9094b1691989b.html.gz,0.9383561611175537,Most likely human-generated
