Link,Score,Prediction
WI_2022_3457638e5d30c50847f3b6533d0efccf.html.gz,1.0133333206176758,Most likely human-generated
WI_2022_3d5e6cc88523362c317b39e41e31e3b3.html.gz,0.971222996711731,Most likely human-generated
WI_2022_43f4fe6ef8d8a0eddd584ed4a0b43af9.html.gz,1.0441176891326904,Most likely human-generated
WI_2022_a6cd22b103a3713b19e87c9c06ab1553.html.gz,0.9469696879386902,Most likely human-generated
WI_2022_da00f9a5900501300b6c017e703b64e0.html.gz,0.9806201457977295,Most likely human-generated
WI_2022_dcf5225ae2fe0a689b4672534e322094.html.gz,1.0272108316421509,Most likely human-generated
WI_2022_fc2183625c3fa1ae26d4e7d94cfca26b.html.gz,1.045751690864563,Most likely human-generated
