Link,Score,Prediction
IL_2020_775c2ae238d201abad756bb1829419d1.html.gz,1.0145984888076782,Most likely human-generated
IL_2020_91b995fa6e73bf585780911733437238.html.gz,1.0282257795333862,Most likely human-generated
