Link,Score,Prediction
AZ_2020_16190b45625f5475d1762070b61031d8.html.gz,0.9346405267715454,Most likely human-generated
AZ_2020_2bee52beeedd82cd8064bc820c637315.html.gz,0.9948186278343201,Most likely human-generated
AZ_2020_636a35dbcf1488894a8be7bcf0d4f1d9.html.gz,0.9938650131225586,Most likely human-generated
