Link,Score,Prediction
WA_2022_072e011d857138620c30d56d7dc5dc2f.html.gz,1.0350877046585083,Most likely human-generated
WA_2022_12abd91379bc5936475787e323324095.html.gz,1.0,Most likely human-generated
WA_2022_2c86bd110335318417943cedb4472324.html.gz,1.01694917678833,Most likely human-generated
WA_2022_41536a067e6fb6dadea32a285a374c95.html.gz,1.0125000476837158,Most likely human-generated
WA_2022_618dbb5ae1a6a7f837569c45df5ecc2b.html.gz,1.0535714626312256,Most likely human-generated
WA_2022_6fd627033d9db389d49fb14f68306f8e.html.gz,0.9866666793823242,Most likely human-generated
