Link,Score,Prediction
WY_2022_425a0086d507ea20993799f1b59fc089.html.gz,0.970588207244873,Most likely human-generated
WY_2022_9d2c73b95e5c89f0935818baacf6ac08.html.gz,1.0201342105865479,Most likely human-generated
WY_2022_dec7e262852995115c1c145538c526c9.html.gz,1.0,Most likely human-generated
