Link,Score,Prediction
WY_2021_0b35586e967d648013fa68496d1aabac.html.gz,0.9642857313156128,Most likely human-generated
WY_2021_3ef030719cab8c39672fe9796b487cf8.html.gz,0.942307710647583,Most likely human-generated
