Link,Score,Prediction
KY_2022_0ec4a225d38ee9e9a322bf3561988641.html.gz,0.9798657894134521,Most likely human-generated
KY_2022_6166d0a3728b86f18d34069d1cb51150.html.gz,1.0202702283859253,Most likely human-generated
KY_2022_6769afeedbf7d87b89780354bb2866ad.html.gz,0.9416058659553528,Most likely human-generated
KY_2022_a0dddb81caba3ce51b739d07da3b71f0.html.gz,1.0061728954315186,Most likely human-generated
KY_2022_a221fdff2990789ea6a5fccb70aae22c.html.gz,1.0742857456207275,Most likely human-generated
KY_2022_b6acaf7e8d91e35bf05c07d3e2a65d63.html.gz,0.9470198750495911,Most likely human-generated
KY_2022_c34bbfc8918841f83277b68e0a85d710.html.gz,1.0219780206680298,Most likely human-generated
