Link,Score,Prediction
NY_2022_2c9b948cf9cb8966e8e8e3d9388a2e5e.html.gz,0.9873417615890503,Most likely human-generated
NY_2022_6e5d5cfc1611211282a733be4ef47c6f.html.gz,0.971222996711731,Most likely human-generated
NY_2022_81119192a0c4dd125c5b4ff05815753d.html.gz,0.9867549538612366,Most likely human-generated
NY_2022_88cbb6700a56ff486c2587618e193e0f.html.gz,1.0232558250427246,Most likely human-generated
NY_2022_d149e1bdf4e3435b04885c1d17bcc4ab.html.gz,1.0054644346237183,Most likely human-generated
