Link,Score,Prediction
OK_2021_040b71e864124eefb06ecea22491b4c0.html.gz,1.016853928565979,Most likely human-generated
OK_2021_198f670e111afc2ecf7e19362bb956bf.html.gz,1.0659340620040894,Most likely human-generated
OK_2021_8079a7feb0b25ddf6b6f48be3839dec6.html.gz,0.9722222089767456,Most likely human-generated
OK_2021_904394c71f397546c8c06e8641165605.html.gz,1.0270270109176636,Most likely human-generated
OK_2021_98cae437b8d99cbabdf069540848c902.html.gz,0.9797297120094299,Most likely human-generated
OK_2021_dfb59f4c2feef559b20c3662e1e26abb.html.gz,0.9256756901741028,Most likely human-generated
