Link,Score,Prediction
MO_2020_99d17a04c6d63782cabb6a148718b019.html.gz,0.9937499761581421,Most likely human-generated
MO_2020_a2353aedeca825766abc2d9698b3c484.html.gz,0.9166666865348816,Most likely human-generated
MO_2020_a4895e2a5c9de37e076224665c399cc3.html.gz,0.9849624037742615,Most likely human-generated
