Link,Score,Prediction
DE_2021_0c48b7f6023d6159ef8b82823de0e3bc.html.gz,0.9756097793579102,Most likely human-generated
DE_2021_19f9966e262f4bc367e717e00b158a82.html.gz,1.0671641826629639,Most likely human-generated
DE_2021_b017d3539245b360c67d35385a25a065.html.gz,1.0342856645584106,Most likely human-generated
DE_2021_b6e76ef444d6c5addb36012cfa2eedf0.html.gz,0.9934210777282715,Most likely human-generated
