Link,Score,Prediction
KY_2020_06e9eb9a4d44c9e18d16b35f82d52efe.html.gz,0.9555555582046509,Most likely human-generated
KY_2020_2dcc92a22621f055750a83cd2f1972e6.html.gz,0.9415584206581116,Most likely human-generated
KY_2020_76dd27c20fffa7ce78df4d68302bbaf0.html.gz,1.0153846740722656,Most likely human-generated
KY_2020_b8b4cc63f39075c3cf4c01892ba13d63.html.gz,1.0389610528945923,Most likely human-generated
