Link,Score,Prediction
NC_2020_0dfa4a5b2f9c96a2adb5e11de1c351e7.html.gz,0.9638554453849792,Most likely human-generated
NC_2020_c19c9e040b80165f6085280aaf3981f2.html.gz,1.0322580337524414,Most likely human-generated
NC_2020_de3a15cd1c05d6c0a3591e7da7a2ca02.html.gz,0.9415204524993896,Most likely human-generated
NC_2020_eb566ca1d28cd20786449914e260d76a.html.gz,0.9929078221321106,Most likely human-generated
NC_2020_f18eb52c4f6c8bf7b21bf5d4ef55b3e3.html.gz,1.0657894611358643,Most likely human-generated
