Link,Score,Prediction
MS_2020_6571985333901c954a95efb0161ab3bc.html.gz,0.9863013625144958,Most likely human-generated
MS_2020_6795caf6aa947127a2ab64206b3b8c95.html.gz,0.9748954176902771,Most likely human-generated
MS_2020_82e57cda355ec131d6352a7e8c6da11d.html.gz,0.9554139971733093,Most likely human-generated
MS_2020_87a3c7f4b6be4084ae6e781537c3350f.html.gz,0.978723406791687,Most likely human-generated
MS_2020_9c9dc55d0eb8e28afbe96465f2da9ac0.html.gz,0.9825581312179565,Most likely human-generated
