Link,Score,Prediction
IA_2022_30aa4bbd4f9832c8af0d0598b271a10b.html.gz,0.9370629191398621,Most likely human-generated
IA_2022_beb2b55b702d7f079e33471260859023.html.gz,1.0263158082962036,Most likely human-generated
