Link,Score,Prediction
FL_2020_028ddd1819e3b350efca746e62123248.html.gz,0.982758641242981,Most likely human-generated
FL_2020_3d9b2893d3323e417d0d3b4cd834a936.html.gz,1.0410256385803223,Most likely human-generated
FL_2020_43b0318865cddb6b896fad56d122f1e2.html.gz,0.9431818127632141,Most likely human-generated
FL_2020_634883b56716ca00ac12553959b08968.html.gz,1.0410256385803223,Most likely human-generated
