Link,Score,Prediction
FL_2022_3b522f7f06ba786e312fce50ce565527.html.gz,1.0263158082962036,Most likely human-generated
FL_2022_597c491810ab3f156f1eff39dd7bab82.html.gz,1.0443350076675415,Most likely human-generated
FL_2022_73706a239a8a82519c4ea080e8d1c8bb.html.gz,0.9440559148788452,Most likely human-generated
FL_2022_80831043e60f7d8c33a2a3a892e28e69.html.gz,0.9939758777618408,Most likely human-generated
FL_2022_809dd6f6e1920323fa536dbce5897dfa.html.gz,0.8950276374816895,Most likely human-generated
FL_2022_b572834c028ca8ddf9b72aa31a54b4bf.html.gz,1.04347825050354,Most likely human-generated
FL_2022_b58fe55bf6828cd77853fb90235e6748.html.gz,0.9731543660163879,Most likely human-generated
FL_2022_ddf2779af8ab453732566bc5b5c6ae6f.html.gz,1.0056818723678589,Most likely human-generated
