Link,Score,Prediction
VT_2021_14175b4900ecb92f9891c9343fe49c43.html.gz,0.9878048896789551,Most likely human-generated
VT_2021_23b3bf9f4722b0d3042d5ac46f6faa6d.html.gz,0.9929078221321106,Most likely human-generated
VT_2021_92b08a8feac2ad125018450cf2814af3.html.gz,1.0062893629074097,Most likely human-generated
VT_2021_a7b5e3ac5a86b2ddc5fabf66694aa717.html.gz,0.9463087320327759,Most likely human-generated
VT_2021_b8eab743c00dbc340288bae9e7105c35.html.gz,1.0365853309631348,Most likely human-generated
