Link,Score,Prediction
DC_2020_039a77e5b0cab215086746813f5391c2.html.gz,0.9497206807136536,Most likely human-generated
DC_2020_663f43f3483fefc3a7c7cf9c96e4a4fa.html.gz,0.9745762944221497,Most likely human-generated
DC_2020_6f5428fba38e27417fed1cd984776d36.html.gz,0.9647887349128723,Most likely human-generated
DC_2020_70e293239db1695dfb906cba06f783ea.html.gz,0.9832402467727661,Most likely human-generated
DC_2020_d0841b0b5b79895a3c64b8685edaadbe.html.gz,1.0231213569641113,Most likely human-generated
DC_2020_efd9368d50757c21841157772046582b.html.gz,0.9894737005233765,Most likely human-generated
DC_2020_fcb9e31d068c1bcf465ae3dac55b1d62.html.gz,1.0204081535339355,Most likely human-generated
DC_2020_ff4fa97a01ad8d59a6099c6a4350989d.html.gz,1.0555555820465088,Most likely human-generated
