Link,Score,Prediction
MT_2020_4d81c5382548d3f9231c854b9a315243.html.gz,0.9637681245803833,Most likely human-generated
MT_2020_67a259272ea893fc4d14b42039f36136.html.gz,0.9837398529052734,Most likely human-generated
MT_2020_7e8228627b98a08514f536b9f38ba568.html.gz,0.9647887349128723,Most likely human-generated
MT_2020_842931072cd8afddbc57832e14a85789.html.gz,1.0333333015441895,Most likely human-generated
MT_2020_9b8239f061aa82539d1a08cfac99c28b.html.gz,0.9357143044471741,Most likely human-generated
MT_2020_e95ca8e23d4b0c41e85416b7156635fb.html.gz,0.9536423683166504,Most likely human-generated
MT_2020_ea74ecb3f66131638d31e9b609ddb3e7.html.gz,0.9938271641731262,Most likely human-generated
