Link,Score,Prediction
ME_2021_055534941435976785b86c41e74668aa.html.gz,0.8841463327407837,Most likely human-generated
ME_2021_0fec715ee12711cb0a37afc0c0106c67.html.gz,0.9281045794487,Most likely human-generated
ME_2021_ee7194d8489ca43d2e985a037659fd18.html.gz,0.9194630980491638,Most likely human-generated
