Link,Score,Prediction
IL_2022_583f7aee1af643fd2878d668dedc6acc.html.gz,0.9698795080184937,Most likely human-generated
IL_2022_61df6c115f23824946f862f6885a9bdb.html.gz,1.0204081535339355,Most likely human-generated
IL_2022_921503907dab3d8203fbe123458422d4.html.gz,1.0671641826629639,Most likely human-generated
