Link,Score,Prediction
CA_2020_0d248d5e7336406acfda5940d255269f.html.gz,1.0085105895996094,Most likely human-generated
CA_2020_1850c99daf15666f272d1641dbe7d4fd.html.gz,1.023391842842102,Most likely human-generated
CA_2020_7ddca6408e49ec501d4b9ffce8301950.html.gz,0.9452054500579834,Most likely human-generated
CA_2020_c0b364a617ecab8e65e3ed798955bd17.html.gz,0.9789473414421082,Most likely human-generated
CA_2020_c3218648588ae8cec4db671d42e54c09.html.gz,1.0064934492111206,Most likely human-generated
