Link,Score,Prediction
PA_2020_1394d73b850993a4a0695b7b128b05a2.html.gz,0.9327354431152344,Most likely human-generated
PA_2020_1ed931c5903fe3591847dc89104cf646.html.gz,0.9234042763710022,Most likely human-generated
PA_2020_6b88ceb0dfbe6cf0d1fab5d15180797e.html.gz,0.9735099077224731,Most likely human-generated
PA_2020_ab0de604d57ae202a3c2e96cc28fa256.html.gz,1.0,Most likely human-generated
PA_2020_dcf12e306fec0225dba0ff2ba627ad16.html.gz,0.9469387531280518,Most likely human-generated
PA_2020_f58d60a569e0c801310be6c994a19f7e.html.gz,0.9645669460296631,Most likely human-generated
