Link,Score,Prediction
UT_2022_1d2b622da78eb3ae9f8875613bb930cf.html.gz,1.0885416269302368,Most likely human-generated
UT_2022_be99e30f3a82d6311c2308509939d0d8.html.gz,1.0310559272766113,Most likely human-generated
UT_2022_bfe23429dfe085f8e0d7a67d8b8c3378.html.gz,0.9477124214172363,Most likely human-generated
