Link,Score,Prediction
WA_2021_07c01224ffe534a0d6873f49c2b053f3.html.gz,1.0,Most likely human-generated
WA_2021_290194fd068a28b608630293370987d3.html.gz,0.95652174949646,Most likely human-generated
WA_2021_555ef8285e5a4c0efb92ed66ee66c6aa.html.gz,1.0412371158599854,Most likely human-generated
WA_2021_58cc58695ab673cc0face0ec10f4e17e.html.gz,1.0723683834075928,Most likely human-generated
WA_2021_6d96174607d9d6c80b87d0844f3298d8.html.gz,0.9928571581840515,Most likely human-generated
WA_2021_bcd9ad133356ae5f7efa6e0e68144f5f.html.gz,0.9446640610694885,Most likely human-generated
