Link,Score,Prediction
PA_2020_907f187362a1cd70b54910e2be30ea4b.html.gz,0.9577465057373047,Most likely human-generated
PA_2020_92138d71ecf2157493bda9d72d66a889.html.gz,0.9464285969734192,Most likely human-generated
PA_2020_d9d40d34f3a77b2acaebed635d0714f9.html.gz,0.930656909942627,Most likely human-generated
