Link,Score,Prediction
MT_2020_2d4b895c77c6f2529307954f1b3c6307.html.gz,0.9735099077224731,Most likely human-generated
MT_2020_3aee10289887d7e5b9b3074e5fd4fbc9.html.gz,1.0167597532272339,Most likely human-generated
MT_2020_9f31d9b8608b7fc75b0369f5098a59b9.html.gz,0.9084967374801636,Most likely human-generated
MT_2020_b5c765852e8eaeda294b3508489fb1ca.html.gz,0.9931972622871399,Most likely human-generated
MT_2020_bb5c8364b914f81426d691370b46b281.html.gz,0.930656909942627,Most likely human-generated
MT_2020_c4b9a348d1dcae5e104de2f2b47f4f56.html.gz,1.0409356355667114,Most likely human-generated
MT_2020_de6a21b13d5172b14a98b09f08259b92.html.gz,1.0,Most likely human-generated
