Link,Score,Prediction
WV_2020_4b8c9db3cd083ab469e7225ffd51a243.html.gz,0.9601593613624573,Most likely human-generated
WV_2020_6e29c76bc7808c97815008a1618d52a9.html.gz,0.9619565010070801,Most likely human-generated
WV_2020_6f93fb2a15ffcab49dd8694ec76ddee1.html.gz,0.9776536226272583,Most likely human-generated
