Link,Score,Prediction
UT_2022_19806326758ab7871dd5d934cb7386b2.html.gz,1.0299999713897705,Most likely human-generated
UT_2022_41d799e7d17b92361e51832e41422615.html.gz,0.9580152630805969,Most likely human-generated
UT_2022_6564062cc10ec1a3ab14801082a6fcd1.html.gz,0.9726775884628296,Most likely human-generated
UT_2022_68bde32c05acdf837e01dc436fddcf01.html.gz,1.0064934492111206,Most likely human-generated
