Link,Score,Prediction
ND_2021_7521e5a3872032628c7f3d6d12968a96.html.gz,1.00632905960083,Most likely human-generated
ND_2021_cc6dee03279db7b834454a409f66d547.html.gz,0.9743589758872986,Most likely human-generated
