Link,Score,Prediction
NY_2020_007c6782a579f67e404f17b16aa2181e.html.gz,0.9743589758872986,Most likely human-generated
NY_2020_85dc14f57620c3b2be50317943da49eb.html.gz,0.9084967374801636,Most likely human-generated
NY_2020_ae3f84adaed167628b804440473e48d5.html.gz,0.9783549904823303,Most likely human-generated
NY_2020_cc08395993a9257a4c4b8fb6f6e8a8e2.html.gz,0.9720279574394226,Most likely human-generated
NY_2020_e890ddd57aee57b496d65b10fb88f842.html.gz,1.0133333206176758,Most likely human-generated
