Link,Score,Prediction
NJ_2021_31b49db42b67cba4dca38ac255ad33ef.html.gz,0.976190447807312,Most likely human-generated
NJ_2021_aeccd5835629bcb26b751fd1073ce25f.html.gz,1.0058823823928833,Most likely human-generated
NJ_2021_f84092ea93c6802b2ae9948221f70952.html.gz,0.9805194735527039,Most likely human-generated
