Link,Score,Prediction
KS_2021_19f0177cf282d8c7aa93a1f8a89995f5.html.gz,1.0443037748336792,Most likely human-generated
KS_2021_4a6ab5af9bf0d636fd44f0cd918a0854.html.gz,0.9736841917037964,Most likely human-generated
KS_2021_4c60e3cb198e438b09450822512532d4.html.gz,1.032679796218872,Most likely human-generated
KS_2021_4e104614e11e06076d91aa96ca4635e3.html.gz,1.048387050628662,Most likely human-generated
