Link,Score,Prediction
TN_2022_016c04033355fee227184505332b143e.html.gz,1.0608108043670654,Most likely human-generated
TN_2022_fb5eff9a2188b32910033d7f99273f62.html.gz,0.9940476417541504,Most likely human-generated
