Link,Score,Prediction
VA_2020_3d4178e164629e92f5fb69a6f74b12f4.html.gz,0.9878048896789551,Most likely human-generated
VA_2020_a5b78b4184bf344690148f514989a51f.html.gz,1.086734652519226,Most likely human-generated
VA_2020_bd32160efeb81c616e9f1a0a221a9516.html.gz,0.9277777671813965,Most likely human-generated
