Link,Score,Prediction
AZ_2020_4d682c3ca0c4fcd76f679c1415251fdb.html.gz,0.9489051103591919,Most likely human-generated
AZ_2020_4fde48093a5d0a88a5911e8eb536cf51.html.gz,1.0261437892913818,Most likely human-generated
AZ_2020_56ffa9cdda554c1e8c3c8d0db29bd6b2.html.gz,1.0060241222381592,Most likely human-generated
AZ_2020_b201189d6e4db848b2cd3740148397bd.html.gz,1.0,Most likely human-generated
AZ_2020_d56bfaab0bc871ed355287917d150ac2.html.gz,1.0060241222381592,Most likely human-generated
AZ_2020_efe01ecf0dbf6075dd1c9e809373f298.html.gz,1.0060241222381592,Most likely human-generated
AZ_2020_f63ba52d64709bdeeb43a83d227e04d9.html.gz,0.9303797483444214,Most likely human-generated
