Link,Score,Prediction
AL_2021_3f46b0db178f46e1ec78fab2f7ac227e.html.gz,1.0518518686294556,Most likely human-generated
AL_2021_69f19b2fe128dd18b77bb6d85e0fa443.html.gz,1.0215827226638794,Most likely human-generated
AL_2021_79c299dace7444d36b2a9c19ffe7df0d.html.gz,1.0714285373687744,Most likely human-generated
AL_2021_babae382a7398ea88180b0001a8d017b.html.gz,0.9861111044883728,Most likely human-generated
AL_2021_d75dfcac16a3834f254367c41b266201.html.gz,0.9926470518112183,Most likely human-generated
AL_2021_f1122efc038e00120971e830f97b640d.html.gz,0.9677419066429138,Most likely human-generated
