Link,Score,Prediction
DC_2022_16dcabcd15d72fe8338418e2ebad6072.html.gz,0.9631901979446411,Most likely human-generated
DC_2022_1eff4f4a84094d65458ac74f16246ce7.html.gz,1.0047619342803955,Most likely human-generated
DC_2022_3d89bf2256bc3962d49c8ed1c0434cb5.html.gz,1.0,Most likely human-generated
DC_2022_44f98caeefc262502e00223de7202e14.html.gz,0.9637681245803833,Most likely human-generated
DC_2022_8b376d7c416e242b4c35ea10cd17d133.html.gz,1.0047619342803955,Most likely human-generated
DC_2022_9ab141b76f1ad5d629aae544ef4a96af.html.gz,1.0259740352630615,Most likely human-generated
DC_2022_c991aa1c03b23ef03efddc62ec7603e5.html.gz,0.9880239367485046,Most likely human-generated
DC_2022_f9d1a4a9380c7160e0215bc4aa0bee45.html.gz,1.0555555820465088,Most likely human-generated
