Link,Score,Prediction
LA_2022_2ed8c3f55238d62d11a99bd12b83586a.html.gz,0.9874213933944702,Most likely human-generated
LA_2022_80b1ac95f7f08a31df8adcc9deba7ede.html.gz,0.9370629191398621,Most likely human-generated
LA_2022_82967d2fc329f8e0f2ece0273004971f.html.gz,1.0103092193603516,Most likely human-generated
LA_2022_83316829665b07b2b75820ff772bd3b3.html.gz,0.9756097793579102,Most likely human-generated
LA_2022_93cda7db2294be742d4548b2e2162e04.html.gz,0.9722222089767456,Most likely human-generated
LA_2022_a242f46f78f251c4d9c753faabdaf8e2.html.gz,0.9793103337287903,Most likely human-generated
LA_2022_a94401de93584474020b30d979015ebf.html.gz,1.028777003288269,Most likely human-generated
LA_2022_fbb7033572b44304f7c202396efc5f12.html.gz,1.0,Most likely human-generated
