Link,Score,Prediction
AZ_2020_6aa06c4a31a036387566a04020f0bba0.html.gz,0.9738562107086182,Most likely human-generated
AZ_2020_6e259673defe9cd2c93373c67ebd90b4.html.gz,1.0358974933624268,Most likely human-generated
AZ_2020_adfa02f4b0c8ad9a8af572d5cd034659.html.gz,0.9909502267837524,Most likely human-generated
AZ_2020_b90f26b2eb2f8bbee17f5fd2a0bfa382.html.gz,1.0194804668426514,Most likely human-generated
AZ_2020_e463d8e9540ab5c1173c4845ecc7c8de.html.gz,0.9750000238418579,Most likely human-generated
AZ_2020_f7d714a6482b6470748626ce5bf45577.html.gz,0.9875776171684265,Most likely human-generated
AZ_2020_fe84d77ddbd5d5d3fec96e5ec5addcc3.html.gz,1.0842105150222778,Most likely human-generated
