Link,Score,Prediction
NV_2021_4d7a1831b3e37de7f45b9c6ca0fbee3b.html.gz,1.051094889640808,Most likely human-generated
NV_2021_4e9fbcbfbea01bdef5def6cec5cd24b9.html.gz,0.9271523356437683,Most likely human-generated
NV_2021_71f53c49b37eac6bec0d411897c0ff62.html.gz,0.9679487347602844,Most likely human-generated
NV_2021_83f3a6cc31688a62bec2fe028bb54a8d.html.gz,0.9929078221321106,Most likely human-generated
NV_2021_9511c6f74fb3bd903729edceb3cef71a.html.gz,0.9791666865348816,Most likely human-generated
NV_2021_9e4c205c6d0908389533792f66a0433b.html.gz,1.056910514831543,Most likely human-generated
NV_2021_a8aa7a88a265f163f942ef4d73f2c16b.html.gz,0.942307710647583,Most likely human-generated
