Link,Score,Prediction
WV_2022_0970891f537052fd9a7ced12f1477033.html.gz,0.9083969593048096,Most likely human-generated
WV_2022_257de4f1e18adf8b4d82040832cf0b52.html.gz,0.9860140085220337,Most likely human-generated
