Link,Score,Prediction
NV_2021_13c455d87db4be9e9ac11f39eb7dd2f7.html.gz,0.9551281929016113,Most likely human-generated
NV_2021_83f3a6cc31688a62bec2fe028bb54a8d.html.gz,0.9929078221321106,Most likely human-generated
NV_2021_9f29322b6ea57dc4b22a6313186e1b88.html.gz,1.0258064270019531,Most likely human-generated
NV_2021_a0fac24577684f4cf49f56fb2a90d902.html.gz,1.0199999809265137,Most likely human-generated
NV_2021_bcf8f26cd6f446b169b9dfa0df336721.html.gz,1.0890411138534546,Most likely human-generated
NV_2021_bf2f325c7962a4c88b477577722d88c0.html.gz,1.0198675394058228,Most likely human-generated
