Link,Score,Prediction
NY_2021_039c19a4be2de0aaf6ef0ef405605763.html.gz,0.9668874144554138,Most likely human-generated
NY_2021_07f5f2608d93b1d31e61e95703d2d7b0.html.gz,0.9829545617103577,Most likely human-generated
NY_2021_30b27062c79018b5b416dc4237698320.html.gz,1.021505355834961,Most likely human-generated
NY_2021_50338c56503f1c2f0427ce8fca19d3fc.html.gz,1.043859601020813,Most likely human-generated
NY_2021_5c0f93894964621f1bdf897905c9048f.html.gz,0.9216417670249939,Most likely human-generated
NY_2021_a315e0c90958eb7f1d3a8f1a90f2a62e.html.gz,0.9727891087532043,Most likely human-generated
NY_2021_d68a06c48efd1c6896fe3c9e68e39b0a.html.gz,0.9928057789802551,Most likely human-generated
