Link,Score,Prediction
NJ_2022_4e5873d3c60f6a866ac9933a56196e61.html.gz,1.0362694263458252,Most likely human-generated
NJ_2022_648d05728fd359e90b55e82d0f5014b8.html.gz,0.993630588054657,Most likely human-generated
NJ_2022_6e6d1633177cbf91dccda8c52ae25cd5.html.gz,1.0324674844741821,Most likely human-generated
NJ_2022_e903194b3c0331e4427a070b8573f564.html.gz,0.9108911156654358,Most likely human-generated
