Link,Score,Prediction
MS_2020_39d8867e34c6c6572295507ae2a1db42.html.gz,1.080246925354004,Most likely human-generated
MS_2020_602a92ac7a23c8bef5396bc2d65446d3.html.gz,0.9138755798339844,Most likely human-generated
MS_2020_87a3c7f4b6be4084ae6e781537c3350f.html.gz,0.978723406791687,Most likely human-generated
