Link,Score,Prediction
WI_2022_0d22e0b8ede7779acd88714b68d97206.html.gz,0.9692307710647583,Most likely human-generated
WI_2022_425bd4d86f73f13d95b7070cad8b1d66.html.gz,0.9604519605636597,Most likely human-generated
WI_2022_cbc950cf4d259f279163af16a570014f.html.gz,0.9489051103591919,Most likely human-generated
