Link,Score,Prediction
LA_2022_1026650eb8d09ed9c501a10df8a6217f.html.gz,0.9873417615890503,Most likely human-generated
LA_2022_83da0b3e9a59bcb8b7ce0820cdbd24e1.html.gz,0.9938271641731262,Most likely human-generated
LA_2022_c56fd24368cf83e6a29d088b73cbccf2.html.gz,0.9846153855323792,Most likely human-generated
LA_2022_f5ae0c71ec75140a57a9738efa104b9b.html.gz,1.0157480239868164,Most likely human-generated
