Link,Score,Prediction
NM_2021_8da1d4044a038281e3b804f5464a02e7.html.gz,1.0118342638015747,Most likely human-generated
NM_2021_a3ac01b871d75bbe22fb10812c90de4d.html.gz,0.9836065769195557,Most likely human-generated
NM_2021_cfd5fa22638aa1ebf97f73e7e90673e3.html.gz,0.9691358208656311,Most likely human-generated
