Link,Score,Prediction
WA_2021_128e4869037887605d35fafd0e1dcdbd.html.gz,0.9856459498405457,Most likely human-generated
WA_2021_3ac158e76dd2901e3d85bf5ee49f4fdb.html.gz,1.013157844543457,Most likely human-generated
WA_2021_44e5c671d117da27e16033f0e0a1ae54.html.gz,0.906862735748291,Most likely human-generated
WA_2021_494228abd6f43210f8abe8a0d3d42531.html.gz,1.0268816947937012,Most likely human-generated
WA_2021_5f659a0843a33ff01ee3793e17a5f7ce.html.gz,1.0139859914779663,Most likely human-generated
WA_2021_6b408e16a46c996d06f9b53d7cad6f4e.html.gz,1.0184332132339478,Most likely human-generated
WA_2021_a6027e2fdce78e6ae8f82814434d2b3e.html.gz,0.9815950989723206,Most likely human-generated
WA_2021_b5e140f9774ee63b5fe12129048779e0.html.gz,1.029411792755127,Most likely human-generated
