Link,Score,Prediction
WA_2020_150a51c4cd24a076184d7453972c0e35.html.gz,1.042424201965332,Most likely human-generated
WA_2020_5a3602c5ee4c476c7f8dd9124933f56c.html.gz,1.0,Most likely human-generated
WA_2020_9245e34341d8da110bbda0696bb7a450.html.gz,1.0292682647705078,Most likely human-generated
WA_2020_ac3bc6946d0f65d51ed5a01101e8e5e6.html.gz,1.0256410837173462,Most likely human-generated
WA_2020_b84ae957b5ad522079e787894215aa33.html.gz,1.013157844543457,Most likely human-generated
WA_2020_fdec3dbedf23ed95b248b7d114c0bf96.html.gz,0.9807692170143127,Most likely human-generated
