Link,Score,Prediction
OR_2021_21be20265136cc4c147a84e1d4851680.html.gz,0.9931034445762634,Most likely human-generated
OR_2021_2b83acf536fd82aad5390de53bb46df7.html.gz,1.082417607307434,Most likely human-generated
OR_2021_b3b506a6808f094e61beb8c940981720.html.gz,1.0413793325424194,Most likely human-generated
OR_2021_d015a122a82e17a68e578f01715d61c9.html.gz,0.9865771532058716,Most likely human-generated
