Link,Score,Prediction
AZ_2022_04fa463e816d56c61b993cc907cae6b7.html.gz,0.970802903175354,Most likely human-generated
AZ_2022_85d9b91410b47a2f46b117d63a01d6a7.html.gz,0.9943820238113403,Most likely human-generated
AZ_2022_885e7d15fd85c5e16b557b9f342a486c.html.gz,1.0526316165924072,Most likely human-generated
AZ_2022_94807bd0ca50b0f83c51b766ba16af4b.html.gz,1.0065789222717285,Most likely human-generated
AZ_2022_ca1ad665049ef3b991083df054f932ab.html.gz,0.96875,Most likely human-generated
AZ_2022_ebc6fbadb980fa3f166356c58e009f38.html.gz,1.092307686805725,Most likely human-generated
