Link,Score,Prediction
NV_2022_122830b5138b657f55532649d4cf87a9.html.gz,0.9558823704719543,Most likely human-generated
NV_2022_ade92e693287fdfd2c6adaed109ff738.html.gz,0.9135338068008423,Most likely human-generated
NV_2022_b8ca6dc40f94268262b241407bc2807b.html.gz,1.0074074268341064,Most likely human-generated
