Link,Score,Prediction
OR_2020_17eb491840774ee5e98fc154b5dd8f63.html.gz,0.9589040875434875,Most likely human-generated
OR_2020_1e4bf9389c80b20845c2792a30c44f9f.html.gz,1.0,Most likely human-generated
OR_2020_58426019f8b89ca43542b54f95721ad9.html.gz,0.9112903475761414,Most likely human-generated
OR_2020_889a576f4db3a3882bc348dd2b0cd41a.html.gz,0.9694656729698181,Most likely human-generated
OR_2020_a9a918b3d6373b26c330302bfe962318.html.gz,1.0189872980117798,Most likely human-generated
OR_2020_c08cb18224dbd6a64b167757ee124bff.html.gz,1.0132449865341187,Most likely human-generated
OR_2020_d33e98dcad415c76c9340c2c1b34d679.html.gz,0.9864864945411682,Most likely human-generated
OR_2020_fb1d71ee611b1e6225ef07897aa295ab.html.gz,0.9802631735801697,Most likely human-generated
