Link,Score,Prediction
SC_2020_02f076f1a91833a1bea391767af57a7a.html.gz,0.9875776171684265,Most likely human-generated
SC_2020_3cfc105436ba25bf0f1534a4f284e1c6.html.gz,0.9880239367485046,Most likely human-generated
SC_2020_bf9144956cfce7f3a71917728801781b.html.gz,1.0289855003356934,Most likely human-generated
SC_2020_c1fd2fa249c45bf816149ea28497b23e.html.gz,0.9863945841789246,Most likely human-generated
SC_2020_cea23194a3f5d55c3be2a8fa0b3242fe.html.gz,0.9610389471054077,Most likely human-generated
SC_2020_e9f1976d48fef8dda36688fb142324cb.html.gz,1.0428571701049805,Most likely human-generated
