Link,Score,Prediction
ME_2022_002346ba996fd6ffc1d9b3c7e1c37e7b.html.gz,0.8855421543121338,Most likely human-generated
ME_2022_8ed4604796213b8f76848c1d21a77d37.html.gz,0.9871794581413269,Most likely human-generated
ME_2022_b3d14b9c6e38576ba69b2960a4c9ef54.html.gz,0.931034505367279,Most likely human-generated
ME_2022_e099fa99e2760392a7fb344a4eac4cf2.html.gz,1.0059880018234253,Most likely human-generated
