Link,Score,Prediction
PA_2021_64f52f28976c74194e6c2223d51c2823.html.gz,1.0067567825317383,Most likely human-generated
PA_2021_83cc6c858ef9de3c2063f7ef28b4d633.html.gz,0.9650349617004395,Most likely human-generated
PA_2021_a587a809336c329102e03cc64922eb6c.html.gz,0.9638554453849792,Most likely human-generated
PA_2021_bbb60153c9428ef3753d90c8b833b0b2.html.gz,1.0191082954406738,Most likely human-generated
PA_2021_c78d99fd0cdb56b495e089c723277e22.html.gz,0.9626556038856506,Most likely human-generated
