Link,Score,Prediction
VA_2021_1dba3239792ae03d44816810da911235.html.gz,1.0051546096801758,Most likely human-generated
VA_2021_3c7aa7724885c543f4f675d86cb55ab4.html.gz,0.9951691031455994,Most likely human-generated
VA_2021_57812766356a1bdfe5bde11ec67f445f.html.gz,0.9729729890823364,Most likely human-generated
VA_2021_b0af0523bc4608f4513df8075abadcd2.html.gz,0.9367588758468628,Most likely human-generated
VA_2021_cc4b2de36cc5f3f25f1b8c2cd47cb367.html.gz,1.022099494934082,Most likely human-generated
