Link,Score,Prediction
MN_2021_11f386a10a5c7a2c73ec307f44d6b613.html.gz,1.0472103357315063,Most likely human-generated
MN_2021_15e0a8371f2310c7a0059a2b3c60a12a.html.gz,0.9759036302566528,Most likely human-generated
MN_2021_4ad063143f313886f7f95143618cbbec.html.gz,1.0161290168762207,Most likely human-generated
MN_2021_4f6771f9db50046e3d31aa20d0cd7917.html.gz,0.9797297120094299,Most likely human-generated
MN_2021_800b2f91586287b2d5721c21149054ca.html.gz,1.0040650367736816,Most likely human-generated
