Link,Score,Prediction
OH_2020_1b7541f4c9dd057a9b30a54611df6a6a.html.gz,0.95333331823349,Most likely human-generated
OH_2020_2b681429141f75b8a1e8086dcfc8b362.html.gz,0.9778761267662048,Most likely human-generated
OH_2020_41b716032c9eea5752546feeab059ccd.html.gz,1.0039840936660767,Most likely human-generated
OH_2020_5454bf889b56200c2fd9eeb271bdd4f8.html.gz,0.9883720874786377,Most likely human-generated
OH_2020_5e2e0f6d7a51ba72a84d3d06f72433f8.html.gz,1.0,Most likely human-generated
OH_2020_8aa381d8797b7647d86b0a71b1b05bd0.html.gz,0.9804878234863281,Most likely human-generated
OH_2020_dba9cbe95ca804389a5aed21d09ea157.html.gz,0.9045801758766174,Most likely human-generated
OH_2020_edd295d44d89e0da754a2e6c596f99e7.html.gz,1.0088105201721191,Most likely human-generated
