Link,Score,Prediction
HI_2022_14f475714ac79143daf46e831cd2d42c.html.gz,1.0,Most likely human-generated
HI_2022_5cc3f014069ce8098499eedea46429b1.html.gz,0.9745222926139832,Most likely human-generated
HI_2022_a49711bba88b0c67109faff5ba39574c.html.gz,0.8932806253433228,Most likely human-generated
HI_2022_ad6dbee4324f44e5344516160f1f8991.html.gz,1.0108108520507812,Most likely human-generated
