Link,Score,Prediction
SD_2021_6f47e38a503f3d591b41fbb3e6200232.html.gz,0.965753436088562,Most likely human-generated
SD_2021_ac0203c3dd13a460a232f0b367d6a5c2.html.gz,1.0075757503509521,Most likely human-generated
