Link,Score,Prediction
VA_2021_2324e8eeb196f39c2e6744e52b7f61b9.html.gz,1.0191082954406738,Most likely human-generated
VA_2021_2afcf0794a6da5847adc706e91b47d18.html.gz,0.9868420958518982,Most likely human-generated
VA_2021_37766a99f4862dc08fd426b5e5de9138.html.gz,0.9941860437393188,Most likely human-generated
