Link,Score,Prediction
MA_2021_0213ceb5dff3e7f37fda71dfe2a313d0.html.gz,1.0279719829559326,Most likely human-generated
MA_2021_23a0bd405180a17b2c14897a8e1746de.html.gz,1.0357142686843872,Most likely human-generated
MA_2021_5433ccb8c765676be448b7777e379f8c.html.gz,0.9888268113136292,Most likely human-generated
MA_2021_70ae4d251eef6dc7c6892176cbd06647.html.gz,1.0285714864730835,Most likely human-generated
