Link,Score,Prediction
SD_2022_42386442ef3d1bf8500b7875b7b16038.html.gz,0.8858447670936584,Most likely human-generated
SD_2022_4a87d9f3934c767b1e0e14ee013934cb.html.gz,0.9506173133850098,Most likely human-generated
SD_2022_79cb4fa3ca7899016f109175157b0947.html.gz,1.0379747152328491,Most likely human-generated
SD_2022_b29958c224127369d3e182bf8602d804.html.gz,0.9689922332763672,Most likely human-generated
SD_2022_be34176d3a4b01f74244929cb33f18dd.html.gz,1.039370059967041,Most likely human-generated
