Link,Score,Prediction
IA_2021_014d52984eca429a1d6494a0429e7567.html.gz,1.0536912679672241,Most likely human-generated
IA_2021_6a18592313fe906a4cfc606197542c2f.html.gz,0.9760956168174744,Most likely human-generated
IA_2021_7b71e8628f0bf1b4939ef4476e6afcff.html.gz,1.0064516067504883,Most likely human-generated
IA_2021_bfb5063137feb8d4730f044a998cc2e0.html.gz,1.0357142686843872,Most likely human-generated
IA_2021_db2c8d70fa18dd94b918e47c09dcc7c2.html.gz,1.0068492889404297,Most likely human-generated
