Link,Score,Prediction
WY_2021_3ef030719cab8c39672fe9796b487cf8.html.gz,0.9280303120613098,Most likely human-generated
WY_2021_c0125b4f5ac3c26f58137d358d2f92cf.html.gz,1.0526316165924072,Most likely human-generated
