Link,Score,Prediction
MO_2021_1d2ee9dac3068bad96f7dba44cc08dcd.html.gz,1.0102564096450806,Most likely human-generated
MO_2021_51b8da6a949a3499ed0c8945d3f832bf.html.gz,0.9496402740478516,Most likely human-generated
MO_2021_89757e74426e236f9ea255ecfe47d663.html.gz,1.0,Most likely human-generated
MO_2021_9dbfe8ee221dd0fdd2fb0bbe6ac6d671.html.gz,1.0419580936431885,Most likely human-generated
MO_2021_9f6c4acdbf243ad210d98a65600c5bbf.html.gz,0.9871794581413269,Most likely human-generated
MO_2021_b5d025041dfa18b27db862965a74e032.html.gz,1.0692307949066162,Most likely human-generated
MO_2021_c1aa0069d47e65d7481f137d38be01ee.html.gz,0.9254658222198486,Most likely human-generated
MO_2021_d8544493f692ba50cfb09a2269334701.html.gz,1.0058479309082031,Most likely human-generated
MO_2021_dfb57ff5572a8bf0d2d196f4a2484815.html.gz,0.9791666865348816,Most likely human-generated
