Link,Score,Prediction
AL_2020_25e5c13935f5fa153bf3709ef95013b6.html.gz,0.9554139971733093,Most likely human-generated
AL_2020_545063995dd30a41f9c8f4caf2a48f65.html.gz,1.0208333730697632,Most likely human-generated
AL_2020_62b7ee80c55339f7c4e8c2a3286a2b7c.html.gz,0.9725490212440491,Most likely human-generated
AL_2020_9286ec2a09455f557c5ca7fac9e44805.html.gz,0.8872180581092834,Most likely human-generated
AL_2020_9e31750c4fe1e2a7738656ac3fad0557.html.gz,0.9506173133850098,Most likely human-generated
AL_2020_d6b2db6731d244d22dbb03c8a10c0ade.html.gz,0.9864864945411682,Most likely human-generated
AL_2020_ec8317d92858f074efbf6a32956a0449.html.gz,0.9568345546722412,Most likely human-generated
