Link,Score,Prediction
NY_2022_019603d301b30a1372fe431cffd0611e.html.gz,0.9793103337287903,Most likely human-generated
NY_2022_3fab5674a987f61cbc9106ff45a832fe.html.gz,0.9726027250289917,Most likely human-generated
NY_2022_80cd9aee8425b671663f8b0a3ea894df.html.gz,1.0049505233764648,Most likely human-generated
NY_2022_f2aadfe89ec218870db5b05507fb9c43.html.gz,0.9735099077224731,Most likely human-generated
