Link,Score,Prediction
SC_2022_25fc5439b83b9086d5dd58c1c29ba6f8.html.gz,0.9847328066825867,Most likely human-generated
SC_2022_b2aaddf708603b9110e3144708d7c405.html.gz,1.006622552871704,Most likely human-generated
SC_2022_db000f6fc20ce3b2f9bcc06d4979c584.html.gz,0.9513888955116272,Most likely human-generated
SC_2022_e04e3270681f98853e0cab5ff432401f.html.gz,1.0234375,Most likely human-generated
