Link,Score,Prediction
NY_2020_539c48fa05b0ebc129264a9933679d54.html.gz,0.9896373152732849,Most likely human-generated
NY_2020_a8a2ef23f64a87aa9f77b6f56a47d649.html.gz,0.9800000190734863,Most likely human-generated
NY_2020_a92f7fc7367cc62188f873708057d9ff.html.gz,0.9767441749572754,Most likely human-generated
