Link,Score,Prediction
CA_2021_392838e9c1296b37621a6358139df1e7.html.gz,1.0270270109176636,Most likely human-generated
CA_2021_7cb2c39e193a58c251941db3b179afe4.html.gz,1.047337293624878,Most likely human-generated
CA_2021_e404aa24627cbbde0932cfc1f0623c04.html.gz,0.9741935729980469,Most likely human-generated
