Link,Score,Prediction
WA_2021_10c0de93ce388b6759aca2fec1d90efe.html.gz,0.9444444179534912,Most likely human-generated
WA_2021_37bcc05e532cdadc8cffa7141a254287.html.gz,0.9848484992980957,Most likely human-generated
WA_2021_60359bc8e693f8065d539f1b7bfb5a39.html.gz,1.0,Most likely human-generated
WA_2021_6525073396aaecc4477d9f7f0c4e379f.html.gz,0.981249988079071,Most likely human-generated
WA_2021_b48cf5d6afeba0e2de9b5eda168b157e.html.gz,0.9681528806686401,Most likely human-generated
WA_2021_c5f87793cb3863c1763eff53652a6e51.html.gz,0.9671052694320679,Most likely human-generated
WA_2021_d3278ec0a30b21519928311854ba1782.html.gz,1.0273972749710083,Most likely human-generated
WA_2021_ebe3dbd68f908853ab189e7b272d658f.html.gz,0.9523809552192688,Most likely human-generated
