Link,Score,Prediction
WV_2022_6334d4f0b71fca0d36ef8949c5a6b4b7.html.gz,0.9605262875556946,Most likely human-generated
WV_2022_6ef2f55c4933c65aa0e53119975b8e50.html.gz,0.9806201457977295,Most likely human-generated
WV_2022_c71e5e0053c7ddde4c6799dde80cb730.html.gz,0.9780219793319702,Most likely human-generated
