Link,Score,Prediction
KY_2022_15b0dea20b2a06440f107df21d4163a2.html.gz,0.9867549538612366,Most likely human-generated
KY_2022_3b9d77726713102415e6abfa50c2b0e9.html.gz,1.0136985778808594,Most likely human-generated
KY_2022_52a90236be10f3a10bcef4ea768712c7.html.gz,1.042553186416626,Most likely human-generated
KY_2022_70f982b4d88eb5955576a4e794af986b.html.gz,0.9814814925193787,Most likely human-generated
KY_2022_841a122bfe7faff00701852d7e3589de.html.gz,0.9673202633857727,Most likely human-generated
KY_2022_d005d60a5aeda7ceb652374780312b98.html.gz,1.045454502105713,Most likely human-generated
KY_2022_ebfeee3a22e35ab2dad7706b03b5454f.html.gz,1.0053476095199585,Most likely human-generated
