Link,Score,Prediction
DC_2020_5c8009a876b791ebc019d89052dbc9ec.html.gz,1.1046512126922607,Most likely human-generated
DC_2020_ded128fa7b638ba4f5f765d424357497.html.gz,0.9932885766029358,Most likely human-generated
DC_2020_e1a79e0b4e951a63f84e9257428abd41.html.gz,0.8771929740905762,Most likely human-generated
DC_2020_e376480a358b306fa8113480ae1c2436.html.gz,1.0418410301208496,Most likely human-generated
