Link,Score,Prediction
MO_2020_172614462451e4341be0db3928e0472f.html.gz,1.0161943435668945,Most likely human-generated
MO_2020_19aaf564e247893975802ce934a3a2f5.html.gz,0.9583333134651184,Most likely human-generated
MO_2020_201f1826be9dff90ae94eb8568aec159.html.gz,0.957446813583374,Most likely human-generated
MO_2020_215395f3ce49156c94c705a3f87cbe8a.html.gz,1.0118342638015747,Most likely human-generated
MO_2020_4e51215aa10f3932561e4e37c8e4c7bf.html.gz,1.0165746212005615,Most likely human-generated
MO_2020_56c94fcbd94309dc83af153f3340b9ef.html.gz,0.9741935729980469,Most likely human-generated
MO_2020_b54f02f98c6824abe881ef240961fed1.html.gz,1.0070422887802124,Most likely human-generated
MO_2020_b86aff86cd2cf16b6aee91c200c1976d.html.gz,0.957446813583374,Most likely human-generated
