Link,Score,Prediction
ID_2021_1aa47e84a9dbe57ea12629e3655a6bb2.html.gz,0.981249988079071,Most likely human-generated
ID_2021_39a625c0ea921d35c560335c71c87fc5.html.gz,1.026737928390503,Most likely human-generated
ID_2021_d88184544833480aafb39868b8f09312.html.gz,1.0,Most likely human-generated
ID_2021_efa09c9320e4fb9b54927235aef0c584.html.gz,0.9784172773361206,Most likely human-generated
