Link,Score,Prediction
IN_2020_057ae4d822c569fa95820936cb30fea4.html.gz,0.949367105960846,Most likely human-generated
IN_2020_55c1ef0ffcd68e20150e069507324c89.html.gz,1.0,Most likely human-generated
IN_2020_885df0c411755cbb195ba7b341bdfe16.html.gz,0.9929078221321106,Most likely human-generated
IN_2020_f54346852acd5b279a96f057e25a507a.html.gz,1.0322580337524414,Most likely human-generated
