Link,Score,Prediction
MN_2020_4ad063143f313886f7f95143618cbbec.html.gz,1.0161290168762207,Most likely human-generated
MN_2020_839e3a69c6e7697e021b0877ea445de9.html.gz,0.9929577708244324,Most likely human-generated
