Link,Score,Prediction
IA_2020_03b0d7dc924aec1a21c37c7a2cfbf682.html.gz,1.0844155550003052,Most likely human-generated
IA_2020_1d36f24f6af9b93df8f0a9f0b5639e1f.html.gz,0.994535505771637,Most likely human-generated
IA_2020_41426df390d6b95a592638f9f293bab6.html.gz,1.0439560413360596,Most likely human-generated
IA_2020_92f0a161f804f275fe724216e1d49d07.html.gz,1.0,Most likely human-generated
IA_2020_df54736db5d3e3cc9b6e06a901c871f6.html.gz,0.9764705896377563,Most likely human-generated
IA_2020_f789a23a6c6db82d5bc3012caa37f958.html.gz,1.008264422416687,Most likely human-generated
