Link,Score,Prediction
TX_2021_482374efddb5f37e4343c06f48d40550.html.gz,0.9465649127960205,Most likely human-generated
TX_2021_521cb1d546dde187776a27fb6f95df7c.html.gz,1.0197044610977173,Most likely human-generated
TX_2021_87d8f76492473371ab0b3c290bf7609e.html.gz,0.9929078221321106,Most likely human-generated
TX_2021_b92a83bf881720e29b1d1a250cd5e31b.html.gz,0.9577465057373047,Most likely human-generated
TX_2021_f72e1b123093291d5b793f7653f0da00.html.gz,1.0526316165924072,Most likely human-generated
