Link,Score,Prediction
GA_2021_0829d61dc2006665ee2a9f416a9cd91d.html.gz,1.014285683631897,Most likely human-generated
GA_2021_09a408db81e090d54fa4f067994b28e2.html.gz,1.014285683631897,Most likely human-generated
GA_2021_3fbc1c99920999badee78718566991c3.html.gz,1.0125000476837158,Most likely human-generated
GA_2021_478cd2a329d3d471ea3ea8d10ed809ed.html.gz,0.9637681245803833,Most likely human-generated
GA_2021_a3f76578dc49e478a6cb00b75c0b5e14.html.gz,0.9379844665527344,Most likely human-generated
GA_2021_bd9d9b90c609b76e84f6e1e4f773228e.html.gz,1.0147058963775635,Most likely human-generated
GA_2021_fa4293fb6a9389e09b85167db8520e87.html.gz,0.9811320900917053,Most likely human-generated
