Link,Score,Prediction
VT_2021_18b58208f79aaaa89b148ca86944794e.html.gz,1.0354609489440918,Most likely human-generated
VT_2021_400ba8b5462177c28bde44ca6385d91b.html.gz,0.9856114983558655,Most likely human-generated
VT_2021_78a86dafc2cd39212354c7fa373f0c6c.html.gz,0.9923076629638672,Most likely human-generated
VT_2021_f04383637c99b22a83a5e88fea3f600e.html.gz,0.9555555582046509,Most likely human-generated
