Link,Score,Prediction
DC_2020_18c1b9d7670250425058e274f46de900.html.gz,0.9554139971733093,Most likely human-generated
DC_2020_d7143657a94d9eb110ae4b0c6cfdbdae.html.gz,0.8933823704719543,Most likely human-generated
