Link,Score,Prediction
MN_2022_0a5362cb6e1051401d9f159d56f36177.html.gz,0.9938271641731262,Most likely human-generated
MN_2022_2414e0dde7c403b441c3a40bea7a3293.html.gz,1.0072463750839233,Most likely human-generated
MN_2022_43c989f3f535e213f2db2c06f8d544a9.html.gz,1.047619104385376,Most likely human-generated
