Link,Score,Prediction
MA_2020_3a487f069c51259e284d8f393f506f00.html.gz,0.9644970297813416,Most likely human-generated
MA_2020_cafa379255627ccf41a2b12e3ff1676a.html.gz,0.9512194991111755,Most likely human-generated
