Link,Score,Prediction
SC_2021_04b42766fa2aa68f644cf2fa84522dcc.html.gz,1.0363636016845703,Most likely human-generated
SC_2021_6f4550686b8f558c4a2d096d6f200bcd.html.gz,1.0059880018234253,Most likely human-generated
SC_2021_86a9a678394ec900f9613e0a71c434c7.html.gz,0.9883720874786377,Most likely human-generated
SC_2021_94627c5d04448829adefb2249b5a6d72.html.gz,0.9626865386962891,Most likely human-generated
SC_2021_e2ad1b17a7097aec54e2b2c2703798c0.html.gz,1.0072463750839233,Most likely human-generated
