Link,Score,Prediction
MD_2022_04fb5948f1be915438c41698d4817596.html.gz,0.9580419659614563,Most likely human-generated
MD_2022_1a58e19f1690fd49c61331eb0e743a9f.html.gz,1.006993055343628,Most likely human-generated
MD_2022_2bc6eedea15a8b14823b967199673265.html.gz,1.0,Most likely human-generated
MD_2022_3bcc5463988f3e97b65d09eba8e64ba6.html.gz,0.9885057210922241,Most likely human-generated
MD_2022_43ef9f9c87875d73c42fca5e14d8a56b.html.gz,0.9814814925193787,Most likely human-generated
MD_2022_6472a9d34b4561683827170b2cbcf6cc.html.gz,0.9588235020637512,Most likely human-generated
MD_2022_bb8c605b7d20b40a64e6a04071b65ff5.html.gz,0.9007092118263245,Most likely human-generated
MD_2022_d53d37a665f065e89e02fde137c7bf1c.html.gz,1.0827586650848389,Most likely human-generated
