Link,Score,Prediction
MD_2021_240da935f98bd26f2c6281564725744f.html.gz,0.9465649127960205,Most likely human-generated
MD_2021_348bf2f9c9a3edfe33fcf0de60b2229d.html.gz,0.9562841653823853,Most likely human-generated
MD_2021_61d7fb6c62be4472baf2e6b43f6db845.html.gz,0.9810126423835754,Most likely human-generated
MD_2021_7a12007585ab36c08fee00108cba7fda.html.gz,1.0264900922775269,Most likely human-generated
MD_2021_b63a35b3a8082a88f52d20952b6d5d2a.html.gz,0.9830508232116699,Most likely human-generated
MD_2021_dc59544ae6ab27bcc72c31bad56182ed.html.gz,1.0,Most likely human-generated
MD_2021_f1f82da026154bedfe47575875bb9a8b.html.gz,0.965753436088562,Most likely human-generated
