Link,Score,Prediction
OK_2021_9b3a1325b13f1edb2a60f774c2d8eaee.html.gz,0.9571428298950195,Most likely human-generated
OK_2021_9dd2320cf1c5ec44c510240f5c5c4dbe.html.gz,1.0073529481887817,Most likely human-generated
OK_2021_ac2910d9088db54587a132d2b059ad59.html.gz,1.0056818723678589,Most likely human-generated
OK_2021_afa0e70cc6eca91729cb9559033d9a63.html.gz,0.977011501789093,Most likely human-generated
