Link,Score,Prediction
VA_2021_1639e0c3d5580868eb1e4714e80ea4fb.html.gz,0.9492753744125366,Most likely human-generated
VA_2021_23ff20b3534f0e5416ee99172536b9e1.html.gz,0.955974817276001,Most likely human-generated
VA_2021_28a1b679e545f7d292b81b7f37d0b9be.html.gz,0.9539473652839661,Most likely human-generated
VA_2021_46b35cdc7b360f6c135198bb6d0b7878.html.gz,0.9861111044883728,Most likely human-generated
VA_2021_7d3654777ed6507dabdb1d4db958bf8c.html.gz,0.9730769395828247,Most likely human-generated
VA_2021_9fe3195e161a154f573e89d3e914f2c4.html.gz,1.0,Most likely human-generated
VA_2021_ea1ceeab4d34d12dd21b3384dc69b739.html.gz,1.0,Most likely human-generated
VA_2021_f11035ff6dab8daa481d1636d41c5744.html.gz,0.9928571581840515,Most likely human-generated
VA_2021_f2aa871a41834ec7d0d57914e2584023.html.gz,0.9790209531784058,Most likely human-generated
