Link,Score,Prediction
LA_2020_1e289e56a431daae88a24789fc774e8f.html.gz,0.9928571581840515,Most likely human-generated
LA_2020_251f9db6df65f65f78d4bc8283c702ea.html.gz,1.0061349868774414,Most likely human-generated
LA_2020_3dbaf635c1f98ec1cfb25e84c0739758.html.gz,0.9621211886405945,Most likely human-generated
LA_2020_6aba39160d8b3093c8a1cfd2388b42a7.html.gz,0.9850746393203735,Most likely human-generated
LA_2020_af75d8945ba720d59b3ef19eab4b4053.html.gz,0.9652777910232544,Most likely human-generated
LA_2020_cbbd2b418ecbb0a44ab9186365b65598.html.gz,1.029411792755127,Most likely human-generated
