Link,Score,Prediction
CO_2022_5a4dc51899bc4ac2350fc2b00f736ea4.html.gz,1.0043667554855347,Most likely human-generated
CO_2022_96b36101d89f99f44abe069f84f19c3e.html.gz,1.0,Most likely human-generated
CO_2022_b4d8c7fcec52b486f1815e2c71b687d9.html.gz,0.9723756909370422,Most likely human-generated
CO_2022_bd2f4fcba3e85edd1d47e459f0955846.html.gz,0.9547325372695923,Most likely human-generated
CO_2022_d61c222819a1e2705f82587601bf3811.html.gz,0.9588477611541748,Most likely human-generated
