Link,Score,Prediction
KY_2022_295787babf96f69d3c20b5ee1033999b.html.gz,1.0275862216949463,Most likely human-generated
KY_2022_2a52eb1400dfa9af6f9ffd0644e3a079.html.gz,0.9515151381492615,Most likely human-generated
KY_2022_380bed1bfec3d01de0ca7655b092fd8b.html.gz,1.047337293624878,Most likely human-generated
KY_2022_3c5e8be161f8feb0f0ac429b440a8dbe.html.gz,1.0061728954315186,Most likely human-generated
KY_2022_58353af0320c9fb2c72e9d5d96298917.html.gz,0.9869281053543091,Most likely human-generated
KY_2022_787fecf7ac49187b66783f7f67038c31.html.gz,1.0307692289352417,Most likely human-generated
KY_2022_8264fc82738b92d667a761ce9e55209b.html.gz,0.9558823704719543,Most likely human-generated
KY_2022_bc1af0fe3e4f06fd4d1fea745c512003.html.gz,1.0,Most likely human-generated
