Link,Score,Prediction
NH_2021_0232f5a1b09100f01332f983ad52a25b.html.gz,1.0303030014038086,Most likely human-generated
NH_2021_0e11f657e47de70c2ba65574bd55cb2d.html.gz,1.0314135551452637,Most likely human-generated
NH_2021_4c3fd99029e45f5ac6841b8a27cc4650.html.gz,0.9589040875434875,Most likely human-generated
NH_2021_cc8ebf3785b2181ed3d272da98f25c73.html.gz,1.0188679695129395,Most likely human-generated
