Link,Score,Prediction
AZ_2022_05befd8b233cba3ba601181d2882ab1a.html.gz,1.006993055343628,Most likely human-generated
AZ_2022_1e3a1ba257310139ce7285fa6d8880e0.html.gz,1.045454502105713,Most likely human-generated
AZ_2022_29f2b12ad24e157afaeaacb95e862d68.html.gz,1.0413793325424194,Most likely human-generated
AZ_2022_58e7d8dc92f333c320b2fed0e46321e1.html.gz,0.908695638179779,Most likely human-generated
AZ_2022_a652adf037bfab53e85c6867d57a93b2.html.gz,0.9041095972061157,Most likely human-generated
AZ_2022_bf071dd96dee49f263a2899c82d7eedd.html.gz,0.9509202241897583,Most likely human-generated
AZ_2022_d1004f17d6b8825acda453cfd64e825a.html.gz,1.058823585510254,Most likely human-generated
