Link,Score,Prediction
VA_2022_44b19c05604cf621318e86a1ac0feb87.html.gz,1.0260416269302368,Most likely human-generated
VA_2022_87f37dc9aec369cde1a81021bed4ca5b.html.gz,0.9863945841789246,Most likely human-generated
VA_2022_9d466185ee587f78d64d7881838db033.html.gz,1.0179641246795654,Most likely human-generated
VA_2022_da844a2ca03f2c4cac14945f83d26bec.html.gz,1.0993376970291138,Most likely human-generated
