Link,Score,Prediction
CA_2021_241e3897e4840f786bec097e96adecdf.html.gz,0.9935897588729858,Most likely human-generated
CA_2021_275a2ca3c54dbb087e435331efe05001.html.gz,1.0,Most likely human-generated
CA_2021_9069d7d004783729c4a0045079d0d18e.html.gz,0.971222996711731,Most likely human-generated
CA_2021_9445e7cb23934b12052b94bca4e9642b.html.gz,1.019736886024475,Most likely human-generated
CA_2021_c98d69eb9178860019b81001c8f6f84c.html.gz,1.0,Most likely human-generated
