Link,Score,Prediction
KY_2022_2c67be47b3b820796b43a47a8c320534.html.gz,1.0273972749710083,Most likely human-generated
KY_2022_4f75bbe8aa8ac044dfc8c9fb4b6dcd5e.html.gz,1.0141843557357788,Most likely human-generated
KY_2022_57e99ff26de1927b3e776e64739feb15.html.gz,0.9503105878829956,Most likely human-generated
KY_2022_93ccff8a2f8a8fbd751d30c435864e35.html.gz,0.9642857313156128,Most likely human-generated
KY_2022_98337dee68d1c01c3fb15507c164ebbb.html.gz,0.9708333611488342,Most likely human-generated
KY_2022_9e5db7e0a0496b027cd0498a2ee3f560.html.gz,1.0259740352630615,Most likely human-generated
KY_2022_aedb2978a5041a86aab66b70eb51e84a.html.gz,1.0416666269302368,Most likely human-generated
KY_2022_cec5c3107759cfe13a70ba94903da7d4.html.gz,1.0069444179534912,Most likely human-generated
KY_2022_decbe6950cba29bf6ead385497bff770.html.gz,0.9542483687400818,Most likely human-generated
