Link,Score,Prediction
OK_2020_1097a5234d21118278a08f65abcd97ac.html.gz,0.9555555582046509,Most likely human-generated
OK_2020_9ce042c34c5b078d08abbcb0ec7bd3fd.html.gz,0.9510489702224731,Most likely human-generated
OK_2020_b019426940ebf4c1c8ffe490157986c6.html.gz,0.9496855139732361,Most likely human-generated
OK_2020_d8873b63495f1495f4efd452d685261f.html.gz,0.9662162065505981,Most likely human-generated
OK_2020_f018d56877294e037bb033805268ab2e.html.gz,1.0,Most likely human-generated
