Link,Score,Prediction
OK_2021_2633f1a6eae4c97a27e2034a4c6f3d82.html.gz,1.0070922374725342,Most likely human-generated
OK_2021_98c6e8945bca3915bf8bf746c4f4c8a4.html.gz,0.9714285731315613,Most likely human-generated
OK_2021_9b8ab48ac6cd4bf68ea7d50fb9d06ceb.html.gz,1.0134228467941284,Most likely human-generated
OK_2021_ad70b827bfd6d889d7c0c0c0be782e14.html.gz,0.9627329111099243,Most likely human-generated
OK_2021_c3cf73f146e724cdad117fda0a847681.html.gz,0.9736841917037964,Most likely human-generated
