Link,Score,Prediction
MN_2020_06627b9fcaacd0ed5ebdfa55c37e20b2.html.gz,1.01630437374115,Most likely human-generated
MN_2020_7867ab9c48df9653ea901382ea176287.html.gz,1.0409356355667114,Most likely human-generated
MN_2020_7e426d70fd229ec572ad7f822541ffc0.html.gz,1.0750988721847534,Most likely human-generated
MN_2020_8536a4209faf079d639a6281d7133a26.html.gz,0.9523809552192688,Most likely human-generated
MN_2020_9ecd83926ea0faf559375035e1cc270b.html.gz,1.0896551609039307,Most likely human-generated
MN_2020_cc84961b0007e2265183da31dbb01e04.html.gz,1.0750988721847534,Most likely human-generated
