Link,Score,Prediction
ME_2020_98b52c4fdce87d4f239c2a8fd2cbe660.html.gz,1.0443037748336792,Most likely human-generated
ME_2020_b9bc3fed64ff880071d0baf3015bfd4b.html.gz,0.9879518151283264,Most likely human-generated
ME_2020_e661ded281eddd020f20e26ebada6343.html.gz,0.9866666793823242,Most likely human-generated
ME_2020_e7f1b265788d87e7370627089e9ad779.html.gz,1.0182926654815674,Most likely human-generated
