Link,Score,Prediction
OR_2020_03a109cca199a5dc07c27cb98e337065.html.gz,0.9341317415237427,Most likely human-generated
OR_2020_4bc770ec552eaa7162c0e5d2d7b09b72.html.gz,0.9937499761581421,Most likely human-generated
OR_2020_655cb46363cb8eaba076e9017bcf15a1.html.gz,1.0,Most likely human-generated
OR_2020_705ae8431db93fac8f7516144cea2961.html.gz,0.96875,Most likely human-generated
OR_2020_73bbb771a946539178bf5b1f360d3585.html.gz,1.0231213569641113,Most likely human-generated
OR_2020_96a14c1f1a15cfe62713299f5376e416.html.gz,1.0199999809265137,Most likely human-generated
OR_2020_dd2bb8a57e472bf1b03b411d4bd46b20.html.gz,1.0507246255874634,Most likely human-generated
OR_2020_f3f75bd9cbadd7a8ffd342bb1c3501b2.html.gz,1.0211267471313477,Most likely human-generated
