Link,Score,Prediction
ND_2021_2dbe1383e1fe53a238d91adb3b85ece9.html.gz,1.0675675868988037,Most likely human-generated
ND_2021_38928f9814fa81801c0182d66956cde3.html.gz,0.9007092118263245,Most likely human-generated
ND_2021_4b771f52994453836f8f15d94e191561.html.gz,1.042424201965332,Most likely human-generated
ND_2021_6a3ac81bf63beb5212858ab2abd3d830.html.gz,1.0065360069274902,Most likely human-generated
ND_2021_9e5de4a6acb5182e8a5b3039c419ad70.html.gz,1.0261437892913818,Most likely human-generated
ND_2021_a5b6e03086b61ed5b34c7c23ca7fbe3d.html.gz,1.006993055343628,Most likely human-generated
ND_2021_cbfb0e9a527a4787e626996f8efd4bab.html.gz,1.0182926654815674,Most likely human-generated
ND_2021_e89e2a7d0539a1c8173dccd0946c3b15.html.gz,0.8999999761581421,Most likely human-generated
