Link,Score,Prediction
MI_2021_24b7df6b895cd3cebaffa123ce2b3000.html.gz,1.045918345451355,Most likely human-generated
MI_2021_35b642df9faf4b7fe5a3ed9adcce92ff.html.gz,0.9366196990013123,Most likely human-generated
MI_2021_385f3f32579ff498963a40a837d99eff.html.gz,0.9833333492279053,Most likely human-generated
MI_2021_e809a46324565f4866d783dbcb981334.html.gz,0.9863013625144958,Most likely human-generated
MI_2021_f0ce008888974561fb1cc59804722ce8.html.gz,0.9696969985961914,Most likely human-generated
