Link,Score,Prediction
OH_2021_43faa6762cfa4f0854f073328eaf9ea3.html.gz,0.9938650131225586,Most likely human-generated
OH_2021_9f067e15eac41e854d644a6eadbba526.html.gz,1.0526316165924072,Most likely human-generated
OH_2021_a1f7479da97a0afa811978bdec8d5115.html.gz,1.029940128326416,Most likely human-generated
OH_2021_b1a0eba2d413f3d706829ce45fd3d9b0.html.gz,0.97826087474823,Most likely human-generated
OH_2021_c2d4fb1a59a7a7960a93c76cd490330f.html.gz,0.9440000057220459,Most likely human-generated
OH_2021_cf090d7a71753495dc20469a80308bf9.html.gz,0.9279279112815857,Most likely human-generated
OH_2021_d8959dc5b0c729cb9653e58eb01c9379.html.gz,1.0134228467941284,Most likely human-generated
