Link,Score,Prediction
MO_2022_0340196734eb951f9e984a06070465c9.html.gz,1.037313461303711,Most likely human-generated
MO_2022_0f29879461bff13335f174674b9c1db0.html.gz,1.038673996925354,Most likely human-generated
MO_2022_177ac2c33c976b612a1fb5f03cacb7ae.html.gz,1.0502793788909912,Most likely human-generated
MO_2022_2c52c0df33ab07591ce67fbb41d69c2a.html.gz,1.0199999809265137,Most likely human-generated
MO_2022_ac33dc46be1c4d4c3184e84624a1f0a7.html.gz,1.0272108316421509,Most likely human-generated
MO_2022_cde2ca94cd3b0d3129af4347e4917c34.html.gz,0.9731543660163879,Most likely human-generated
MO_2022_d033c6b9887d6a829a949f53ad4a9a49.html.gz,1.0167597532272339,Most likely human-generated
MO_2022_d8544493f692ba50cfb09a2269334701.html.gz,1.0058479309082031,Most likely human-generated
MO_2022_e9cf18e4e6c85338a2b320f0af9d665e.html.gz,1.0394736528396606,Most likely human-generated
