Link,Score,Prediction
GA_2020_1672eae16076065b00ffb51613b1460c.html.gz,1.0522875785827637,Most likely human-generated
GA_2020_49e0726252f53eae7f5e2a8b98df3cc2.html.gz,1.067193627357483,Most likely human-generated
GA_2020_5187375167c2ff7f99ee41fc6969bda5.html.gz,1.0522875785827637,Most likely human-generated
GA_2020_8703ce57e68ec07b3e830f2d70ca1297.html.gz,0.9870129823684692,Most likely human-generated
