Link,Score,Prediction
MT_2022_20a8a43e6350d977e1b9ce6a625ac04a.html.gz,0.9929577708244324,Most likely human-generated
MT_2022_9dc6b823b930453aab03c1ae8eb963c3.html.gz,1.0547945499420166,Most likely human-generated
MT_2022_b90332fafeacc8d27077599576e7df05.html.gz,1.1024096012115479,Most likely human-generated
