Link,Score,Prediction
AL_2020_15309a12312b7d467ac69d5b3feee68b.html.gz,1.063218355178833,Most likely human-generated
AL_2020_23a4677a869a9c58bf141980f26c16d7.html.gz,1.0129032135009766,Most likely human-generated
AL_2020_25edfd6a5cee45db27a6e4e9e8e8a967.html.gz,0.9941176176071167,Most likely human-generated
AL_2020_3a86a99050306d66ded0387075c242a0.html.gz,1.0316455364227295,Most likely human-generated
AL_2020_7bbc5281dd2bf4e3a80827a95582ec9c.html.gz,0.9583333134651184,Most likely human-generated
AL_2020_d9161806b69a45a20ec3c014a60decab.html.gz,1.0062893629074097,Most likely human-generated
AL_2020_ff8635064631cce65d24f5f5012a19b2.html.gz,1.056249976158142,Most likely human-generated
