Link,Score,Prediction
OK_2021_1354adc4e1a4d5c8804a803ef144764c.html.gz,1.047619104385376,Most likely human-generated
OK_2021_15e28f8a4685a7f983b09968c42216ba.html.gz,1.0753424167633057,Most likely human-generated
OK_2021_2a68f6433c8f5ecf59fa3df2446fdff0.html.gz,0.9777777791023254,Most likely human-generated
OK_2021_323d7afcb5171262cdf23f44eff8a4ab.html.gz,0.9172413945198059,Most likely human-generated
OK_2021_44f6c239f23f148b87ac616821afb837.html.gz,0.9444444179534912,Most likely human-generated
OK_2021_b96298a9610238946a403dd92e40d549.html.gz,1.0,Most likely human-generated
OK_2021_ccbeb9276970c144df6ac6dbf24d5e12.html.gz,0.9751243591308594,Most likely human-generated
OK_2021_f0b31686379e45d152e9bb26054d2176.html.gz,0.977142870426178,Most likely human-generated
OK_2021_fb6d5719daa3d366f532d4f5b76f1775.html.gz,1.034883737564087,Most likely human-generated
