Link,Score,Prediction
KS_2021_22606edf4d321dc056724f75cd7caf1c.html.gz,0.9939393997192383,Most likely human-generated
KS_2021_2d9b6cd77116aafbf5e5a9ebf875c5d0.html.gz,1.0124223232269287,Most likely human-generated
KS_2021_3b214e758a4225ea678984731677def1.html.gz,0.9534883499145508,Most likely human-generated
