Link,Score,Prediction
NJ_2020_257aeca480ba5957d8d467a9f5514632.html.gz,0.9473684430122375,Most likely human-generated
NJ_2020_a7f413b3b1e7a511001ca6a6282ac928.html.gz,0.9864864945411682,Most likely human-generated
NJ_2020_cb56189218ebd6559d53d7fe9b9aaf8e.html.gz,0.95652174949646,Most likely human-generated
NJ_2020_e4540bd364b49ac32c66196cc03e1d7e.html.gz,0.9801324605941772,Most likely human-generated
NJ_2020_e722394cbfb852133e1922e2351c192c.html.gz,1.013157844543457,Most likely human-generated
