Link,Score,Prediction
RI_2020_7ecdc67b1ced149422af4b06aa455184.html.gz,0.9407894611358643,Most likely human-generated
RI_2020_c3df5793e3ee38d8f0c5218050c8a129.html.gz,1.006666660308838,Most likely human-generated
RI_2020_f27e6416d2b86bfb6576115d362700b9.html.gz,0.9803149700164795,Most likely human-generated
