Link,Score,Prediction
TX_2021_0e8ffce41b5b4d58491c4b3cbe54a736.html.gz,0.9642857313156128,Most likely human-generated
TX_2021_4817c0f7a8aa1b76ed445e6b3784270f.html.gz,1.018633484840393,Most likely human-generated
TX_2021_a0531647694f1b952555aefe2173e6b9.html.gz,0.9781022071838379,Most likely human-generated
