Link,Score,Prediction
LA_2021_1efe4d51967487ccd260c60d8bf07f91.html.gz,0.9503105878829956,Most likely human-generated
LA_2021_52448fdc901036301b540843550f7f59.html.gz,1.0397350788116455,Most likely human-generated
LA_2021_76e9e226ba0f9fa5007385865219962f.html.gz,1.0234375,Most likely human-generated
LA_2021_860cd48501d910031eea73232b35f8a9.html.gz,0.9496402740478516,Most likely human-generated
LA_2021_9c8307b215ad2ad1024fc3f4e85e0fef.html.gz,0.9272727370262146,Most likely human-generated
LA_2021_af0ca82361d6fa8fcdec0efbd562ef82.html.gz,0.9626865386962891,Most likely human-generated
LA_2021_bf8f7245dbef29abbbbb13bedeaa8bd6.html.gz,1.0460525751113892,Most likely human-generated
LA_2021_db3161cdd82605ac15208e0058c2bb46.html.gz,0.9946236610412598,Most likely human-generated
