Link,Score,Prediction
MD_2020_12664f959d545a2886b9f084d9da7267.html.gz,1.0277777910232544,Most likely human-generated
MD_2020_75265688b33476c1e1d57813ced68b04.html.gz,0.969924807548523,Most likely human-generated
MD_2020_8d68fe7bd5c00100002cd8c28f0982c8.html.gz,0.9893617033958435,Most likely human-generated
MD_2020_999f09e438ce8bbba5ad24235327dfe1.html.gz,0.9710144996643066,Most likely human-generated
MD_2020_bdddce5a7f33e20b8587c6cb7d85670a.html.gz,0.9815950989723206,Most likely human-generated
MD_2020_e29ec620e5251a2a65e33ee86b3e7bce.html.gz,1.0406503677368164,Most likely human-generated
MD_2020_f3cfb088225f58cca78df9f42f160572.html.gz,0.9656488299369812,Most likely human-generated
