Link,Score,Prediction
KY_2020_1a1fcadd10871ed0a4984c8aef75a3dd.html.gz,0.9583333134651184,Most likely human-generated
KY_2020_267d27e5a2d30b07924b886181c3eab6.html.gz,0.990867555141449,Most likely human-generated
KY_2020_3a833d876b5d02d26ee7d149e8060ef2.html.gz,1.0256410837173462,Most likely human-generated
KY_2020_80ad590508ce7c54230faa3c0df2a99f.html.gz,0.9882352948188782,Most likely human-generated
KY_2020_c5e4bfa41a98cc461f985d82889e29b0.html.gz,1.0606060028076172,Most likely human-generated
KY_2020_e6446b6e077488434516f3c7f07c2174.html.gz,1.0185185670852661,Most likely human-generated
KY_2020_e9bbba395655e6449c092fcd357ed260.html.gz,1.0181818008422852,Most likely human-generated
KY_2020_ee5966d6a9ecc2dd4033e187b988dee2.html.gz,1.0701754093170166,Most likely human-generated
