Link,Score,Prediction
GA_2022_5b0abbbfc626539c0ae184a929a4cecd.html.gz,0.9731543660163879,Most likely human-generated
GA_2022_6ed4995d75d203e642bccff595bd131b.html.gz,1.0303030014038086,Most likely human-generated
GA_2022_7d2a1e67f9d0ab741967b792f9e8a799.html.gz,0.9591836929321289,Most likely human-generated
GA_2022_8015ecbfa394fdc519c3089eee220fc6.html.gz,1.0068026781082153,Most likely human-generated
GA_2022_85dc48d10257ce9a1a8f85890061983a.html.gz,1.0514706373214722,Most likely human-generated
GA_2022_8d6af2356e4a2e76c1ed8da180538ce9.html.gz,0.976190447807312,Most likely human-generated
GA_2022_c9da000e77db976d96588e4b65e40a46.html.gz,1.0282485485076904,Most likely human-generated
GA_2022_ebe20265b365ac88f05da627a301eea3.html.gz,0.9473684430122375,Most likely human-generated
GA_2022_f10c5312f0380b08119aca0b35239b26.html.gz,1.0058823823928833,Most likely human-generated
