Link,Score,Prediction
TX_2022_282b6a54b57365b254c49eb2bc7af580.html.gz,0.9448275566101074,Most likely human-generated
TX_2022_3e07b005c5b0f149ba7b4ded28833084.html.gz,1.0,Most likely human-generated
TX_2022_5105a86efe3998222ccc37b9adb8c65e.html.gz,0.9214659929275513,Most likely human-generated
TX_2022_6cd805ecdf5bf394c58eb96cb416aee9.html.gz,0.9649122953414917,Most likely human-generated
TX_2022_75545e78c843fe220ce5bd31641d600a.html.gz,1.0520833730697632,Most likely human-generated
