Link,Score,Prediction
MO_2020_0260f3f8e869c130c78c0a8118d58b6e.html.gz,0.9776119589805603,Most likely human-generated
MO_2020_19a5f4fed864587281bb86d671668a97.html.gz,1.0,Most likely human-generated
MO_2020_51b8da6a949a3499ed0c8945d3f832bf.html.gz,0.9496402740478516,Most likely human-generated
MO_2020_5a364424d21d35018be97e8922c6281b.html.gz,0.9874213933944702,Most likely human-generated
MO_2020_86ced7497c3cb7b11d68d391e555e5d1.html.gz,0.9750000238418579,Most likely human-generated
MO_2020_aaf0bc9d33bca7711b2869fce31e9418.html.gz,0.9424460530281067,Most likely human-generated
MO_2020_aeac01c29102064b8e6244ed84f4ab65.html.gz,0.8701298832893372,Most likely human-generated
MO_2020_e0b7bbedfba41d829694660d3fcf4926.html.gz,1.0335195064544678,Most likely human-generated
