Link,Score,Prediction
VA_2020_5b191c50d1bf7412cb63c77f9dbe3438.html.gz,1.0136363506317139,Most likely human-generated
VA_2020_82eba411ba4aa7a18684215051ea5f95.html.gz,0.9868420958518982,Most likely human-generated
VA_2020_a6ee49b1df3467e9cb752b56a80c1091.html.gz,0.9856114983558655,Most likely human-generated
