Link,Score,Prediction
MS_2022_54c27993235b65d0fae41809b568a9c3.html.gz,0.8904761672019958,Most likely human-generated
MS_2022_73f089f7c906f94adb16d960e10db61e.html.gz,0.9507042169570923,Most likely human-generated
MS_2022_803bca61bbd43615d32c1f49072ce88e.html.gz,1.023809552192688,Most likely human-generated
MS_2022_a5fb595b4bcbaf2d59dfc733930ec6b5.html.gz,1.038759708404541,Most likely human-generated
MS_2022_aab24ea5cd2f8e170803910fb1968a6d.html.gz,1.0303030014038086,Most likely human-generated
MS_2022_ba688acd7929fcf741dc4ebae929d6cf.html.gz,1.030075192451477,Most likely human-generated
MS_2022_d7f5e162c0ee498f683f83f25a718a2d.html.gz,0.9548872113227844,Most likely human-generated
