Link,Score,Prediction
LA_2020_0de971d932d4517f3ed484cf3027df91.html.gz,1.0503597259521484,Most likely human-generated
LA_2020_5aa5dc4efae3c2edc9f02cbf3a6a4e51.html.gz,0.970588207244873,Most likely human-generated
LA_2020_a267e7da6e17aa70a3b565c164204b49.html.gz,0.9567901492118835,Most likely human-generated
LA_2020_a6014e2f217eb6dc1623f8cdf5cb4b81.html.gz,1.0104166269302368,Most likely human-generated
LA_2020_b9a7fe3aa8bdce5ec5c6a5707be1319a.html.gz,1.0133333206176758,Most likely human-generated
LA_2020_d9555b7d0e628e14b759bb64a1be0be3.html.gz,0.9473684430122375,Most likely human-generated
LA_2020_de484524348e038893292f1f91f919bf.html.gz,0.9510489702224731,Most likely human-generated
LA_2020_ff9f063b054e67ca6c3bb7cec0f95a6e.html.gz,0.9803149700164795,Most likely human-generated
