Link,Score,Prediction
AZ_2021_35912ecdca052a4e18e6baa9181dd2fe.html.gz,1.0069444179534912,Most likely human-generated
AZ_2021_5f0ccb66b6decc6e264f379c41651fa8.html.gz,0.9805194735527039,Most likely human-generated
AZ_2021_7e6ca0a324f682c8f2f3c4b120dced83.html.gz,1.0058823823928833,Most likely human-generated
AZ_2021_809994374b3857599815730b810be094.html.gz,0.9444444179534912,Most likely human-generated
