Link,Score,Prediction
NM_2022_04d9eeee2bcdab435f95f0f005eb2747.html.gz,0.9779411554336548,Most likely human-generated
NM_2022_244923d8bc0190e1ca89ebd1a2a8fa62.html.gz,0.9864864945411682,Most likely human-generated
NM_2022_6e9b8bd2884e507827baab871e2ecaa6.html.gz,0.9781022071838379,Most likely human-generated
NM_2022_74eb1232f88a82ba350ab45a6f2fbbf2.html.gz,0.8872548937797546,Most likely human-generated
NM_2022_d3861b9df7de9b44b0ee8733829ffb27.html.gz,0.9086294174194336,Most likely human-generated
NM_2022_fdca10325f9ecf78669473bfa598d997.html.gz,0.9739130139350891,Most likely human-generated
