Link,Score,Prediction
IL_2021_0143aef6d6d6b32976d0d348b2c350a1.html.gz,1.0057803392410278,Most likely human-generated
IL_2021_0ad7aa8a827b6c626977f8c7a88be913.html.gz,0.9938271641731262,Most likely human-generated
IL_2021_275b6d005af0d52db8dfe2ac5fd04c29.html.gz,0.9432623982429504,Most likely human-generated
IL_2021_4dd696dbc9bd9cbe575ea06919c83ff2.html.gz,0.9506173133850098,Most likely human-generated
IL_2021_61ffb53367ce0d330042dfcb7675f1f9.html.gz,0.9585798978805542,Most likely human-generated
IL_2021_9bf070be824989d3670a5fc04a6835d5.html.gz,0.8974359035491943,Most likely human-generated
IL_2021_b71d068eb8037928c1f5f0c325f58773.html.gz,0.8846153616905212,Most likely human-generated
IL_2021_d7a78d7b58f38963b77764fb986e3f09.html.gz,0.95652174949646,Most likely human-generated
