File,label,score
ME_2023_4a11c446d89ae9918465ca2c28757a33.html.gz,HUMAN,0.4115517644771081
ME_2023_9ba0325744394a0ae0c311016b2c42f0.html.gz,HUMAN,0.23439528322669986
