File,label,score
IL_2023_9bf070be824989d3670a5fc04a6835d5.html.gz,AI,0.6372270597713081
IL_2023_57de140778428d18de46e8952b0ca639.html.gz,HUMAN,0.2549937652338998
