File,label,score
OH_2023_473545df3ba1174062ac1dff0bdcedcf.html.gz,HUMAN,0.3405725075500653
OH_2023_3a60e39257508f2160c83fdc100f307a.html.gz,AI,0.9916316514379535
OH_2023_4e2bea7617b745ce06c11313639ca5a0.html.gz,AI,0.9439084258300113
OH_2023_f7856a64e2987c6f1f50b74a0f5fb290.html.gz,HUMAN,0.24419951113857608
