File,label,score
NE_2023_6ce7767599a8e34accc3d2abff8cb278.html.gz,HUMAN,0.4005451275273933
NE_2023_4bc81447fc7b4380042bb7d0b3f8a87c.html.gz,HUMAN,0.19006543837474943
NE_2023_6fb854576e07267c2383c5f98e29747e.html.gz,HUMAN,0.24401296739319808
NE_2023_bec9187d861f77c38b81b947ff2e44e0.html.gz,AI,0.6870279072962613
NE_2023_b8efa686b500a41a105a3f2be35303e6.html.gz,HUMAN,0.46678861552678036
NE_2023_fb1658357026865b3dffa89cf701efc9.html.gz,HUMAN,0.20725656396554681
NE_2023_fdd91e5aa4f853e3ac8ec3a84d73deda.html.gz,HUMAN,0.4170990334752442
