File,label,score
NM_2023_677f80a6a0787d46c9a57f55360079b8.html.gz,AI,0.6947505019995235
NM_2023_5b616549989d3e0c5f0a29f34d83a88a.html.gz,AI,0.6061737504547393
NM_2023_1bea2e08ad09f5ac41c438ce788f991a.html.gz,HUMAN,0.46868854638367424
NM_2023_6fadc0a7dae5cc35bec957924c4f788d.html.gz,AI,0.5272318213399251
NM_2023_a56915e42fd0820175c013ffa3e4275d.html.gz,HUMAN,0.28351849215725744
NM_2023_8b47048dacfad86fb4917f0cf4c5f500.html.gz,HUMAN,0.23682259048243212
NM_2023_dc2a7bf18f157801302be7da718507b5.html.gz,HUMAN,0.22649437754937668
NM_2023_e37b3186062b9fcc27ae0d3d92a711ea.html.gz,HUMAN,0.21436258505483594
