File,label,score
NV_2023_317fa9594fda5a4931b2dc3a96a87b88.html.gz,HUMAN,0.20911454910450838
NV_2023_433647c0debccfc6afc6d94a0b0c0731.html.gz,AI,0.9960852311104282
NV_2023_2c3e675e931b5bfb2468e2a7d0b88339.html.gz,HUMAN,0.1934531423184535
NV_2023_460d095d3f8ca9a6d98ed27d59ad6a1a.html.gz,HUMAN,0.42794861988550975
NV_2023_d557829f67f8c660954cd8ed6130c1be.html.gz,HUMAN,0.330933927764224
