File,label,score
ND_2023_6937e9ac843f6a688323f54217864074.html.gz,HUMAN,0.2598962825317385
ND_2023_64ad71d38ce1ef7c2fad26965cbc02d1.html.gz,HUMAN,0.20718694335889346
ND_2023_8e2dbd780394ea92f79dc548a926d81d.html.gz,HUMAN,0.2151704173366402
ND_2023_a869ddc24158d7b4724b92f385732ae5.html.gz,HUMAN,0.18748042475447146
ND_2023_b11a08691d3a06f7466eada6d8d0954e.html.gz,HUMAN,0.39217847038648435
