File,label,score
KY_2023_4f0d878d5288630de07d26dd6e2f6027.html.gz,HUMAN,0.4392422930104227
KY_2023_1bbf3b2918b2d2245e84795d78b80523.html.gz,HUMAN,0.19648707743751473
KY_2023_44ddba8b8f08d1cbb21002f09f50b35c.html.gz,HUMAN,0.23694072621804305
KY_2023_91b46268cf260ebe7cc5b707beaadf67.html.gz,HUMAN,0.19502526607001636
KY_2023_8f62d6f3b782bc581ffbcc2bfefdc752.html.gz,HUMAN,0.1879892963749532
KY_2023_7b745bce3b2aa9ee2ed8df57be00d129.html.gz,HUMAN,0.21601918847836094
KY_2023_d49730e7fd8e684d5b247550612f0c92.html.gz,HUMAN,0.2823494853435043
KY_2023_c11778a9554a7415f05f2d3ab8214783.html.gz,AI,0.5629418529453434
