File,label,score
HI_2023_5ab19a7893968ac9da967ea8ab5c0ba2.html.gz,HUMAN,0.1984840953145814
HI_2023_a95320113c274e8fb6bc94387f0a797a.html.gz,HUMAN,0.3546494153703584
