File,label,score
CT_2023_2b219a66041d9ffd3a077933d03d76f8.html.gz,AI,0.7864404712170363
CT_2023_9f73dad0f003ad2bf1b0b088ea1a2d48.html.gz,HUMAN,0.18924385703503585
CT_2023_ba19205d3329c2828061326e19bb6b44.html.gz,AI,0.6139013238062972
CT_2023_c4d3e89db122f1152ee3607d5225247c.html.gz,HUMAN,0.21508634190499126
