File,label,score
WY_2023_d0e298f73f85f097ffae092f1870d5a9.html.gz,HUMAN,0.27084942358010056
WY_2023_0010a57b7ed4c837c7b55bc8269410ed.html.gz,HUMAN,0.19250052691280986
WY_2023_165c4fde61b905135a24ffddebe11a7d.html.gz,HUMAN,0.19360154257678452
WY_2023_eba8fa6e63851c1ed7511f6163745207.html.gz,HUMAN,0.20785871536055836
