File,label,score
CA_2023_37ef801d442f473d5b5acd55c2e26ff4.html.gz,HUMAN,0.4027595012499274
CA_2023_dea84d348b8f1a8c327ce5d4dd5685a7.html.gz,HUMAN,0.20282671876954203
