File,label,score
SC_2023_37fa813157a78c1dcf1ae99932ef690d.html.gz,HUMAN,0.19228617593360872
SC_2023_155cae0d96c99569fc25f9faf8ea38ff.html.gz,HUMAN,0.2389593386103528
SC_2023_2405b5a6d98736f649bd7339d121b376.html.gz,HUMAN,0.1901485256905241
SC_2023_4edf6bf013b18f9c72eaeb9063d80730.html.gz,HUMAN,0.24279789161100335
