File,label,score
DC_2023_24f9963b261d1fd7d18ba1602fa20ca3.html.gz,HUMAN,0.1883225989163856
DC_2023_030a92b37b426401cb5c0973fd80565e.html.gz,HUMAN,0.3534830979203791
DC_2023_1182417a076c83b98e2fedb383af2f00.html.gz,HUMAN,0.18797871633505062
DC_2023_f85d743ed83f6d55502e0796417d86e8.html.gz,HUMAN,0.23122606250995462
DC_2023_e1a79e0b4e951a63f84e9257428abd41.html.gz,AI,0.7850967508397177
DC_2023_6475ee3dbd2c411acfdbcf995c3ad119.html.gz,HUMAN,0.30950037988677254
