File,label,score
MD_2023_02f75bc90aa8cca47f692ca836828298.html.gz,HUMAN,0.18880082596178033
MD_2023_50d44d79e6018ee16d1209f15ed6a1ee.html.gz,HUMAN,0.18845111420051844
MD_2023_2c8e70bca8fe4e5176800d7c602faeea.html.gz,HUMAN,0.3660130338751715
MD_2023_6fbcd4668055a5c984f989771a347720.html.gz,HUMAN,0.22080633439158223
MD_2023_58ba6e4605c203ace71dfc36ac59f348.html.gz,HUMAN,0.19540470213363026
MD_2023_748a76fbe0d29f65300d7ddb1e853cfb.html.gz,HUMAN,0.19413850753503265
MD_2023_7877eb25be54b738d6375335342e4135.html.gz,HUMAN,0.19650676648604765
