File,label,score
WI_2023_3ce39876280ac336124a38824cd07f2d.html.gz,HUMAN,0.1889221618221255
WI_2023_4c53e86b9b1f490e0c453ac77ae35dab.html.gz,AI,0.6687224543435857
WI_2023_46916322eec042b9f629ceb9aa57656d.html.gz,AI,0.6687224543435857
WI_2023_6385e32b53cf9b8926a7228e1976785d.html.gz,AI,0.6687224543435857
WI_2023_ba503edef17be45c33aa4fabd8d98bf7.html.gz,HUMAN,0.18825000209014184
WI_2023_afeef18334023fc3b7e8796963a7a2db.html.gz,HUMAN,0.20161427560005513
WI_2023_c2f0de77026a44dc989c4722dba5f2f0.html.gz,HUMAN,0.20095152769774335
