File,label,score
MA_2023_c47bf279b245963e188b2ad50af356b2.html.gz,HUMAN,0.4420278517594643
MA_2023_8e8c28fb1bf6ac66d3fe05946081c5ef.html.gz,HUMAN,0.18760801214777673
