File,label,score
TX_2023_61d88a0b947a367ff47b79bc21baab89.html.gz,AI,0.6267228236802339
TX_2023_baaf359178702b8ccb768e57f1f8f2a1.html.gz,HUMAN,0.1947164800525087
TX_2023_7b7f9b5f6818ce4dbc3d51fe1cc372b6.html.gz,AI,0.6237842885068368
TX_2023_e029c12777e51554154a3e62a11b4d6b.html.gz,HUMAN,0.2327796985563583
