File,label,score
ID_2023_b79678126eab6f5383a9de96c0f0ce62.html.gz,AI,0.6330494134622979
ID_2023_24c64caf9e7a1f56afb5432e4c9b6d02.html.gz,HUMAN,0.3509484967381079
