File,label,score
MT_2023_909fc4b31651e7f1c52d56a532bbddc1.html.gz,HUMAN,0.18797274484653695
MT_2023_65e6f7d853a62c9e57994f892f21924c.html.gz,HUMAN,0.2922318937021429
MT_2023_8aaf77109dcea03c633c35fc5e34af86.html.gz,HUMAN,0.18747520945132634
MT_2023_990452f8bff135f877ba740d24d61f0f.html.gz,HUMAN,0.3400455457541809
