File,label,score
DE_2023_b5f12c45a01801932e6c0a503c6401e3.html.gz,HUMAN,0.21856384347465305
DE_2023_a03309f531f328b54eb3b30d119f1457.html.gz,HUMAN,0.21106577698097914
DE_2023_b871805396cdbc4f84ce6c959409a520.html.gz,HUMAN,0.18796305314622752
DE_2023_e48157cdb6e368c28d19b607dafb18f8.html.gz,HUMAN,0.19354823839434504
