File,label,score
NY_2023_07ca8a0e153a705cfe79705ff272905e.html.gz,AI,0.9331587659141863
NY_2023_8a75c539e4207d75a77d66c782185006.html.gz,HUMAN,0.18752219912565027
NY_2023_0e40b29590f784e34074d45f1bd75802.html.gz,HUMAN,0.18850965294721667
NY_2023_d9fc6ad06a6b8e7c91be701236ca709e.html.gz,HUMAN,0.1922697116465754
NY_2023_ed70e4babdf3a65b3000efdb3ab83293.html.gz,AI,0.7064072941334081
NY_2023_ee959619479a679384867825f6ef91e2.html.gz,HUMAN,0.2554824424608502
