File,label,score
MS_2023_53afb2907d7f9c77aba074e3c77ed5cf.html.gz,HUMAN,0.2892774461918352
MS_2023_484a8e3a6fdcdb10fb96d6b5514fadc5.html.gz,HUMAN,0.19358546434589968
MS_2023_5d9e8286396efdcfa5c3a2fc4e9e006a.html.gz,HUMAN,0.18993340641287323
