File,label,score
UT_2023_c22e3263ea7c3e01e530e1e83d1d1268.html.gz,HUMAN,0.2525002145363091
UT_2023_b6b6e0a63553ddfedc52c8f2e95f5f5b.html.gz,HUMAN,0.23494037155746614
