File,label,score
VA_2020_3c6d1f0bf17fa026008134e23961a224.html.gz,HUMAN,0.20181411838786004
VA_2020_0df6e6ea1ce4d740dc914768b0819ac1.html.gz,HUMAN,0.21372564266750774
