File,label,score
WV_2020_7d9346eddfc839847ecbf1fea248a4af.html.gz,HUMAN,0.18940442791622134
WV_2020_acb2a13a619c39a0c1063aaac8926f4b.html.gz,HUMAN,0.3108635117072325
WV_2020_2656b2eb3d399c7ae7a5256eae544675.html.gz,HUMAN,0.18826881285907585
WV_2020_5fd96c4777d14643043d42fd0a4bbf5d.html.gz,HUMAN,0.26169568651519964
WV_2020_6f79258a10be3ff8c416bb51965859d2.html.gz,AI,0.8228738797904146
WV_2020_ef66ecc928c46eeee5bcacfd8d0fcaa5.html.gz,HUMAN,0.26698344325162526
WV_2020_fbd3261789616c05990f4fec2c8fa585.html.gz,HUMAN,0.18752546578006568
