File,label,score
CO_2020_3360220fd3f6e20b070b7c6407c88f00.html.gz,AI,0.8204399718164931
CO_2020_81ceaeae9b32ccbeed4d73e316ee6d01.html.gz,AI,0.9999998272689321
CO_2020_8cf43658bc7d6157dc3bf73f80ef8268.html.gz,AI,0.9999990009039803
CO_2020_92f1ccd34da73a77c5d7e2e337259d27.html.gz,HUMAN,0.4208405792496016
