File,label,score
WA_2020_555ef8285e5a4c0efb92ed66ee66c6aa.html.gz,HUMAN,0.1874925175826492
WA_2020_68dd930147528e74851a86de32adbbfa.html.gz,HUMAN,0.40636402387169607
WA_2020_7a88b021fcb1d5687c286209c11cda9f.html.gz,HUMAN,0.18747525670503398
WA_2020_900695539b37e8a2658e5db32c5d56a8.html.gz,AI,0.5544503133215012
WA_2020_0eb326377e71617436b5fe65eab50a4b.html.gz,HUMAN,0.24680669415615347
WA_2020_92a874da054acff39a28ac0b4b07fa4f.html.gz,HUMAN,0.28316089095025315
WA_2020_cb5f7606791a8dcb962b292d9976a094.html.gz,AI,0.6755342694802514
