File,label,score
FL_2020_a3c604cdbb1375a6ee728bd0cac7080a.html.gz,AI,0.8427699313173131
FL_2020_15649b7a0658ef1813414eed301af791.html.gz,HUMAN,0.21834574287802405
FL_2020_92ac3727f391462bc97c6f08f1d68076.html.gz,HUMAN,0.19398080009723292
FL_2020_295b87af699d052c1ef2aae4015c0db8.html.gz,HUMAN,0.2792521376639716
FL_2020_84d1b3a79a87890a94d04d17259523a2.html.gz,AI,0.5576983558285006
FL_2020_d349f490905d429a85baac721c20cbed.html.gz,HUMAN,0.19060630861353098
FL_2020_af48718ce44cbff06dc93960b96abc8b.html.gz,AI,0.7741989627643486
FL_2020_f4ae4b899322793d14132fb5f6fe6572.html.gz,HUMAN,0.19032218151687375
FL_2020_e36ce7cb1cc37dee767da07ad4725056.html.gz,AI,0.6139013238062972
