File,label,score
NY_2020_cbcc8dfe0a345beaff2fcaff70495c2d.html.gz,HUMAN,0.303321390369832
NY_2020_a8a2ef23f64a87aa9f77b6f56a47d649.html.gz,HUMAN,0.31759407981478666
NY_2020_95f1cad5d114977da8bd4a2c6c61a3e8.html.gz,HUMAN,0.21129699306797503
