File,label,score
AL_2020_79c299dace7444d36b2a9c19ffe7df0d.html.gz,AI,0.8324150254606798
AL_2020_1a0426dc6fabc6f3a57d771534ec2411.html.gz,HUMAN,0.358107824762438
AL_2020_b4707929ef42dd40df1a45127baef20e.html.gz,HUMAN,0.18747618218214954
AL_2020_8124c9fa2268ea444d2a0e60542a4527.html.gz,AI,0.5951403062527798
