File,label,score
MT_2020_2d4b895c77c6f2529307954f1b3c6307.html.gz,HUMAN,0.2651731342657107
MT_2020_3aee10289887d7e5b9b3074e5fd4fbc9.html.gz,HUMAN,0.18752038916548927
MT_2020_bb5c8364b914f81426d691370b46b281.html.gz,HUMAN,0.2846765374644655
MT_2020_b5c765852e8eaeda294b3508489fb1ca.html.gz,HUMAN,0.19409688303657774
MT_2020_9f31d9b8608b7fc75b0369f5098a59b9.html.gz,HUMAN,0.31974433132248564
MT_2020_c4b9a348d1dcae5e104de2f2b47f4f56.html.gz,HUMAN,0.37410560207804244
MT_2020_de6a21b13d5172b14a98b09f08259b92.html.gz,HUMAN,0.1876610579937167
