File,label,score
OH_2020_1f82cb71d06583358728251e4a8d6e4e.html.gz,HUMAN,0.1893837930427529
OH_2020_7aa920f38e8883d75810f038e1706149.html.gz,HUMAN,0.24688190031500215
OH_2020_9511de2185d6886bd9735f79ecd0deb1.html.gz,HUMAN,0.18994673710066717
OH_2020_e4ce81a8f9285441b9a04fd45af92dc1.html.gz,HUMAN,0.23517133636145315
OH_2020_7f4392c7cca267518c3fc3b1b68f2e07.html.gz,HUMAN,0.18752523663581075
