File,label,score
MO_2020_172614462451e4341be0db3928e0472f.html.gz,HUMAN,0.4847975913402614
MO_2020_215395f3ce49156c94c705a3f87cbe8a.html.gz,AI,0.7252708864823568
MO_2020_4e51215aa10f3932561e4e37c8e4c7bf.html.gz,HUMAN,0.3246858980794384
MO_2020_201f1826be9dff90ae94eb8568aec159.html.gz,HUMAN,0.23737782907485558
MO_2020_19aaf564e247893975802ce934a3a2f5.html.gz,AI,0.5425787114437325
MO_2020_b86aff86cd2cf16b6aee91c200c1976d.html.gz,HUMAN,0.23737782907485558
MO_2020_56c94fcbd94309dc83af153f3340b9ef.html.gz,AI,0.5544503133215012
MO_2020_b54f02f98c6824abe881ef240961fed1.html.gz,HUMAN,0.34644848028990216
