File,label,score
AZ_2020_4d682c3ca0c4fcd76f679c1415251fdb.html.gz,HUMAN,0.19457467845146514
AZ_2020_d56bfaab0bc871ed355287917d150ac2.html.gz,HUMAN,0.18819145516155739
AZ_2020_56ffa9cdda554c1e8c3c8d0db29bd6b2.html.gz,HUMAN,0.18819145516155739
AZ_2020_b201189d6e4db848b2cd3740148397bd.html.gz,AI,0.5086567262896161
AZ_2020_4fde48093a5d0a88a5911e8eb536cf51.html.gz,HUMAN,0.19904995914253912
AZ_2020_efe01ecf0dbf6075dd1c9e809373f298.html.gz,HUMAN,0.18819145516155739
AZ_2020_f63ba52d64709bdeeb43a83d227e04d9.html.gz,AI,0.7292060288864947
