File,label,score
NJ_2020_fd3874d77013bdb9c97b961a1e508ec3.html.gz,HUMAN,0.20300929971972262
NJ_2020_3e52ef721d9cf2f821c64390f4d000d1.html.gz,HUMAN,0.27492893018294107
NJ_2020_05cc20cd5b13217f620fa3374fb50ba2.html.gz,HUMAN,0.23739933615062703
NJ_2020_49bc8be1f3e52e62c49c6716de88a0f3.html.gz,HUMAN,0.19572833711378143
