File,label,score
ID_2020_79f40cda212c098b7bc41848226d5220.html.gz,AI,0.6140716005205964
ID_2020_c680cf21a0ae40c7f939ab2bcc5aa29a.html.gz,HUMAN,0.19413850753503265
ID_2020_0007b196671236809528b88d2bc3574c.html.gz,HUMAN,0.231777941534522
ID_2020_6afaf0171a2f3da2a389a76f6f774c13.html.gz,HUMAN,0.2769882626688006
ID_2020_0bb16b88fc8a43194336473fc389a126.html.gz,HUMAN,0.19644147516419436
ID_2020_f04895105c2a93c243fbd5d7669b1af6.html.gz,HUMAN,0.19356426585270486
