File,label,score
MS_2020_57df4e516c9ec40e3d66769c962a507a.html.gz,HUMAN,0.18913664208240324
MS_2020_658de064acdd65f5c8eb03f152d44bda.html.gz,HUMAN,0.2572343650967707
MS_2020_330b9ecf3c8235c6aee3ac68a5e33d73.html.gz,HUMAN,0.3195243009677127
MS_2020_607a00006f5d2bde8e0b918bc7754782.html.gz,HUMAN,0.19329095195410723
MS_2020_37fd356a42514d23590013a56d32be56.html.gz,AI,0.6214117577994785
MS_2020_6ae0bbfc419e6a745cc051d80f621c03.html.gz,HUMAN,0.20234966567349802
MS_2020_6ae6da82cdf6e8dc754f23596eb2996b.html.gz,AI,0.667716504112834
MS_2020_900473c2498af95adaf33419d2dd2861.html.gz,AI,0.5662092225467483
