File,label,score
MD_2020_813f65df7c8669d590b5a731e54e1c3a.html.gz,AI,0.9998959194997393
MD_2020_1906ea5c4d208886e6c9490df49d79ea.html.gz,HUMAN,0.350839828313457
MD_2020_8e32c81f6becf1e37ba0d1bae9dd3402.html.gz,AI,0.5152974194729296
