File,label,score
VT_2020_13252e0cf5900f9d70524015eb96733c.html.gz,HUMAN,0.2052146529350215
VT_2020_e55b2a15b0a1cb26d1bd8f7428d18b16.html.gz,HUMAN,0.2109889858194686
VT_2020_c329157fdd8c169ac0c0eabca19b603a.html.gz,HUMAN,0.20602405175523322
VT_2020_995b3ee316b74182aa853cd1e601132c.html.gz,AI,0.8874215086860501
