File,label,score
OR_2020_2254669bd6332cb416d59439f6b239c2.html.gz,AI,0.8643067862754467
OR_2020_2ad6096b8388b775cef4e55c22909804.html.gz,HUMAN,0.18981785085455313
OR_2020_c8e6d6c84bbf6b8cc583b0a8c3607b3c.html.gz,HUMAN,0.18760569546584593
