File,label,score
AR_2020_f00e6860dfe911f2ae541fb4b2168544.html.gz,AI,0.8970229113611913
AR_2020_11ac47e385fb295e07aa1bc898bfe031.html.gz,HUMAN,0.20697889413266304
