File,label,score
LA_2020_682b2671cb5132d1cd963a29b75a4385.html.gz,HUMAN,0.20131140086008886
LA_2020_ac23d0a3e41eb5ae47c7d00191212383.html.gz,HUMAN,0.44036466056040247
LA_2020_29db753670e04b45069b98af8af38413.html.gz,HUMAN,0.2452344474679081
LA_2020_659a571bf4aacc6c86fb33a0e0981f84.html.gz,AI,0.9990958731942752
LA_2020_0de12c53abc1ef9bd5045e9b9fc51493.html.gz,HUMAN,0.2379368315885815
