File,label,score
WV_2020_9b0d2abcccaa13032c9fb06326d5ca73.html.gz,HUMAN,0.28281645206506617
WV_2020_4c2714d103a88ff3b235e52aa77342ce.html.gz,HUMAN,0.3082364575108025
WV_2020_fbd3261789616c05990f4fec2c8fa585.html.gz,HUMAN,0.1875190421890254
WV_2020_bf12f87e8e3b9449c6a07db375017d61.html.gz,AI,0.6085419416830478
