File,label,score
KY_2020_c5e4bfa41a98cc461f985d82889e29b0.html.gz,HUMAN,0.2053581170966896
KY_2020_80ad590508ce7c54230faa3c0df2a99f.html.gz,HUMAN,0.19207440229124711
KY_2020_1a1fcadd10871ed0a4984c8aef75a3dd.html.gz,HUMAN,0.3120099757095286
KY_2020_267d27e5a2d30b07924b886181c3eab6.html.gz,HUMAN,0.21335417524738498
KY_2020_3a833d876b5d02d26ee7d149e8060ef2.html.gz,HUMAN,0.18783769758871394
KY_2020_e9bbba395655e6449c092fcd357ed260.html.gz,HUMAN,0.33248926473115686
KY_2020_e6446b6e077488434516f3c7f07c2174.html.gz,HUMAN,0.4840873449495749
KY_2020_ee5966d6a9ecc2dd4033e187b988dee2.html.gz,AI,0.5167803878777611
