File,label,score
NY_2020_a92f7fc7367cc62188f873708057d9ff.html.gz,HUMAN,0.2262511161535891
NY_2020_539c48fa05b0ebc129264a9933679d54.html.gz,HUMAN,0.2444347310279407
NY_2020_a8a2ef23f64a87aa9f77b6f56a47d649.html.gz,HUMAN,0.2180555347094451
