File,label,score
VA_2020_bd32160efeb81c616e9f1a0a221a9516.html.gz,HUMAN,0.1964642610961439
VA_2020_a5b78b4184bf344690148f514989a51f.html.gz,HUMAN,0.4436513501813463
VA_2020_3d4178e164629e92f5fb69a6f74b12f4.html.gz,HUMAN,0.21821160489049965
