File,label,score
TX_2020_80d75200bafbca052f79074d9f6f32d6.html.gz,AI,0.8612074951004544
TX_2020_9ad1d7a77931b3651ccd4d1f4c732391.html.gz,AI,0.5332570263480707
TX_2020_d839fd9e322dc905c2c523248c5289e4.html.gz,HUMAN,0.19406074713867974
