File,label,score
NH_2020_89d5999e24de7a59cff26299bf8746f2.html.gz,HUMAN,0.3509484967381079
NH_2020_c05dee997785e0c851a9317c23f0e3ca.html.gz,HUMAN,0.3509484967381079
NH_2020_7b2396ae587a785786e5a497673f3ca3.html.gz,HUMAN,0.202304974004734
NH_2020_2d4df70134e6e48579b4e45923e79d52.html.gz,HUMAN,0.3509484967381079
NH_2020_b6ac78628249a0d6d1ca88f5e3e3e034.html.gz,HUMAN,0.3509484967381079
NH_2020_e55b2a15b0a1cb26d1bd8f7428d18b16.html.gz,HUMAN,0.1897724184945431
