File,label,score
PA_2020_0fb3c2bde62edf7c7a66b9e77a958f5a.html.gz,HUMAN,0.19818524111126457
PA_2020_db9c41dedcf424430c54d6aa246bb109.html.gz,HUMAN,0.40395708948514636
PA_2020_5b29d27998f90436585484b49d1a55b2.html.gz,HUMAN,0.4756262346349487
