File,label,score
DC_2020_039a77e5b0cab215086746813f5391c2.html.gz,AI,0.6959048981825269
DC_2020_6f5428fba38e27417fed1cd984776d36.html.gz,HUMAN,0.2923608579001504
DC_2020_70e293239db1695dfb906cba06f783ea.html.gz,AI,0.5000955389930524
DC_2020_d0841b0b5b79895a3c64b8685edaadbe.html.gz,HUMAN,0.2496211086498988
DC_2020_663f43f3483fefc3a7c7cf9c96e4a4fa.html.gz,HUMAN,0.19843689754829646
DC_2020_efd9368d50757c21841157772046582b.html.gz,HUMAN,0.20151292479886704
DC_2020_fcb9e31d068c1bcf465ae3dac55b1d62.html.gz,HUMAN,0.19637016723692327
DC_2020_ff4fa97a01ad8d59a6099c6a4350989d.html.gz,HUMAN,0.1874943806978578
