File,label,score
DC_2020_a75eb98ac45f5314c8d6ec3775eb2ac1.html.gz,HUMAN,0.4469607732418426
DC_2020_6a15a2bf3777e31ef4f97da38baf7448.html.gz,HUMAN,0.19067464984190005
