File,label,score
GA_2020_284fac2d4b1bc84f7377dab269e10aca.html.gz,HUMAN,0.3117072410669796
GA_2020_54b1f857c91e954e0c9b8f6bb8165887.html.gz,HUMAN,0.23184712608877522
GA_2020_8124c9fa2268ea444d2a0e60542a4527.html.gz,AI,0.5951403062527798
GA_2020_6177dac4f2847eac8fc17dd3c5dca930.html.gz,HUMAN,0.18957355033086373
GA_2020_8b65e0bfbc42d2be94d53bd739c989ee.html.gz,HUMAN,0.18972743711796955
