File,label,score
MI_2020_1fbc14f3a14dc3b8b1fe45260041f2a1.html.gz,HUMAN,0.2647731146645444
MI_2020_1f814cfa27b26d485f3e2a8bc085e2b7.html.gz,AI,0.8353320013129193
MI_2020_4d18bbd9cab3f4778a93a52b2c2f93ba.html.gz,HUMAN,0.36386957184076674
