File,label,score
NC_2021_4ac50a2b782193429ef4cf5585785521.html.gz,HUMAN,0.18802719559874173
NC_2021_89259413204c4b4772be6feb3778bdb4.html.gz,AI,0.5777200411054987
NC_2021_900bd410cae76a9cd61e84f635f472a4.html.gz,HUMAN,0.2052922574343041
