File,label,score
AK_2021_9eca5589e73139ebea4d32b464d699d0.html.gz,HUMAN,0.20216724320181595
AK_2021_8f375827012b5a777a8f7ccd7c7cde40.html.gz,HUMAN,0.189203125992954
AK_2021_c7cba8317ce124bc9ce22adc55e37a51.html.gz,AI,0.5502246080957915
AK_2021_62cef94eb1294a0d6b4633e73d0ffe66.html.gz,HUMAN,0.31996459858124127
AK_2021_0f4cf692f6e93a72d2421e45c2b1cd67.html.gz,HUMAN,0.20425654519529848
AK_2021_ce6ce357cdce421693c80d1d6ee2901c.html.gz,HUMAN,0.19029703336123346
AK_2021_d0be5d9ff93f6b6d9ce1960ce11c34c4.html.gz,HUMAN,0.2260399199644288
