File,label,score
ME_2021_2be51bdd2296d2650a122b14f5379bc5.html.gz,HUMAN,0.1926386396356673
ME_2021_182a39f4a6d49164eed24d5da18d90fb.html.gz,AI,0.9755832975315343
ME_2021_5a92ae7ebfdbd85d28a117a2ecbd398c.html.gz,HUMAN,0.1875010314516694
ME_2021_05014e281ea1a8f517924dc3d4f2ab79.html.gz,HUMAN,0.1966906028113694
ME_2021_104d579523ef21167379afd84522fa97.html.gz,HUMAN,0.1926215646238595
ME_2021_c7c1b5ccf92bde6a36acf594756454ad.html.gz,HUMAN,0.250303135381998
ME_2021_c8168ca7daf936a71940095d4402c8b6.html.gz,HUMAN,0.28898609600103187
ME_2021_c1114773a74da0c25e80d82e11372f4b.html.gz,HUMAN,0.3117072410669796
