File,label,score
MA_2021_d674f17344d31cf736c51d1a4462ef96.html.gz,HUMAN,0.18748704853866185
MA_2021_0c324017d92e545d90dfecf5551950c0.html.gz,HUMAN,0.1890514385307969
MA_2021_c5b872bd57900607de8f735c3cddaf3f.html.gz,HUMAN,0.2039398181909308
MA_2021_530b05c0f63f735096c13e727f1632f6.html.gz,HUMAN,0.19876869505598052
