File,label,score
KS_2021_19f0177cf282d8c7aa93a1f8a89995f5.html.gz,HUMAN,0.18798326209754226
KS_2021_4e104614e11e06076d91aa96ca4635e3.html.gz,HUMAN,0.3400892189909885
KS_2021_4c60e3cb198e438b09450822512532d4.html.gz,HUMAN,0.29312050122616906
KS_2021_4a6ab5af9bf0d636fd44f0cd918a0854.html.gz,HUMAN,0.4035282215239542
