File,label,score
SC_2021_93c93e3a10196cf5bf0a6cee86ec799b.html.gz,HUMAN,0.28025537266519046
SC_2021_77a2c27995640fba340711c033959433.html.gz,HUMAN,0.25307764941760813
