File,label,score
NY_2021_502a5f2d2dd6e02d8ef035421d5ff970.html.gz,HUMAN,0.2883509016781204
NY_2021_355aae50ebc1a01a63583abbc984d012.html.gz,HUMAN,0.19868811929890523
NY_2021_d7fb1867eb891330231964c3060030cb.html.gz,HUMAN,0.18778200190154629
NY_2021_b2cd3b07f80777a9d69858ca25e9ebbb.html.gz,HUMAN,0.18752381873786206
