File,label,score
NE_2021_92ee04db70684e58aadd89d78b088d44.html.gz,AI,0.6887426709546101
NE_2021_e4aba383556afe627d9d5d3d9ec3d942.html.gz,HUMAN,0.19437463600080523
