File,label,score
AR_2021_2b0ef3be9033fc8d89f446c0fcbe3398.html.gz,HUMAN,0.1896403410783231
AR_2021_2685c163f0fb328cbf33ae9ceb4373dd.html.gz,HUMAN,0.20175571484338492
AR_2021_2195e434408a816d2bda84a1f6508bae.html.gz,HUMAN,0.21287644524529234
AR_2021_4326e32f104be407491056a1db7a28b3.html.gz,HUMAN,0.19887184533549496
AR_2021_7a3c8bdcf97bccdc3eb45fbda7d38f70.html.gz,HUMAN,0.19401937598381697
AR_2021_a0be94ede84fde16d482eefa38d3e543.html.gz,AI,0.8637934734647227
AR_2021_86a28b213e63d1b07281cd5c01499e8c.html.gz,HUMAN,0.2738259949632254
AR_2021_d411e8553106ce1622009f3f3859d265.html.gz,HUMAN,0.2349051011397504
