File,label,score
ND_2021_9e5de4a6acb5182e8a5b3039c419ad70.html.gz,AI,0.5469426526203738
ND_2021_2dbe1383e1fe53a238d91adb3b85ece9.html.gz,HUMAN,0.19175600404940046
ND_2021_4b771f52994453836f8f15d94e191561.html.gz,HUMAN,0.1876111026808971
ND_2021_38928f9814fa81801c0182d66956cde3.html.gz,HUMAN,0.28115546723962387
ND_2021_6a3ac81bf63beb5212858ab2abd3d830.html.gz,HUMAN,0.2441453144372272
ND_2021_cbfb0e9a527a4787e626996f8efd4bab.html.gz,HUMAN,0.228849619198286
ND_2021_e89e2a7d0539a1c8173dccd0946c3b15.html.gz,AI,0.6210163600608037
ND_2021_a5b6e03086b61ed5b34c7c23ca7fbe3d.html.gz,AI,0.6409530668079478
