File,label,score
GA_2021_478cd2a329d3d471ea3ea8d10ed809ed.html.gz,HUMAN,0.19671691502473354
GA_2021_a3f76578dc49e478a6cb00b75c0b5e14.html.gz,HUMAN,0.3779675207479091
GA_2021_09a408db81e090d54fa4f067994b28e2.html.gz,HUMAN,0.23803410909702927
GA_2021_0829d61dc2006665ee2a9f416a9cd91d.html.gz,HUMAN,0.22218481077895802
GA_2021_3fbc1c99920999badee78718566991c3.html.gz,HUMAN,0.46335057289569165
GA_2021_bd9d9b90c609b76e84f6e1e4f773228e.html.gz,HUMAN,0.19783472917114872
GA_2021_fa4293fb6a9389e09b85167db8520e87.html.gz,HUMAN,0.19095986182006192
