File,label,score
OH_2021_00623d83cf701d9d0e3f3e8ca5ba6b9b.html.gz,HUMAN,0.23924828773249793
OH_2021_803226b7136a89c5178d6a1cfffdb899.html.gz,HUMAN,0.19023637290861317
OH_2021_755dce389744dc91811809e9d6e2692f.html.gz,HUMAN,0.18796824662871983
OH_2021_38af72a59eb5e0a97e592368dc89b4f8.html.gz,HUMAN,0.2645784570808529
OH_2021_81b07275a59b1b704ec5d5806c0fd099.html.gz,HUMAN,0.46659239943110076
OH_2021_c600a2d24973a72a0c7aab08111ccf69.html.gz,HUMAN,0.36975182181070193
OH_2021_d1046a4c4aeaa133ddbef21c4ac71f7c.html.gz,HUMAN,0.18815426991934173
OH_2021_e774964fb1f50912ad86d63f48c5dab2.html.gz,HUMAN,0.1897724184945431
OH_2021_d34f8744eb208d73435409bd15459585.html.gz,HUMAN,0.18874996720869872
