File,label,score
AZ_2021_b7a722017d6682cb230452ff9c0a18a1.html.gz,HUMAN,0.2187439439394348
AZ_2021_ecf45b380c89096a52b3ea0ebbc1253e.html.gz,HUMAN,0.1996346470797626
AZ_2021_df66f7526e37eca2bcc13ce3d1e59a6d.html.gz,HUMAN,0.39304971891006635
AZ_2021_0b05f449ed30203e5508a1a8e75da3af.html.gz,HUMAN,0.42335409125076473
AZ_2021_b90f26b2eb2f8bbee17f5fd2a0bfa382.html.gz,HUMAN,0.20575607449496047
AZ_2021_f47291083c16589e3d05d716355a33f7.html.gz,AI,0.5796736659270815
