File,label,score
DC_2021_d5420d2c24ecfd945710ccc35640aae8.html.gz,HUMAN,0.20033720765093221
DC_2021_56b2208fcb2efdb6cd58821955f7ff3a.html.gz,AI,0.6124912134709597
DC_2021_7ef23aa9a7594eccb000c2e5bba383e0.html.gz,HUMAN,0.25694255621251233
DC_2021_61848157c827d9c4aa04d2a29462bb2e.html.gz,HUMAN,0.20622644154949904
DC_2021_aa160d4eb177a9603c10eb8b22a0214b.html.gz,HUMAN,0.18750364006013098
DC_2021_e376480a358b306fa8113480ae1c2436.html.gz,HUMAN,0.28972989501609553
DC_2021_ed1aec2c7044ca578f7fb22af1101441.html.gz,HUMAN,0.24688190031500215
