File,label,score
PA_2021_0ce18cbcecfcea4bcf520cfcb68dc07b.html.gz,HUMAN,0.21233884313542745
PA_2021_6ec0f6f9b086d1af886bbd2366ba5897.html.gz,HUMAN,0.1898194278442229
