File,label,score
SD_2021_41862670fb2e1ca84149946346cd43a3.html.gz,AI,0.7803610125914906
SD_2021_a73ffb3b8999e0217e7d082c8dfc1034.html.gz,HUMAN,0.2803648418073824
