File,label,score
OR_2021_ab1524a58920b548496c542f667a51e8.html.gz,HUMAN,0.21231359147600534
OR_2021_d03eaa7d7deecce2f8ab6a8307ee366b.html.gz,HUMAN,0.2062988562042779
OR_2021_b831d77d2102225eb8838d16df5d37c4.html.gz,HUMAN,0.3094859483511768
OR_2021_e624ab2a4f7740cfd5d8e0cfd4c4d2b8.html.gz,AI,0.5477078577482005
OR_2021_9dd170f99b6856d528eb9df0472bbcf7.html.gz,HUMAN,0.24588639164954837
