File,label,score
IA_2021_64cafcbd2143b0e00bff96e16831c758.html.gz,HUMAN,0.36334080061137636
IA_2021_94495a3dc3c04e7db498f952f5f0fd8e.html.gz,HUMAN,0.2005032250396463
IA_2021_8c9410feb5ec1f5c4dc0bffff9427700.html.gz,HUMAN,0.23078199551481046
IA_2021_13baec15bf4f3e7162ff2ed89d528dc0.html.gz,HUMAN,0.2268602741134254
IA_2021_c7307c0570490fb1e55cbc366df653eb.html.gz,AI,0.8222672091124922
IA_2021_d39b0dd6af0f1378f698183b2bf94104.html.gz,HUMAN,0.26277339053022974
IA_2021_efe57629a0c504dae4ad93e11a56a544.html.gz,HUMAN,0.19197611187530694
