File,label,score
IN_2021_f6ac8ecdaf7f4e2f7aaebb7ff9d7bfb0.html.gz,HUMAN,0.24963262264835953
IN_2021_95b71de28c7e5723b7f42b6c6afe04d3.html.gz,HUMAN,0.2413901077305688
IN_2021_f8687f742ca4f394aa375a8e7e50daad.html.gz,HUMAN,0.21750186135152255
