File,label,score
PA_2021_64f52f28976c74194e6c2223d51c2823.html.gz,HUMAN,0.3642851076919655
PA_2021_a587a809336c329102e03cc64922eb6c.html.gz,HUMAN,0.23910408874583122
PA_2021_bbb60153c9428ef3753d90c8b833b0b2.html.gz,HUMAN,0.19673686657955242
PA_2021_c78d99fd0cdb56b495e089c723277e22.html.gz,HUMAN,0.19614493130869143
PA_2021_83cc6c858ef9de3c2063f7ef28b4d633.html.gz,HUMAN,0.19174263870699143
