File,label,score
UT_2021_11a43c3363b01f0b8e4771ad6036e3a7.html.gz,HUMAN,0.28316089095025315
UT_2021_d3c636919259b8bda32632847a30a8af.html.gz,HUMAN,0.2113409949523555
UT_2021_fe51d7ad402eacd6548ef3d7d200b636.html.gz,HUMAN,0.22563354980400424
UT_2021_b1292998f4dea5fcaf9d46a0a9904c71.html.gz,HUMAN,0.2441613694052076
