File,label,score
MD_2021_240da935f98bd26f2c6281564725744f.html.gz,HUMAN,0.18864321105889362
MD_2021_7a12007585ab36c08fee00108cba7fda.html.gz,HUMAN,0.21441896228879306
MD_2021_b63a35b3a8082a88f52d20952b6d5d2a.html.gz,HUMAN,0.1914385008655535
MD_2021_348bf2f9c9a3edfe33fcf0de60b2229d.html.gz,HUMAN,0.393923195344692
MD_2021_61d7fb6c62be4472baf2e6b43f6db845.html.gz,HUMAN,0.35903437641557306
MD_2021_f1f82da026154bedfe47575875bb9a8b.html.gz,HUMAN,0.24688190031500215
MD_2021_dc59544ae6ab27bcc72c31bad56182ed.html.gz,AI,0.6534057511753586
