File,label,score
NH_2021_0232f5a1b09100f01332f983ad52a25b.html.gz,HUMAN,0.2053581170966896
NH_2021_0e11f657e47de70c2ba65574bd55cb2d.html.gz,HUMAN,0.18897760233470332
NH_2021_cc8ebf3785b2181ed3d272da98f25c73.html.gz,HUMAN,0.187497736056274
NH_2021_4c3fd99029e45f5ac6841b8a27cc4650.html.gz,HUMAN,0.20400290056603035
