File,label,score
FL_2021_3d9b2893d3323e417d0d3b4cd834a936.html.gz,HUMAN,0.3103235742024154
FL_2021_028ddd1819e3b350efca746e62123248.html.gz,HUMAN,0.2202063924343998
FL_2021_577adcf503a4aa838f36dc2b2729ac17.html.gz,HUMAN,0.2415420589985011
