File,label,score
NM_2021_30f67a74261761c0ea307c6a2fd6efb4.html.gz,HUMAN,0.20697889413266304
NM_2021_c1d12ba794960c6eb9b6cd65ce03c8d3.html.gz,HUMAN,0.19202622682801765
NM_2021_8e37848e782845e3e64467edaff74379.html.gz,HUMAN,0.19682976016526932
NM_2021_b4aeca0afa3e83be6312fe086ddf5b61.html.gz,HUMAN,0.390731344128452
NM_2021_be498044010ec7c649c359130a8edfc8.html.gz,HUMAN,0.24254514828183327
NM_2021_e4c81ac20841d8e2f61ba240827902aa.html.gz,HUMAN,0.21475725465124126
NM_2021_ded977485b0beb0de0423a5d85a57fee.html.gz,HUMAN,0.3953839363826657
NM_2021_c653250fc2dd6000abbee029e760a064.html.gz,HUMAN,0.19204004043186465
