File,label,score
NV_2021_a8ea90ec543808286bb0676eaf67c604.html.gz,HUMAN,0.18991167767417855
NV_2021_d8b52678d34f12c68f099112b5a3420f.html.gz,AI,0.7236153895117692
NV_2021_b10a0ad750a26fc1f336485161e6cd4a.html.gz,HUMAN,0.20870067924840258
NV_2021_262117e4e574ef55acacfa0edcdaeef3.html.gz,HUMAN,0.38075594373492333
