File,label,score
KY_2021_5a67323065fad3fd4fa65503ff262bc1.html.gz,HUMAN,0.49611011445596637
KY_2021_3d087693ba91954fbb164e4c0743fcca.html.gz,HUMAN,0.21231359147600534
KY_2021_a1071cc72e8c74eaff18da9c7d0a3ea4.html.gz,HUMAN,0.19557348214193696
KY_2021_451fa7ab285030b163889bcba02b1e7e.html.gz,HUMAN,0.18900508142650907
KY_2021_75c31bbc1cb7ab3e057e986242818b5e.html.gz,HUMAN,0.2153659538155183
KY_2021_c9f1616ca142ff6af2839c5e14415ad1.html.gz,HUMAN,0.19735272923947703
KY_2021_a41786faf4e02b14a695c4ef9085842e.html.gz,HUMAN,0.2562354296037111
KY_2021_a48494b39dc4b2dd6ef02b33f467597b.html.gz,HUMAN,0.22403327182643287
