File,label,score
TN_2021_6122d41bdd745a4f5b1c82efc95150dd.html.gz,HUMAN,0.19995801305729172
TN_2021_c0851d2386cfafccf7d3c1201ba617ae.html.gz,HUMAN,0.19548737701000157
TN_2021_398e0f566bc9533d2286bc78ac9f969b.html.gz,HUMAN,0.23494037155746614
