File,label,score
OK_2021_040b71e864124eefb06ecea22491b4c0.html.gz,HUMAN,0.19570354346512908
OK_2021_198f670e111afc2ecf7e19362bb956bf.html.gz,HUMAN,0.2518198928501982
OK_2021_98cae437b8d99cbabdf069540848c902.html.gz,HUMAN,0.27585926186623055
OK_2021_904394c71f397546c8c06e8641165605.html.gz,HUMAN,0.23359070071938604
OK_2021_8079a7feb0b25ddf6b6f48be3839dec6.html.gz,AI,0.7365975422695996
OK_2021_dfb59f4c2feef559b20c3662e1e26abb.html.gz,AI,0.7384337259197831
