File,label,score
DE_2021_316883bf72df029ca849499f62b19d5f.html.gz,HUMAN,0.3555286102309727
DE_2021_6631ab4ae741d6646513c4456878cb69.html.gz,HUMAN,0.3841349269342904
DE_2021_e2c431c4341180c5261d81f09f52841d.html.gz,HUMAN,0.19354823839434504
