File,label,score
WA_2021_128e4869037887605d35fafd0e1dcdbd.html.gz,HUMAN,0.1881986211119235
WA_2021_494228abd6f43210f8abe8a0d3d42531.html.gz,HUMAN,0.18901429697730657
WA_2021_5f659a0843a33ff01ee3793e17a5f7ce.html.gz,HUMAN,0.19542606711184474
WA_2021_3ac158e76dd2901e3d85bf5ee49f4fdb.html.gz,HUMAN,0.18787428466731387
WA_2021_44e5c671d117da27e16033f0e0a1ae54.html.gz,HUMAN,0.24197204730937058
WA_2021_6b408e16a46c996d06f9b53d7cad6f4e.html.gz,AI,0.5561563668962324
WA_2021_b5e140f9774ee63b5fe12129048779e0.html.gz,HUMAN,0.20904137433505962
WA_2021_a6027e2fdce78e6ae8f82814434d2b3e.html.gz,HUMAN,0.19302167347082078
