File,label,score
AL_2021_39e2419bed0850b1cd3eff57872a4170.html.gz,HUMAN,0.1896623326217312
AL_2021_785ce4f931d3a8deec74426ad06a400f.html.gz,HUMAN,0.20970492031575366
AL_2021_8997ba810911150c0d69152d3735fdf4.html.gz,HUMAN,0.25840928302740995
AL_2021_9ee5792a22032475c177fb25040f7837.html.gz,HUMAN,0.20489989123562968
AL_2021_22874abaa96ecd1be26b876a720c216f.html.gz,HUMAN,0.19034744315533392
AL_2021_aac25f856fdf9028623e131145a5f393.html.gz,HUMAN,0.187513057452252
AL_2021_b27d92106f2f9039ed3426897568bc17.html.gz,HUMAN,0.4167673816816767
