File,label,score
MO_2021_89757e74426e236f9ea255ecfe47d663.html.gz,HUMAN,0.26551564920469406
MO_2021_9dbfe8ee221dd0fdd2fb0bbe6ac6d671.html.gz,HUMAN,0.19309037097144202
MO_2021_1d2ee9dac3068bad96f7dba44cc08dcd.html.gz,HUMAN,0.3443681971515486
MO_2021_9f6c4acdbf243ad210d98a65600c5bbf.html.gz,HUMAN,0.20266454573813378
MO_2021_51b8da6a949a3499ed0c8945d3f832bf.html.gz,HUMAN,0.3718034941538115
MO_2021_c1aa0069d47e65d7481f137d38be01ee.html.gz,HUMAN,0.35210350267231233
MO_2021_b5d025041dfa18b27db862965a74e032.html.gz,HUMAN,0.2666665265761927
MO_2021_d8544493f692ba50cfb09a2269334701.html.gz,HUMAN,0.2288968089527582
MO_2021_dfb57ff5572a8bf0d2d196f4a2484815.html.gz,HUMAN,0.19603651990336715
