File,label,score
IL_2021_4dd696dbc9bd9cbe575ea06919c83ff2.html.gz,HUMAN,0.28724624528242504
IL_2021_275b6d005af0d52db8dfe2ac5fd04c29.html.gz,HUMAN,0.26727238707269096
IL_2021_0143aef6d6d6b32976d0d348b2c350a1.html.gz,HUMAN,0.19788734122478452
IL_2021_61ffb53367ce0d330042dfcb7675f1f9.html.gz,HUMAN,0.1956197058001049
IL_2021_0ad7aa8a827b6c626977f8c7a88be913.html.gz,HUMAN,0.2410435090070203
IL_2021_9bf070be824989d3670a5fc04a6835d5.html.gz,AI,0.6372270597713081
IL_2021_b71d068eb8037928c1f5f0c325f58773.html.gz,HUMAN,0.3350899689124051
IL_2021_d7a78d7b58f38963b77764fb986e3f09.html.gz,HUMAN,0.28286100195078856
