File,label,score
CO_2021_46d4bb6fc6d24a880ba443f374d2657c.html.gz,HUMAN,0.30700952194773656
CO_2021_38530066bd8fe384ec393428233a5141.html.gz,HUMAN,0.331514669734057
CO_2021_425e6163113d7c4aae417a8accfe5da7.html.gz,HUMAN,0.38756949239919714
CO_2021_4130509c93f9ed02d3afc602cfaceb3a.html.gz,HUMAN,0.22203591018970992
CO_2021_4ca8111a5bdb599d4ae2aa6281b818e9.html.gz,HUMAN,0.2949040544184887
CO_2021_6e7a953bd66c4d7695762aa5d9204f5d.html.gz,HUMAN,0.23739933615062703
CO_2021_6eddeee2e4d6f82533801fc5142cf796.html.gz,HUMAN,0.23386033591490193
CO_2021_a6f55726e588d63cdbe0dff00adf7b70.html.gz,HUMAN,0.31328456151465134
