File,label,score
ME_2023_f3f76e781d5fe634b290c12a1bb26842.html.gz,HUMAN,0.21767229876621103
ME_2023_1edba16a85aef52dc777cdcc84d8f17d.html.gz,HUMAN,0.1924668799151556
ME_2023_13cda8e5dd1c9f956b0d0337f43d67d5.html.gz,AI,0.8335855402606945
ME_2023_51282e5d8db9afc6a47edd502e4f7d1f.html.gz,HUMAN,0.21798878717957848
ME_2023_84bcce414fd0f6b481daf77a8a6d5827.html.gz,HUMAN,0.3539929890011771
