File,label,score
PA_2023_b864cc599bc4ba1ff99463aba17ae502.html.gz,HUMAN,0.1953620623513704
PA_2023_0c49e22873c8fb98ba3b9062843e3db8.html.gz,HUMAN,0.34595340968312893
PA_2023_76447259d706c94a5de58e5eff2e2128.html.gz,HUMAN,0.20670338793817414
PA_2023_d91e07a2aad59a208ba51b86e03ecfee.html.gz,HUMAN,0.222280706026551
PA_2023_0c097deed2e5c24054a62d99aec4304f.html.gz,HUMAN,0.28972989501609553
