File,label,score
MS_2023_1a60650f34502e82551818c20c04524c.html.gz,AI,0.9711087799539551
MS_2023_29e746c57e7a67875bad2a6f5a59b314.html.gz,HUMAN,0.19874298541827168
MS_2023_7a8d8086a55055ec1ab6fbb6b4cf5096.html.gz,AI,0.5700934646317238
MS_2023_0425d4738f38b37d5abd328183faf1e9.html.gz,HUMAN,0.23575170573927365
MS_2023_a954c21b4cd13d667f805ee0a4f76e91.html.gz,HUMAN,0.231165035932613
MS_2023_83f6331893edd4efadd2c9740816aed7.html.gz,HUMAN,0.4345065321018378
MS_2023_a32f26b9608630d201f286e73d4d850b.html.gz,HUMAN,0.1908098146145523
MS_2023_f165aa254fb5902b4483b16ae6b351bc.html.gz,HUMAN,0.32066683054646616
MS_2023_379c6ad33a4cb1597e942974edf1d718.html.gz,HUMAN,0.29664490158827966
