File,label,score
WV_2023_61a3938bae2669561b51c8809151f42e.html.gz,HUMAN,0.3241386033726496
WV_2023_24c6a7df550307eea9e2e0d3aa4a0924.html.gz,HUMAN,0.34783221266610775
WV_2023_9499649284a5136724128c0cae3c54b1.html.gz,HUMAN,0.3082364575108025
WV_2023_1ee67fc591681a182cbaf52f8aee9eb4.html.gz,HUMAN,0.19773668180306758
WV_2023_2fc0f49aaaf99cdfe6bc86f497df6d3b.html.gz,HUMAN,0.2175900591322152
WV_2023_a542b6592df4c18ce602dc7581a979c5.html.gz,HUMAN,0.20274004371487014
WV_2023_b85fbca0285633b516a79b0171b28f0d.html.gz,HUMAN,0.18837815772765315
WV_2023_bdf77db0284850dc54fe47b9f3fd8958.html.gz,AI,0.8987024016289329
