File,label,score
AK_2023_22fbfa2f806256968212d2d9eb6568fa.html.gz,AI,0.7252708864823568
AK_2023_207dea8997d538834d39e6dafa8169d5.html.gz,AI,0.9313198383480698
