File,label,score
KS_2023_7b0bff3f05e2bea26ec5fbbfffb63571.html.gz,HUMAN,0.18876564195572246
KS_2023_e373daf6af1d0ca8955b9be5174e67ff.html.gz,HUMAN,0.1899100695024365
