File,label,score
WI_2023_3e1264c9533a5334551d285cfee0ee06.html.gz,HUMAN,0.34733439800377963
WI_2023_5eefaa0f47e9be9cfc5663004f36b26e.html.gz,HUMAN,0.31371129198488557
