File,label,score
OH_2023_2d01d32d05a9bfcc063e3370d327ab68.html.gz,HUMAN,0.19101791333182222
OH_2023_730e70bc5f2d335ed62893ad4c134f4f.html.gz,HUMAN,0.18747520945132634
OH_2023_62f48bde395d1694cac386b6218758fc.html.gz,HUMAN,0.21450187782545155
OH_2023_de26e92d70e1e3d53ff6d8d7b7a2df1c.html.gz,HUMAN,0.27963183403728964
