File,label,score
CT_2023_82bf81b2f7fed4a2611ed8158810d797.html.gz,HUMAN,0.19494226551157268
CT_2023_b4a3a1696b338ee9617adda072da3293.html.gz,HUMAN,0.18800537334149373
