File,label,score
MO_2023_75d5e2491a5991e1dc17d93e552496b2.html.gz,HUMAN,0.2758475401113619
MO_2023_c16ba7f10da17c8fa495f1b898525bb3.html.gz,HUMAN,0.19024707736380794
