File,label,score
WV_2023_c8c8da615f850d1127ad5303426d8358.html.gz,HUMAN,0.25840928302740995
WV_2023_341c02bdc57f1124c8f10962335b0e3f.html.gz,HUMAN,0.21508634190499126
WV_2023_27fd564c384fe770bf8c054ae333129e.html.gz,HUMAN,0.3460941735343158
WV_2023_35d342552af992260d35943c399f8699.html.gz,HUMAN,0.25840928302740995
