File,label,score
TN_2023_89578cf6f5c1dc8e970110c0b3bbb25c.html.gz,HUMAN,0.22219142899440658
TN_2023_ec13efaa55254b9558584f0a45221ae8.html.gz,HUMAN,0.4897910226952533
TN_2023_a74c7f535a6eb2156bfe21c13a3fe9d9.html.gz,HUMAN,0.18813086225917405
