File,label,score
AR_2023_484641afe2ee997dec4d1f4f229d6c42.html.gz,AI,0.9999984086717305
AR_2023_2fda392d499ff8b4e6df6aef9f620903.html.gz,HUMAN,0.26698344325162526
AR_2023_2de535d3572b47ab9e5d124b2db3bbf1.html.gz,HUMAN,0.3790798998861692
AR_2023_002fffc79ac21e43405036fb107eb630.html.gz,HUMAN,0.2311163258115233
AR_2023_6856ed5bc87842f144aa9575c034bc4d.html.gz,HUMAN,0.2676196876038862
AR_2023_cb0dcbe7feddd5b55c3f04a596d50870.html.gz,HUMAN,0.23575170573927365
AR_2023_f073933b06112d2a913f403467dabb37.html.gz,AI,0.999880231477743
