File,label,score
WY_2023_4ea8a989e2e43fd4035bb1051c5ecf4b.html.gz,AI,0.9999999999999893
WY_2023_ae00777a81e876cb803dad2ce92b2988.html.gz,HUMAN,0.33816584304709896
