File,label,score
IN_2023_63ff6a4ebd1efd6befbec9fa46d4e24b.html.gz,HUMAN,0.20542410992440074
IN_2023_639ccfcc0a919cfdabc76e3d63f83bd5.html.gz,HUMAN,0.20677206195225012
