File,label,score
MN_2023_0c30a91ffb0f780d566204ca327dc7d5.html.gz,HUMAN,0.35450387118986093
MN_2023_6171d1f8e6ba8fbf80ab2c2b9555e30e.html.gz,AI,0.6809865822191687
MN_2023_027ef8d278a22b67819c73ff8a69ecb5.html.gz,HUMAN,0.19334559974311197
MN_2023_0d365cb88dd2f2138d0fe5bf4a50f736.html.gz,HUMAN,0.27858966422212916
MN_2023_aa4dd584f64dbd0450d44417c57c78a8.html.gz,HUMAN,0.19853491471532614
MN_2023_fc214a3ad97508b104863facc0aa736c.html.gz,HUMAN,0.2226658285263353
MN_2023_cf958749aaaca6f5d13c1480dc585b62.html.gz,AI,0.6809865822191687
