File,label,score
MT_2023_ce1ddb9f0edbc4d7a9d97d246a9b7208.html.gz,HUMAN,0.2161906972393166
MT_2023_0f69532fdffc73c23032dd462c7d16a6.html.gz,HUMAN,0.18815426991934173
MT_2023_739da35f082dbe1e61c8a01b9c76a005.html.gz,HUMAN,0.26049514019986014
