File,label,score
CA_2023_237cbc9e66132bef658cef6a43ad74fb.html.gz,HUMAN,0.26170418320408195
CA_2023_362285a7808890d734595978303ef984.html.gz,HUMAN,0.28898609600103187
CA_2023_a8a5d577070094f684c5d0711b698edf.html.gz,HUMAN,0.48266920483126785
CA_2023_84856a9df3a8f727c7d2144c398f9718.html.gz,HUMAN,0.18912706317168446
CA_2023_56237bfa48cd9f8a0ae182fd6c3bbecf.html.gz,HUMAN,0.18950928662125552
CA_2023_cf2a40bcaa24de361a9605bb761e9d62.html.gz,HUMAN,0.3633590442428592
CA_2023_b48b942b7bd6e04b41c393a0072aa202.html.gz,AI,0.6786520593823787
CA_2023_e8173cc948a8a445a749b00771b3e432.html.gz,AI,0.7297372903101678
