File,label,score
MD_2023_8fbbc18af2f824fb692b3a0c293eeb3a.html.gz,HUMAN,0.20325456353039423
MD_2023_a0ade96aba742d105cbb235af9e0bb15.html.gz,HUMAN,0.2565062787625143
MD_2023_7dc2e0cf3d6f5d87a4f11beb8d61916c.html.gz,HUMAN,0.23892607517171097
