File,label,score
LA_2023_3a88882b8061ae3961bd5b34091852f8.html.gz,AI,0.9993273275308938
LA_2023_38fd0ab540498d41908d751ca2a24f4a.html.gz,HUMAN,0.19517166981584824
LA_2023_e2d92387d836612c2da598ae2ab1bd1e.html.gz,HUMAN,0.18824258424943818
