File,label,score
WY_2023_902cb993a36641b4b0807ce57bc2e766.html.gz,HUMAN,0.21359773909670646
WY_2023_b94da7b1d17d3d2447ad7950e1035efb.html.gz,HUMAN,0.27216412673889134
WY_2023_1ffcc25ba62bdb3b87db043c0fd3c82a.html.gz,HUMAN,0.19121794502035988
