File,label,score
TX_2023_91dc1f00d5b887567655972d0c15fbf1.html.gz,HUMAN,0.3348374916852688
TX_2023_87d8f76492473371ab0b3c290bf7609e.html.gz,HUMAN,0.22784184527939286
TX_2023_61113311ed0c4d81ede169480a55b102.html.gz,HUMAN,0.19725712599057918
TX_2023_12501f102b297848f6b434c33b54e0a4.html.gz,HUMAN,0.21767229876621103
TX_2023_8037fd34729c8bd15e5d5fafee932a8a.html.gz,HUMAN,0.19115823504250085
TX_2023_ecb768d84eedc1334a33df929620a1a2.html.gz,HUMAN,0.2486740055813494
TX_2023_b9ffb99f20831bebf2f6627a58b33a3f.html.gz,AI,0.9952797941088862
TX_2023_c782b14012a2558dc3b13c413aacf785.html.gz,HUMAN,0.29485595551550775
