File,label,score
CA_2023_6f35bb39a3ec09010eda00485b9d32c7.html.gz,AI,0.6330494134622979
CA_2023_1fad4c6319456b15aca3a5f14b741a40.html.gz,HUMAN,0.2051609372694687
CA_2023_14fe53db62b8a559b087f54bbd02b05f.html.gz,HUMAN,0.24365897313747262
CA_2023_4f9c2a818b069cd178ba2633c3e56908.html.gz,HUMAN,0.18788370688768788
CA_2023_351ef24fedd6e9b7f0b523d99fbf6fac.html.gz,AI,0.8953231368128196
CA_2023_cea5be9083af43e0a2106a0569562443.html.gz,AI,1.0
CA_2023_9f8777be0af38aa4532fb07761526833.html.gz,HUMAN,0.20582286808798853
CA_2023_cf2a40bcaa24de361a9605bb761e9d62.html.gz,HUMAN,0.3633590442428592
CA_2023_a37572a35cfda0e1263b61d93e8329c8.html.gz,HUMAN,0.3099042974647253
