File,label,score
NY_2023_5dec4f3735a1ea63b69e98e61523ae7e.html.gz,HUMAN,0.23448046420838245
NY_2023_60e55dec340ae28a6aef762083f9ee97.html.gz,HUMAN,0.284957489204976
NY_2023_31427105d3107e4e006513a0de8da5c4.html.gz,HUMAN,0.41632390039484407
NY_2023_75af4e3561be6ff66e1dfbe57607b048.html.gz,HUMAN,0.484999822893597
NY_2023_28d7b18a5e0538c55c296895b695eeb5.html.gz,HUMAN,0.33609642256643646
NY_2023_ceaaa6ee854ce2e296696dd8b0f7b70d.html.gz,HUMAN,0.44036466056040247
NY_2023_ffa45ef4d279f51c627643dcf08491f4.html.gz,HUMAN,0.20629417324271282
NY_2023_ef5dcc11a803e8f932eebee2d7897d80.html.gz,HUMAN,0.19768784311322152
