File,label,score
IA_2023_606ee0f680ce7d74ba3cc9cd89660205.html.gz,AI,0.5400784334024921
IA_2023_25ec68285ebce0db27a144b61b035dd1.html.gz,HUMAN,0.18749062213160883
IA_2023_781fdd5b5d3852f88362b856c38259f2.html.gz,HUMAN,0.19995801305729172
IA_2023_a26128dabd149657ad76e04120fef02f.html.gz,HUMAN,0.29577221701514883
IA_2023_73bee40474a2752d0c15e63c975dc246.html.gz,HUMAN,0.20794738868842735
IA_2023_c3aa4615fc88b5eaeeb571d540e38e69.html.gz,HUMAN,0.2828041467745955
IA_2023_cccd60c717c48753dead8c59c6d49315.html.gz,HUMAN,0.3389619219152743
