File,label,score
MO_2023_4c63ece4fd321f8f47adf38481337dc8.html.gz,HUMAN,0.1934900657727818
MO_2023_46b112c98fe1048f88090cd0339d6074.html.gz,HUMAN,0.22452904316304925
MO_2023_172614462451e4341be0db3928e0472f.html.gz,HUMAN,0.275170368760748
MO_2023_88f1a0acd8c70c9c85744d4a12b4b055.html.gz,HUMAN,0.37852321189213084
