File,label,score
MA_2023_043d5788af4bc0499c2fd36bc4038c05.html.gz,HUMAN,0.4416765955076345
MA_2023_78bbc25af5d379d8ec4b3cf98d3ee0dc.html.gz,HUMAN,0.19544450499847277
MA_2023_c93277b7c9565458b30fe4d9d754ef19.html.gz,HUMAN,0.28972989501609553
MA_2023_4d578e80a1137389d614e01d148cf825.html.gz,AI,0.5965447604338011
MA_2023_c9fe54ef8fd2a4529c47d80bbf1a0cee.html.gz,HUMAN,0.19544450499847277
MA_2023_ec7f64daf9f57815d6a0c79b74d69740.html.gz,HUMAN,0.19544450499847277
