File,label,score
VT_2023_2cfb19ab80714a218a61f93b7568f5b9.html.gz,HUMAN,0.19151137544142058
VT_2023_cf5f51a91e0064e20226f68131d64554.html.gz,HUMAN,0.267301163216849
VT_2023_af1eecbe2e8302b25883e3a2aa5d479b.html.gz,HUMAN,0.31413895820330895
