File,label,score
VA_2023_f7e0eed6e957f790464d3cf7a338ccb5.html.gz,AI,0.6902888266171575
VA_2023_0943481ac15e83ef54077936ddd772be.html.gz,HUMAN,0.2070481085304465
VA_2023_4530bd2bc7a5fbdfcf7b687647995d7d.html.gz,HUMAN,0.44431142262937195
