File,label,score
MI_2023_c3854b8539ee30eff074215b90103900.html.gz,HUMAN,0.2768695529203726
MI_2023_eb10ac82cf159fb35c544065406fbfad.html.gz,HUMAN,0.19641871963417248
MI_2023_7b27c0869bf62c547885ee51d47b061a.html.gz,HUMAN,0.19579387785023186
MI_2023_232ddcc66c4995d2b6cc342e45a3cd1a.html.gz,HUMAN,0.375635983656547
MI_2023_45abfe39f189f450f779301cf0951937.html.gz,HUMAN,0.19098785754205796
