File,label,score
WA_2023_237e51dfda51ed40ffef4eec6e0c4aa9.html.gz,HUMAN,0.43034459622400745
WA_2023_2146294fc51c286153189bb2e603812d.html.gz,HUMAN,0.46489506457414376
WA_2023_96eecec946d238d8b85fbecb6f39dc72.html.gz,HUMAN,0.21343521985091377
WA_2023_911a34cb7423e695327d6f84ae379190.html.gz,HUMAN,0.18758238677519717
WA_2023_774439891cee95f33aee5d4e22796224.html.gz,HUMAN,0.2824482585325119
WA_2023_e722e1dc515d9f9579f6a634d56adab6.html.gz,HUMAN,0.26156284732751833
WA_2023_d5680313a0c1519f88923a8d3dd79b81.html.gz,HUMAN,0.2266999247756321
WA_2023_9c01244fee6bf767b949cfca06cbb56b.html.gz,HUMAN,0.18884397438447906
WA_2023_b211186d7199238ce3eacbee014ff9fa.html.gz,HUMAN,0.19608102984853384
