File,label,score
TX_2023_47c260b58f58f560f78d5519c18baef6.html.gz,HUMAN,0.26426765046376305
TX_2023_b2b09dbe5fc2d662b0ff8d6a515b531a.html.gz,HUMAN,0.4223880188157749
TX_2023_1ab5ba6d6277c4078d25f63348d16398.html.gz,AI,0.8527155225955306
TX_2023_b9ffb99f20831bebf2f6627a58b33a3f.html.gz,AI,0.9711087799539551
TX_2023_b312f9232a304e54137d475b7180b27b.html.gz,HUMAN,0.2926109717959177
TX_2023_c782b14012a2558dc3b13c413aacf785.html.gz,HUMAN,0.29485595551550775
TX_2023_f4b8e2c28023fa740921f84e1e2123b2.html.gz,HUMAN,0.19007580117812992
TX_2023_f88af9ce3a8f6ec40e7717963e1ffe8f.html.gz,HUMAN,0.3189052951174637
