File,label,score
OR_2023_08e5ac2d8d466f31c9682bd14bfd17a4.html.gz,HUMAN,0.19437189357309143
OR_2023_9f590af402b2eda40960b4841f5cea1c.html.gz,HUMAN,0.3927389890820242
OR_2023_197ae87ec860c5d1296bb013c69bf157.html.gz,HUMAN,0.1993158094467669
OR_2023_2e4f9c759fda90425cf564effc2a6bbf.html.gz,HUMAN,0.21814466177019878
