File,label,score
AL_2023_25ade6fa204dd30773c446e8610a1666.html.gz,HUMAN,0.24432927006745264
AL_2023_2188341e53e367b381b338f070bea38e.html.gz,HUMAN,0.20125411064986606
AL_2023_6ac86b94ecec98be63dc5cd17217ad5b.html.gz,AI,0.7005113632635612
AL_2023_13c66334bc1bfee6550b25806534156b.html.gz,HUMAN,0.1957471384348213
AL_2023_81949c1cb9dccb3bd413f4318e49b403.html.gz,AI,0.9815662495255795
AL_2023_b8586d8156c21f74ce0fe02853327140.html.gz,HUMAN,0.19894953559603112
AL_2023_97296337a903158b4958d8653cb8f16c.html.gz,HUMAN,0.24948614808064634
