File,label,score
PA_2023_652649ba9a7a37a6bbe2606872b67f83.html.gz,HUMAN,0.32832341884775146
PA_2023_04fd420a5d0ed42ca987b29c93cca056.html.gz,HUMAN,0.20416556614764234
PA_2023_db9c41dedcf424430c54d6aa246bb109.html.gz,HUMAN,0.19044962521638242
PA_2023_b646a753256382315e30114e0f8cb58f.html.gz,HUMAN,0.27449652337035013
