File,label,score
ID_2023_148b946029f2326e143a8b145eed1d4e.html.gz,HUMAN,0.19136222376569256
ID_2023_c8b081c31fd6a6bb6409d4667f9f72b3.html.gz,HUMAN,0.2690540117026391
ID_2023_0bb16b88fc8a43194336473fc389a126.html.gz,HUMAN,0.19644147516419436
