File,label,score
ID_2023_10e0697fba7184dfc0aff40a39fd3150.html.gz,HUMAN,0.25048597554506297
ID_2023_bd5989981d10a067bdaf092490461419.html.gz,HUMAN,0.22393458635562702
ID_2023_e7fe0d8c796e52ad7667bd3dbcb89e50.html.gz,AI,0.50280019785083
ID_2023_7407e3f6e0cf24d552bd72391dbe4fb1.html.gz,AI,0.5175228413526133
ID_2023_eccbe418ec9ae925f0714e5c34cc6db2.html.gz,HUMAN,0.18912574220351486
