File,label,score
IN_2023_0777616a4c4a5fc897a207ad4934617c.html.gz,HUMAN,0.24368808061939587
IN_2023_664cf5a2a761bfe66aa2097a9a3b7eb5.html.gz,HUMAN,0.24688190031500215
IN_2023_b4569eb7c749ec63d489382388707276.html.gz,HUMAN,0.3049450647665897
