File,label,score
WV_2023_bc4314a5404722c8d77fcd995e890f1e.html.gz,HUMAN,0.21688260865023792
WV_2023_4e8e2d79e917d0e50310abdb4f5a4764.html.gz,HUMAN,0.18880939991445295
WV_2023_bc02c45983fa9ceab513dbf243d3536b.html.gz,HUMAN,0.20006304506311787
WV_2023_5139ea6e9feb22ec97c224e304b68d65.html.gz,HUMAN,0.22067134323835091
WV_2023_05bd2e95944d4e4f9e53767ca6e3de12.html.gz,HUMAN,0.20557766465403945
WV_2023_e14431a7734c67a797f14db409adb82c.html.gz,HUMAN,0.3968305499104169
WV_2023_f3b34ef37b1ce5913a9ae24f20a408e7.html.gz,HUMAN,0.21980902008789757
