File,label,score
RI_2023_35b06726210dd29c40ac1ef25d9cb2cf.html.gz,HUMAN,0.28281645206506617
RI_2023_92684d3eb68b7ea3f904d797398aaf19.html.gz,HUMAN,0.1956167153759382
RI_2023_042d5cf876e1d9dd2201f9c599cb79df.html.gz,HUMAN,0.18978529960052037
RI_2023_1ee83a5050d213e6e32972938ae3790f.html.gz,HUMAN,0.3226821378980265
