File,label,score
WV_2023_3ee1d491a590f6082e01c1304a540c8d.html.gz,HUMAN,0.22076478930531712
WV_2023_0559e49222ec031d28ba5d83c4461717.html.gz,HUMAN,0.18926233955002822
WV_2023_e29f73c7f03a6ea0fabbc779e974ccca.html.gz,HUMAN,0.20895513730013995
