File,label,score
OH_2023_5c9359effbe858606a55eb23f6bfe655.html.gz,HUMAN,0.3724654539971882
OH_2023_ccf0bf5ea35da30d0398e9bfe7abc074.html.gz,HUMAN,0.18747520945132634
