File,label,score
CT_2023_808378289f7c94babaf76471c2248c6e.html.gz,HUMAN,0.19148338758766123
CT_2023_bccef204a899f7451a711503cae6aa97.html.gz,HUMAN,0.18769437421279037
CT_2023_714dd60b988a9bc81d91917f6a9798f9.html.gz,HUMAN,0.42810793942167047
CT_2023_82a2167798eb431882d2c498a0ebc438.html.gz,HUMAN,0.34895590253901043
CT_2023_7861c7ca86fc4ddc38dd5ef181f84878.html.gz,HUMAN,0.19548737701000157
CT_2023_ccd744822bea558d648118a411d2ad20.html.gz,HUMAN,0.43128451519095873
