File,label,score
FL_2023_63bcc2843de8b95d31895001993ecb44.html.gz,HUMAN,0.455186919868854
FL_2023_a06340309bf8c951113c75ba284ec789.html.gz,HUMAN,0.19071304101171335
FL_2023_998a974296d53185c85d23c9de3a9ff1.html.gz,HUMAN,0.20215652666299164
FL_2023_9130542172f3d34a29d77dd66d87e7ba.html.gz,HUMAN,0.3735578886363057
