File,label,score
CO_2023_1794eacc989f45116c135a720ca07ca9.html.gz,HUMAN,0.32458877574790496
CO_2023_d9c75317c4602a2a20592df10f2671a9.html.gz,HUMAN,0.20775258855549786
CO_2023_0dea01e860ea120d6b6483cc04f0df0c.html.gz,HUMAN,0.24133951529823755
CO_2023_5aa667b447d8d16e06df0fe62e19c541.html.gz,HUMAN,0.1883031542577473
CO_2023_9a4048a9956b2acb7d0013eae5fe3587.html.gz,HUMAN,0.38344752491495904
CO_2023_fe586961399276ba1e6e7b4c379fb74b.html.gz,HUMAN,0.32458877574790496
