File,label,score
GA_2023_88a86ab7480ecc31d612e9619484cb73.html.gz,HUMAN,0.1889233978977
GA_2023_9f8c017fa9cb3ce693c695ad06a6c0b7.html.gz,HUMAN,0.3554180209898872
GA_2023_aa22895e39ef2e8810144b0738bf9780.html.gz,HUMAN,0.26954779015531233
GA_2023_9d51ef8512444e9db0da98f327882340.html.gz,HUMAN,0.3554180209898872
GA_2023_094d98b6535ab78398b70b1ed9f045af.html.gz,HUMAN,0.42744903706462156
