File,label,score
IA_2023_c4888596e3cb293a002b4cc7a42b3632.html.gz,HUMAN,0.21542351674300828
IA_2023_f228fecb202a6341c8230065a24d6d0f.html.gz,AI,0.5431240869774916
