File,label,score
NY_2023_03c7ae89cb17b40a50947b69d1406928.html.gz,HUMAN,0.43515373241215827
NY_2023_2f5e71c74186948037e9d734d3c0a63a.html.gz,HUMAN,0.21589683931525466
NY_2023_4697ae670a3b316c950f96eaf7c18cdc.html.gz,AI,0.9003616762678889
NY_2023_43e3e28dc5e34761b444db0f92fdddc6.html.gz,AI,0.9408930864756769
