File,label,score
KY_2023_8e6628b3aab2f6bb4eb5ddc8f44f8ae9.html.gz,HUMAN,0.22975242157704484
KY_2023_4a36816c7ffea05df2289fbef2dbfd58.html.gz,HUMAN,0.20690981496209354
