File,label,score
WI_2023_8875feec4333f03243c8f4b3440fc0b2.html.gz,AI,0.5825805794845101
WI_2023_0148d17453189d5f11933c1d1f4b9551.html.gz,AI,0.5935670533122064
WI_2023_cdcdfd33e86649a75ddf9e4faa2b3938.html.gz,HUMAN,0.358107824762438
