File,label,score
AL_2023_279b575c11a925e1620be1bd0f8f9aa9.html.gz,HUMAN,0.30177621132302773
AL_2023_033155ad7a055535af3e1594e2fea97c.html.gz,HUMAN,0.19406074713867974
AL_2023_75cac47f5975a6b69ee514dba2db0e1b.html.gz,HUMAN,0.18756832919489277
AL_2023_a40a2c23401ec783acf22eddfac14fe9.html.gz,HUMAN,0.39832394360895057
AL_2023_80ba48b6f3caea00b9a29519cee821de.html.gz,HUMAN,0.23425941463633476
AL_2023_a582fedcbe8356346ebc71a83e584b5d.html.gz,HUMAN,0.2728378662266032
AL_2023_f59c03205b945ae6536461f158b584c8.html.gz,HUMAN,0.21511315177857349
AL_2023_d13d1bcdfd501bb0dd24c85133cbdf4a.html.gz,HUMAN,0.1966906028113694
