File,label,score
VT_2023_3c2c79a382346bfb62df9fe1b0309c52.html.gz,HUMAN,0.2016723668068784
VT_2023_96cc062f7790daff50d61c72d9ced756.html.gz,HUMAN,0.2565616728751456
VT_2023_da693516b10a0ba1433834a1c2da2c3e.html.gz,HUMAN,0.2908521701297829
