File,label,score
MD_2023_93e4e88ccf2d73c9480c92a6c869a932.html.gz,HUMAN,0.24305134354877175
MD_2023_7f584a1bea6ea9a25211dff477a2cf17.html.gz,HUMAN,0.3509484967381079
