File,label,score
NJ_2023_791d1eec7b73100d590d453796117b2a.html.gz,HUMAN,0.1911602202797733
NJ_2023_2826396696939b5ad8546fcf5416b3bb.html.gz,HUMAN,0.2055279256697115
NJ_2023_6a2ca441d7f163245cf5db1a65c29c2f.html.gz,HUMAN,0.187820064958989
NJ_2023_3e495cec558bf6f5cbc8fc8a4f0e8f2f.html.gz,HUMAN,0.2523473965066519
NJ_2023_4e5873d3c60f6a866ac9933a56196e61.html.gz,AI,0.5786696271201528
