File,label,score
MI_2023_1746cc1dc6f0405df180979d915904b2.html.gz,HUMAN,0.2341372991393801
MI_2023_4b01037e3856deb571735006851e2a0d.html.gz,HUMAN,0.2037713464328562
