File,label,score
MS_2023_9456ce5e8cc55f5759e1334580693323.html.gz,HUMAN,0.42131069879500194
MS_2023_6d2c96243489e93037da2c9b07c64fce.html.gz,AI,0.5020712840922084
MS_2023_5f07c95a7ed9e76e2a49eecbadf8ecb8.html.gz,HUMAN,0.2287773202064237
MS_2023_4347de71ba7caa09d94cfcfb5666de9d.html.gz,HUMAN,0.20928477724216038
MS_2023_6ec35bc05bf4e6c5d1252d814b71b434.html.gz,HUMAN,0.3727570347015945
MS_2023_bd79196d87458d16a27a2ec6a05769a0.html.gz,HUMAN,0.20149847817848274
MS_2023_fa7c64fff33df9f7e17457bf86e9eab2.html.gz,HUMAN,0.21507114538800656
MS_2023_c0c601a7359b7b1aaa45b13df3212a24.html.gz,HUMAN,0.19570354346512908
MS_2023_a3df7478b32b81ba51e1646f503bb48e.html.gz,HUMAN,0.21393016284314403
