File,label,score
ND_2023_04166bc1b4b0af1871083235856e44b3.html.gz,HUMAN,0.20411798866420897
ND_2023_0c2cb43dd2a7afb714225ecdff7da54a.html.gz,AI,0.9277748915553844
ND_2023_2141af85e1f65534495c3d800fe8fcd0.html.gz,HUMAN,0.1884209909246325
ND_2023_8d4f43c1a186fb8eb824f7a3b3687737.html.gz,HUMAN,0.42617808976828914
ND_2023_270cb69ad7451ad69c549cd9f1aa10c6.html.gz,HUMAN,0.3974190113136626
ND_2023_98486977f81ae4130642fc88e2832642.html.gz,HUMAN,0.19260451875030205
ND_2023_9996faa1204bdc7e9b3a4a4a182371dc.html.gz,HUMAN,0.3965569774181673
ND_2023_a35837d1852542a064a45478e27e0e0b.html.gz,HUMAN,0.4756262346349487
ND_2023_ca8d4758fbcbc61f547731e5d6e128a5.html.gz,HUMAN,0.3259450333825534
