File,label,score
PA_2023_8d0d8355fe18049a0e685019245d6b0c.html.gz,HUMAN,0.19115823504250085
PA_2023_6d3797661c441c1fda7256d9e03ce78b.html.gz,HUMAN,0.32878243181991773
PA_2023_b7373cf15515416ea2c0278e3937b871.html.gz,HUMAN,0.32878243181991773
PA_2023_bc23f5439632f2904847e20a1181ea32.html.gz,AI,0.5575321485698715
PA_2023_9695ecb611735d26db12c30b50f6bc6e.html.gz,HUMAN,0.31413895820330895
PA_2023_cad4d69542c4cce50f37656120db64e3.html.gz,HUMAN,0.25168107628087283
