File,label,score
OR_2023_ef7dea50fe3a39b3dfd28524ce567a46.html.gz,HUMAN,0.27216412673889134
OR_2023_b27db649cce4ac8f72a305d1a1623bb0.html.gz,HUMAN,0.20193131139453366
OR_2023_94d10982f90591778728307b46d0c59e.html.gz,HUMAN,0.49232660811164025
OR_2023_9125787c08f62cf468e5d82e23095dd3.html.gz,HUMAN,0.20193131139453366
