File,label,score
LA_2023_4046629432fbb88a75ffc06dcf8b888b.html.gz,HUMAN,0.3629630935438557
LA_2023_6560306620681937d9812ff5ba4eb592.html.gz,HUMAN,0.1903365431564158
LA_2023_48f7ba802fcfa68ab8fd35719206e190.html.gz,HUMAN,0.1944515371155023
