File,label,score
AR_2023_0f0ebc2c8db9efe22f587edab20fee84.html.gz,HUMAN,0.22970465548254965
AR_2023_601b4848538b5627fd0647824a04e560.html.gz,HUMAN,0.18871547457797685
AR_2023_7b8dc876dfd41b47f46adc0c1ac50332.html.gz,AI,0.8357868726556098
AR_2023_a097c6e7288726afcbbc313165a47422.html.gz,HUMAN,0.30955262682859785
AR_2023_960cb0bbe07fc9112bdb322fedf0098e.html.gz,HUMAN,0.22822240808449695
