File,label,score
OK_2023_403a2924190b24463adeb8437efb24a8.html.gz,HUMAN,0.2185475799118193
OK_2023_73fc67f00fd2e509ff67d1f1af4c5c92.html.gz,HUMAN,0.20803135837940187
OK_2023_7bcb2081b973c688b6f3e2cc431dbea0.html.gz,HUMAN,0.1891849562961516
