File,label,score
CA_2023_83361e5b99aecca940726aa46136a457.html.gz,AI,0.9857341253315248
CA_2023_3b3612015edb22c31a23e05e52f78acb.html.gz,HUMAN,0.1877698095738274
CA_2023_7ad2ed863b3e54af1574d9663ae74dff.html.gz,HUMAN,0.19546888727768763
CA_2023_4657de55a78e34b72bbfdd5676561960.html.gz,HUMAN,0.19701701324627718
CA_2023_67c306d545fdaf93915c34862a2e5a2d.html.gz,HUMAN,0.19650676648604765
CA_2023_b03b18c7533e4859297cd0493a6db77d.html.gz,AI,0.7817192329819345
CA_2023_ab3be578f2bf9fafddb1d6e66df561b4.html.gz,HUMAN,0.20394417085668046
