File,label,score
AZ_2023_bbd468a21234096b648101bc841c7c7c.html.gz,HUMAN,0.24204178315244876
AZ_2023_ed6930fd3b9ff73190b284f1fd5590fc.html.gz,HUMAN,0.19401937598381697
AZ_2023_03ad06714dca9b8b1558666dd9677020.html.gz,HUMAN,0.20571066901733767
AZ_2023_706b09f537816aec64df2367f741eb8f.html.gz,HUMAN,0.3207374010820738
AZ_2023_9f67a7d1eed65b7508c7987183c1a453.html.gz,HUMAN,0.24204178315244876
