File,label,score
DE_2023_9695ecb611735d26db12c30b50f6bc6e.html.gz,HUMAN,0.22462866704355483
DE_2023_a91ca8a8dea0be2aedb89f3a0988d753.html.gz,AI,0.6093315812968427
DE_2023_8c932d48fbc63874154ca4f4f2a8b58f.html.gz,HUMAN,0.28898609600103187
DE_2023_5da54aa2716e20587cbc2f3d1383defa.html.gz,AI,0.5454137219304904
DE_2023_9d45cbb419a89a6ea3339b75b92e4bbf.html.gz,HUMAN,0.2260399199644288
DE_2023_b6e76ef444d6c5addb36012cfa2eedf0.html.gz,HUMAN,0.31978416745467814
DE_2023_e4ff019f09ab51d95b131afe0fcae0ff.html.gz,HUMAN,0.22247960889070972
