File,label,score
IL_2023_b76de3266abbe850c7b9b8fc88b988e1.html.gz,HUMAN,0.2104553700069697
IL_2023_38c18f0c3a365df9b5d21119fdb433a4.html.gz,HUMAN,0.2018913532842776
IL_2023_3a5ef0c33061c65f1be858a7d7394cd0.html.gz,HUMAN,0.18919470309365616
