File,label,score
MN_2023_30bc6dc61d461821880df6aa8482dd45.html.gz,AI,0.9682918129804621
MN_2023_d8bab2c9712486572f5fe7d052a75f92.html.gz,HUMAN,0.27242352314300805
MN_2023_122b9a974a804c8e86c4331ce5095529.html.gz,AI,0.6817639998172575
MN_2023_646a085ef04eb1fe59a4b286447fe3e5.html.gz,HUMAN,0.4009704822077264
MN_2023_f1321c01001d6690d096c5cba9e2b91c.html.gz,HUMAN,0.18754126035513055
MN_2023_fce642e941e8984140567e38b712df08.html.gz,HUMAN,0.22716473624872288
