File,label,score
WV_2021_cbd777fd118b2addfaf5db582813ca0b.html.gz,HUMAN,0.24267143143753372
WV_2021_f01ea2def6be5a007208aa45f2620416.html.gz,HUMAN,0.19113152983489085
WV_2021_5c184b2323125d5ce494b56faf8b687e.html.gz,AI,0.7415189062432196
WV_2021_f749621e7cc5e8cdb5d6afd62cc3c08c.html.gz,HUMAN,0.2164490608840371
WV_2021_09a4208935edd50fc210373b11da4260.html.gz,HUMAN,0.19158913007046352
