File,label,score
WY_2021_d128c511d7445fe0cb17830f8d5b8b95.html.gz,AI,0.6716293400385961
WY_2021_26885ee32a5e613e9ab981af0fdeed5c.html.gz,HUMAN,0.40878659845868887
WY_2021_2df6c1bdfd80e0bce74c22ed8ae7d048.html.gz,HUMAN,0.24305134354877175
