File,label,score
NY_2021_019603d301b30a1372fe431cffd0611e.html.gz,AI,0.7185252953793584
NY_2021_1ba3c031914eb2609a8dc78bd952e98c.html.gz,AI,0.9439084258300113
NY_2021_61cb046ffb63fc3dd918db06954e821c.html.gz,HUMAN,0.2032126641575218
NY_2021_c1157e8415d8065ef511d44eed401b54.html.gz,HUMAN,0.28935755778053635
NY_2021_864cf0676eca4ad8c7387d6cf5c3b573.html.gz,HUMAN,0.19107253110075623
NY_2021_d23e08a8f9ad9768c5e2af7b420d82b6.html.gz,HUMAN,0.19555488864499623
