File,label,score
VA_2021_57812766356a1bdfe5bde11ec67f445f.html.gz,HUMAN,0.30799151011082604
VA_2021_1dba3239792ae03d44816810da911235.html.gz,HUMAN,0.23368209308192847
VA_2021_3c7aa7724885c543f4f675d86cb55ab4.html.gz,HUMAN,0.23160526216293567
VA_2021_cc4b2de36cc5f3f25f1b8c2cd47cb367.html.gz,HUMAN,0.24601732114309635
VA_2021_b0af0523bc4608f4513df8075abadcd2.html.gz,HUMAN,0.18755980374670328
