File,label,score
DE_2021_068c72e5e88f6ea60a3e64017be6352d.html.gz,HUMAN,0.1916196012807058
DE_2021_b805e083be1b93c43cbe032ed943ce15.html.gz,HUMAN,0.3061724384136348
DE_2021_6ff047b0c61b930a414801c7cf865096.html.gz,HUMAN,0.47810642372175255
DE_2021_4c81dd318c3a17a740fc10376b50986c.html.gz,AI,0.8995345614485746
DE_2021_4b6e2ba74b5040e4296a9baaefb9934f.html.gz,HUMAN,0.2020490194631552
DE_2021_dfb0956d2370f6ed4ce480f680195364.html.gz,AI,0.5831948935883742
DE_2021_e403b8a86804cb059e2911e57ba6b3df.html.gz,HUMAN,0.18816655440778682
DE_2021_f03012baaa8652776d738d8f5825fcd9.html.gz,HUMAN,0.20884587749229114
