File,label,score
WI_2021_7be4f35eefef9d6631b320c82dd2bbe3.html.gz,AI,0.6174582495234565
WI_2021_5a8d625a0bfc23fe63a360882f1361c3.html.gz,HUMAN,0.19566006913127706
WI_2021_416ae9cf6ca39fb00b5c85a4bf30996d.html.gz,HUMAN,0.18817980965259695
WI_2021_8d5af254945c9b32d55be4e36d023ea3.html.gz,HUMAN,0.20542410992440074
WI_2021_0a6040a3123c7f5037f49c4542fce870.html.gz,HUMAN,0.19101791333182222
WI_2021_9436058d5a6c672e86dd60532082633f.html.gz,HUMAN,0.22309660513273988
WI_2021_a79792f958c906616890349413f6f08b.html.gz,AI,0.7058619180207177
