File,label,score
MI_2021_3848a9ee9eb54cadac9fc67db3e52385.html.gz,HUMAN,0.1874766670686749
MI_2021_b3635bea88709ff238edc99e9d15f44b.html.gz,HUMAN,0.1876610579937167
MI_2021_d57132ff90a454731ed0630cedb1091e.html.gz,HUMAN,0.24166611142080208
