File,label,score
MO_2021_ae0f59e041511e49c87e3c46fc738c79.html.gz,AI,0.6773156391903375
MO_2021_989196b8616a98880638e34397cd054a.html.gz,AI,0.8728347619839218
MO_2021_4288ebf7d6de9b01d3e09f0e25d4affc.html.gz,HUMAN,0.18774616773240302
MO_2021_ef13a6531275a346876f9c899e6490ed.html.gz,HUMAN,0.21907817161562346
