File,label,score
MN_2021_bd3c8be3c4c4e31769025ae5ed99cc33.html.gz,HUMAN,0.20082850545701758
MN_2021_0f49f65a2e51c80784dcad7e6ffcf19a.html.gz,HUMAN,0.18878376163402055
