File,label,score
AL_2021_d75dfcac16a3834f254367c41b266201.html.gz,HUMAN,0.21359773909670646
AL_2021_79c299dace7444d36b2a9c19ffe7df0d.html.gz,AI,0.8324150254606798
AL_2021_3f46b0db178f46e1ec78fab2f7ac227e.html.gz,AI,1.0
AL_2021_69f19b2fe128dd18b77bb6d85e0fa443.html.gz,AI,0.9215165659420564
AL_2021_babae382a7398ea88180b0001a8d017b.html.gz,HUMAN,0.34595340968312893
AL_2021_f1122efc038e00120971e830f97b640d.html.gz,HUMAN,0.19894953559603112
