File,label,score
MS_2021_1ba38037d8539d0093833e10650ca83d.html.gz,HUMAN,0.19557348214193696
MS_2021_5f10daccc40f52aaa8c94c23bc9a3d69.html.gz,HUMAN,0.2045327894226067
MS_2021_3fc6ea500b2c9da95ef194b48f98945a.html.gz,HUMAN,0.23212450967422024
MS_2021_26cb2b3dad21077f021e04df9be9809d.html.gz,HUMAN,0.18764850090417062
MS_2021_47d73edc592c418cfceca2f72545c3cd.html.gz,HUMAN,0.21239825675115065
