File,label,score
WY_2021_c0125b4f5ac3c26f58137d358d2f92cf.html.gz,HUMAN,0.2856821583541258
WY_2021_3ef030719cab8c39672fe9796b487cf8.html.gz,HUMAN,0.2937057526770777
