File,label,score
PA_2021_19388f40e940410190611c65f339b5f0.html.gz,AI,0.782396804548394
PA_2021_7a9c0df7b94a93f833a24ec304de4410.html.gz,AI,0.6322586983733898
