File,label,score
WV_2021_6b9ca14a7a6b35aa10a0f9f77ab062bf.html.gz,HUMAN,0.49574889973986797
WV_2021_bdc5bacdc66de1a7ed60147a12531113.html.gz,HUMAN,0.23471008118160466
