File,label,score
CA_2021_9cad95899ca8374fb2e865b5113329f0.html.gz,HUMAN,0.46384123044801817
CA_2021_5af095e3ab692f861ef0dc3e39e0a2a7.html.gz,HUMAN,0.18836506899892722
CA_2021_351ef24fedd6e9b7f0b523d99fbf6fac.html.gz,AI,0.8353320013129193
CA_2021_37e6daeaba3d36376a92218c1ce9b57d.html.gz,HUMAN,0.3017123147519979
CA_2021_b569d8b11ad50a5cf2750bc89e34209b.html.gz,HUMAN,0.34447410348081525
CA_2021_f29b9c4889385696a5439b1ba962861f.html.gz,AI,0.7769476788654694
