File,label,score
CA_2021_9069d7d004783729c4a0045079d0d18e.html.gz,HUMAN,0.2803308420424108
CA_2021_275a2ca3c54dbb087e435331efe05001.html.gz,HUMAN,0.2798401448641775
CA_2021_c98d69eb9178860019b81001c8f6f84c.html.gz,HUMAN,0.2610980981386187
CA_2021_9445e7cb23934b12052b94bca4e9642b.html.gz,HUMAN,0.2904772001256185
CA_2021_241e3897e4840f786bec097e96adecdf.html.gz,HUMAN,0.30865202930247865
