File,label,score
KY_2021_2b60310e35f4b84cf946b6ab4ba2cc98.html.gz,HUMAN,0.24215247793389977
KY_2021_d7b1f87ea4a111f9771485f3b293fd76.html.gz,HUMAN,0.20066027068757544
KY_2021_bb2cd515deebba39c1c94ba429da5657.html.gz,HUMAN,0.2054121597510108
KY_2021_50f7c6c311dd3937c12b4018151a9a4d.html.gz,HUMAN,0.48836047915864533
KY_2021_203c260e575efb4860aed60d52a5ab7d.html.gz,HUMAN,0.19798614647441143
KY_2021_eaf18b26917db9d4eb44a189c15f8939.html.gz,HUMAN,0.18865932905312002
KY_2021_ed346612741852c347ca3d2b4cd25cfb.html.gz,HUMAN,0.2243991769317642
KY_2021_ecdb52d6627bc7874c763d375924a887.html.gz,HUMAN,0.2286580360272699
KY_2021_fe0999bc2573b113c13e9ead868da690.html.gz,HUMAN,0.19323407071283583
