File,label,score
ID_2021_7562ee2e684f3f0273b53debfdec7933.html.gz,HUMAN,0.2991914985694453
ID_2021_340e02a6f9f2117e24046c4bb92a7ebc.html.gz,HUMAN,0.20319729626784155
ID_2021_351ffa58799dc66211db7c0e473fb2d5.html.gz,HUMAN,0.20915625199749244
ID_2021_c3742d7d724990c7a39bf642ea60032c.html.gz,HUMAN,0.26922441547508374
ID_2021_8670a6b1b035f9672b042049afc3e1c2.html.gz,HUMAN,0.2119840368303088
ID_2021_fe8fef276674a9676157af6396ed1701.html.gz,HUMAN,0.29909284950098
ID_2021_fa3a5131c8eb0055a3e627806ce1fe0f.html.gz,HUMAN,0.18770539587719096
