File,label,score
WA_2021_6d96174607d9d6c80b87d0844f3298d8.html.gz,HUMAN,0.20759397287727555
WA_2021_555ef8285e5a4c0efb92ed66ee66c6aa.html.gz,HUMAN,0.18748147110797267
WA_2021_58cc58695ab673cc0face0ec10f4e17e.html.gz,AI,0.984737246079233
WA_2021_290194fd068a28b608630293370987d3.html.gz,HUMAN,0.21255158944547958
WA_2021_07c01224ffe534a0d6873f49c2b053f3.html.gz,HUMAN,0.21083582422229766
WA_2021_bcd9ad133356ae5f7efa6e0e68144f5f.html.gz,HUMAN,0.19384934814395371
