File,label,score
TX_2021_87d8f76492473371ab0b3c290bf7609e.html.gz,HUMAN,0.22784184527939286
TX_2021_f72e1b123093291d5b793f7653f0da00.html.gz,AI,0.9474947594030945
TX_2021_482374efddb5f37e4343c06f48d40550.html.gz,AI,0.8433332691383335
TX_2021_521cb1d546dde187776a27fb6f95df7c.html.gz,HUMAN,0.34644848028990216
TX_2021_b92a83bf881720e29b1d1a250cd5e31b.html.gz,HUMAN,0.21991256983922441
