File,label,score
ME_2021_67ce9a68ca267fea6b41b1b8d7650ec1.html.gz,HUMAN,0.22948992268391402
ME_2021_20da7abab7242fa8125b084ad2c3cb01.html.gz,HUMAN,0.24111026758248055
