File,label,score
GA_2021_932887fb11035107fbaedfae7beb03d0.html.gz,AI,0.5477078577482005
GA_2021_27bea730d5c9cbe588b2789bf0377ae0.html.gz,HUMAN,0.4662715578845525
GA_2021_5943ecae56ab12e400cb2360c3855e0c.html.gz,HUMAN,0.4080488073681184
GA_2021_8f2fac6b1363d9eb1b70764c7ed6695c.html.gz,HUMAN,0.20246506261725805
GA_2021_1d211f52b71e07b9ec098afd389ec1e7.html.gz,HUMAN,0.4080488073681184
GA_2021_eb847cee1739b2fa9b53906cd7b85c3e.html.gz,HUMAN,0.2239907258329189
