File,label,score
MO_2021_a724b834bf12ad154a3908ae9ce99310.html.gz,HUMAN,0.42175967310179885
MO_2021_96c4b538033df6c687f000de72a40fe1.html.gz,AI,0.6535754608752744
MO_2021_5c6f3bea143b5823893525b39a8ed6de.html.gz,HUMAN,0.20582286808798853
MO_2021_0572a08c3839f663f97f4ab20afba369.html.gz,HUMAN,0.18747769940669765
MO_2021_86dbe87cf23a8f380fac4f30f2193982.html.gz,HUMAN,0.28604578939778136
MO_2021_bbec41501d3cdca7e8e3a7ff2cf2d6d7.html.gz,HUMAN,0.218908271633374
MO_2021_bf00802dd55105cc8b5f3f29d3112399.html.gz,HUMAN,0.25238230661402916
