File,label,score
TX_2021_4817c0f7a8aa1b76ed445e6b3784270f.html.gz,HUMAN,0.27618737582382646
TX_2021_a0531647694f1b952555aefe2173e6b9.html.gz,HUMAN,0.2562163827401853
TX_2021_0e8ffce41b5b4d58491c4b3cbe54a736.html.gz,HUMAN,0.1874780850944398
