File,label,score
VT_2021_14175b4900ecb92f9891c9343fe49c43.html.gz,HUMAN,0.20697889413266304
VT_2021_92b08a8feac2ad125018450cf2814af3.html.gz,HUMAN,0.19583469051178978
VT_2021_23b3bf9f4722b0d3042d5ac46f6faa6d.html.gz,HUMAN,0.21184683099400267
VT_2021_a7b5e3ac5a86b2ddc5fabf66694aa717.html.gz,HUMAN,0.46129798395148275
VT_2021_b8eab743c00dbc340288bae9e7105c35.html.gz,HUMAN,0.219653451750181
