File,label,score
KS_2021_3b214e758a4225ea678984731677def1.html.gz,HUMAN,0.18876564195572246
KS_2021_2d9b6cd77116aafbf5e5a9ebf875c5d0.html.gz,HUMAN,0.18807137355687722
KS_2021_22606edf4d321dc056724f75cd7caf1c.html.gz,HUMAN,0.18809450570387815
