File,label,score
VA_2021_e305333f2b1d3195d1d51d2f7776045f.html.gz,HUMAN,0.23993385606416195
VA_2021_5db132cf07098b4d2199b594ec901b1d.html.gz,HUMAN,0.38075594373492333
VA_2021_ecaba7fc95d52d3658ae97eb90e0438d.html.gz,HUMAN,0.21319251557811789
VA_2021_872c8040caf61fb77a6a2c8e3cffa4c4.html.gz,HUMAN,0.20718694335889346
