File,label,score
NJ_2021_aeccd5835629bcb26b751fd1073ce25f.html.gz,HUMAN,0.2066348488017084
NJ_2021_31b49db42b67cba4dca38ac255ad33ef.html.gz,HUMAN,0.187633829993959
NJ_2021_f84092ea93c6802b2ae9948221f70952.html.gz,HUMAN,0.19489809523094298
