File,label,score
AR_2021_f00e6860dfe911f2ae541fb4b2168544.html.gz,AI,0.8970229113611913
AR_2021_f44d93e11e6f9b159d8217debd00b64e.html.gz,AI,0.9995162869228448
AR_2021_35286856e99e3daf039fd401535f0931.html.gz,AI,0.8494462279803331
AR_2021_2e14b2020823412ad8b5e9beacd46098.html.gz,HUMAN,0.20169743983745592
AR_2021_d4bf5e21f65cbb03214b05eec2b6ce24.html.gz,HUMAN,0.2612503195919479
