File,label,score
FL_2021_926f3245a91fc0d9fd67269f7cf48bc8.html.gz,AI,0.7222794927785949
FL_2021_0b04b8cb26e51f35e55abe9c286c8d22.html.gz,HUMAN,0.21601918847836094
FL_2021_7ee9ef929eea7524d46e12aca784341c.html.gz,HUMAN,0.27618737582382646
FL_2021_5cc097f7824177cd27339191e51d2237.html.gz,HUMAN,0.18945795497698328
FL_2021_c4e075de1bfa4fcd00c5809876bf4c2f.html.gz,HUMAN,0.38356927394486634
FL_2021_fc0bb7e0529309f8c09fbaf30bf34941.html.gz,HUMAN,0.20089504439020955
FL_2021_eca58e70ee0a5629a1417272687f1ce8.html.gz,HUMAN,0.19236893287791634
FL_2021_d9c5aa6f37fa5ab2f00a9b40ff246046.html.gz,HUMAN,0.2578202853311834
FL_2021_eaab8e30d0a3c094e64c31084862c1db.html.gz,HUMAN,0.38526921816373405
