File,label,score
AK_2021_8708045803fc812eb02e2ab133acbcb6.html.gz,HUMAN,0.2153390046522638
AK_2021_8dd5ee50f7a35ab690c259967f5f305d.html.gz,HUMAN,0.3211095856670157
