File,label,score
NY_2021_f9373d4bc06320febec033f95dba4cbf.html.gz,AI,0.5669853239441037
NY_2021_7b3e7969d821608cade0d6fa63c43ac8.html.gz,HUMAN,0.21691039983818802
NY_2021_6328a85eca0004d351ccd36d02a451c6.html.gz,HUMAN,0.22810995473081264
NY_2021_ffa45ef4d279f51c627643dcf08491f4.html.gz,HUMAN,0.19551182776985268
